u,techniques,items,n_items,ratings,n_ratings
17599,"[3, 0, 0, 0, 3, 0, 0, 1, 0, 2, 0, 0, 0, 0, 0, 0, 1, 0, 0, 0, 0, 1, 0, 1, 0, 0, 0, 0, 0, 0, 0, 1, 0, 2, 0, 0, 0, 1, 0, 0, 0, 0, 2, 3, 0, 0, 0, 0, 0, 0, 0, 0, 0, 0, 0, 0, 0, 1]","[160947, 35145, 92748, 78731, 125523, 118880, 149768]",7,"[5.0, 5.0, 5.0, 5.0, 4.0, 0.0, 1.0]",7
14511,"[6, 0, 0, 1, 2, 0, 0, 0, 0, 2, 0, 0, 0, 0, 0, 0, 1, 0, 0, 1, 0, 0, 0, 0, 0, 0, 0, 0, 3, 0, 0, 0, 0, 3, 0, 0, 0, 0, 1, 0, 0, 2, 1, 1, 0, 0, 1, 0, 0, 1, 0, 0, 0, 0, 0, 1, 0, 1]","[150197, 56130, 59274, 27874, 32114, 164596]",6,"[5.0, 0.0, 5.0, 5.0, 5.0, 5.0]",6
5112,"[6, 0, 0, 4, 1, 0, 0, 0, 0, 3, 0, 0, 0, 0, 0, 0, 1, 0, 0, 0, 0, 0, 0, 0, 0, 0, 0, 1, 3, 1, 0, 0, 0, 2, 0, 0, 0, 0, 0, 0, 0, 0, 0, 0, 0, 0, 2, 0, 0, 0, 0, 0, 0, 0, 0, 1, 2, 0]","[13104, 62566, 59812, 73956, 100101, 11152, 81012, 90677, 77616, 159832]",10,"[5.0, 5.0, 5.0, 5.0, 4.0, 5.0, 5.0, 5.0, 5.0, 5.0]",10
7844,"[8, 0, 0, 2, 4, 0, 0, 0, 0, 5, 1, 0, 0, 0, 0, 0, 2, 0, 0, 0, 0, 2, 1, 1, 1, 0, 0, 1, 4, 0, 0, 0, 0, 4, 0, 1, 0, 0, 3, 0, 0, 1, 4, 5, 0, 0, 2, 0, 0, 1, 0, 0, 0, 5, 0, 3, 0, 2]","[175176, 152542, 147180, 53003, 109508, 86852, 48887, 155126, 80222, 87035, 46468, 43748, 8524, 177862, 39511, 4673]",16,"[5.0, 4.0, 5.0, 4.0, 4.0, 5.0, 4.0, 5.0, 5.0, 5.0, 5.0, 5.0, 5.0, 4.0, 4.0, 5.0]",16
24294,"[1, 0, 0, 2, 0, 0, 0, 0, 0, 3, 0, 0, 0, 0, 0, 0, 0, 0, 0, 0, 0, 1, 0, 0, 0, 0, 0, 0, 0, 0, 0, 0, 0, 1, 0, 0, 1, 0, 1, 0, 0, 0, 0, 0, 0, 0, 0, 0, 0, 0, 0, 0, 0, 0, 0, 4, 0, 2]","[177293, 126659, 159829, 75425, 105416, 101003]",6,"[5.0, 5.0, 5.0, 5.0, 5.0, 2.0]",6
346,"[17, 0, 0, 0, 4, 0, 0, 0, 0, 12, 4, 0, 0, 0, 0, 0, 4, 0, 0, 3, 0, 2, 1, 0, 0, 0, 0, 2, 10, 0, 0, 0, 0, 13, 0, 1, 2, 1, 0, 0, 0, 0, 1, 3, 2, 1, 5, 0, 0, 1, 0, 1, 0, 2, 0, 2, 0, 1]","[76271, 56270, 16150, 61823, 55772, 138, 144043, 33337, 83563, 116133, 32036, 55348, 106990, 2404, 43748, 34353, 46812, 98209, 29452, 35665, 89113, 46641, 92748, 33338, 120123, 64188, 66500, 62768, 145641, 153014, 34355]",31,"[5.0, 5.0, 4.0, 5.0, 5.0, 5.0, 5.0, 5.0, 5.0, 3.0, 0.0, 5.0, 5.0, 5.0, 5.0, 0.0, 5.0, 5.0, 4.0, 0.0, 0.0, 0.0, 0.0, 0.0, 5.0, 5.0, 0.0, 5.0, 5.0, 5.0, 4.0]",31
8128,"[23, 1, 0, 9, 9, 0, 0, 5, 0, 18, 0, 2, 0, 0, 3, 0, 12, 0, 0, 1, 4, 0, 0, 2, 2, 0, 2, 3, 8, 3, 0, 2, 1, 13, 0, 1, 8, 2, 4, 0, 0, 2, 6, 9, 0, 1, 8, 2, 0, 1, 0, 2, 0, 2, 10, 7, 1, 7]","[147589, 9415, 4924, 10707, 59607, 165640, 146179, 74663, 45530, 92682, 145275, 150692, 114223, 155711, 88944, 43435, 49042, 35784, 8846, 118510, 27143, 66520, 128052, 134971, 130737, 55596, 93053, 13980, 134177, 32425, 131868, 115570, 52016, 138678, 66585, 64797, 46069, 119919, 49157, 160031, 54511, 154598, 97922, 59511, 131037, 41211, 78186, 130947, 143456, 153688, 47805, 135837, 65135, 136999, 52984, 54513, 69438, 141931, 10112, 75986, 92454, 12475]",62,"[4.0, 5.0, 5.0, 5.0, 5.0, 3.0, 4.0, 5.0, 5.0, 4.0, 5.0, 4.0, 0.0, 4.0, 0.0, 4.0, 5.0, 5.0, 5.0, 5.0, 5.0, 3.0, 5.0, 4.0, 5.0, 5.0, 5.0, 5.0, 5.0, 5.0, 4.0, 5.0, 5.0, 5.0, 5.0, 5.0, 5.0, 5.0, 5.0, 1.0, 4.0, 3.0, 5.0, 5.0, 5.0, 0.0, 4.0, 4.0, 4.0, 5.0, 5.0, 5.0, 5.0, 5.0, 0.0, 5.0, 5.0, 4.0, 5.0, 4.0, 5.0, 5.0]",62
20774,"[2, 0, 1, 1, 6, 0, 1, 0, 0, 3, 0, 0, 0, 0, 2, 0, 4, 0, 0, 0, 0, 0, 0, 0, 1, 0, 0, 0, 0, 0, 0, 0, 0, 1, 0, 0, 2, 1, 0, 0, 0, 0, 3, 1, 0, 0, 1, 0, 0, 1, 0, 0, 0, 0, 0, 1, 0, 1]","[37301, 130681, 43692, 35745, 168094, 45933, 171111, 90740, 146520]",9,"[5.0, 1.0, 5.0, 4.0, 5.0, 4.0, 5.0, 4.0, 4.0]",9
10628,"[22, 0, 0, 12, 15, 0, 0, 2, 0, 20, 3, 1, 0, 0, 0, 0, 15, 0, 0, 3, 7, 1, 0, 2, 0, 0, 3, 2, 11, 0, 0, 0, 0, 13, 0, 1, 8, 6, 4, 1, 0, 2, 9, 11, 0, 1, 2, 1, 0, 1, 0, 0, 0, 4, 3, 7, 3, 4]","[103526, 23538, 43108, 72253, 48591, 97448, 52463, 169903, 125648, 37450, 110079, 28426, 26845, 117899, 53888, 45478, 28469, 154564, 68651, 143216, 139655, 7673, 35391, 112648, 156221, 62113, 45418, 36831, 102888, 19989, 34884, 127000, 99787, 56425, 120869, 22322, 71665, 138882, 66593, 83133, 7875, 124789, 128227, 104859, 129214, 19634, 166139, 97711, 98884, 161211, 135604, 134610, 169138, 110493, 158667, 122960, 59987, 153514, 140898, 132075]",60,"[5.0, 5.0, 4.0, 5.0, 5.0, 5.0, 0.0, 5.0, 4.0, 5.0, 2.0, 5.0, 5.0, 5.0, 5.0, 5.0, 4.0, 5.0, 5.0, 4.0, 5.0, 5.0, 4.0, 5.0, 5.0, 5.0, 4.0, 3.0, 5.0, 5.0, 4.0, 5.0, 4.0, 5.0, 5.0, 5.0, 5.0, 5.0, 5.0, 5.0, 5.0, 5.0, 5.0, 5.0, 5.0, 5.0, 4.0, 5.0, 5.0, 5.0, 5.0, 5.0, 5.0, 5.0, 5.0, 5.0, 5.0, 5.0, 5.0, 5.0]",60
6258,"[18, 2, 0, 4, 14, 1, 0, 0, 0, 10, 0, 1, 0, 0, 1, 0, 8, 0, 0, 1, 9, 1, 0, 2, 1, 0, 0, 5, 5, 0, 0, 0, 0, 10, 0, 1, 4, 1, 6, 0, 0, 1, 16, 4, 0, 0, 4, 1, 0, 2, 0, 1, 0, 4, 1, 3, 2, 3]","[57207, 38758, 130357, 139025, 140095, 33269, 56425, 165893, 123847, 135961, 114795, 80236, 28705, 37348, 103681, 124559, 142729, 113644, 97459, 617, 56419, 71313, 10170, 78028, 93685, 155665, 85169, 85697, 176688, 157081, 50293, 103488, 110050, 19465, 61938, 67375, 154154, 21618, 9779, 37994, 116180, 117469, 174331]",43,"[5.0, 5.0, 5.0, 5.0, 5.0, 4.0, 5.0, 4.0, 4.0, 5.0, 5.0, 5.0, 5.0, 5.0, 5.0, 4.0, 5.0, 5.0, 5.0, 5.0, 5.0, 5.0, 5.0, 5.0, 5.0, 5.0, 5.0, 5.0, 4.0, 5.0, 5.0, 5.0, 5.0, 5.0, 5.0, 5.0, 5.0, 5.0, 5.0, 5.0, 5.0, 5.0, 0.0]",43
18379,"[4, 0, 0, 0, 1, 0, 0, 0, 0, 1, 0, 0, 0, 0, 0, 0, 2, 0, 0, 1, 1, 1, 0, 0, 0, 0, 0, 0, 1, 0, 0, 0, 0, 3, 0, 0, 0, 0, 1, 0, 0, 0, 1, 0, 0, 0, 0, 0, 0, 0, 0, 0, 0, 2, 0, 0, 1, 0]","[140010, 98739, 25594, 43378, 108485, 51784]",6,"[5.0, 5.0, 0.0, 5.0, 5.0, 5.0]",6
18649,"[2, 0, 0, 0, 2, 0, 0, 0, 0, 3, 0, 0, 0, 0, 0, 0, 0, 0, 0, 1, 0, 0, 0, 1, 0, 0, 1, 0, 2, 0, 0, 0, 0, 3, 0, 0, 0, 0, 2, 0, 0, 0, 2, 2, 0, 0, 0, 0, 0, 0, 0, 0, 0, 0, 0, 0, 0, 1]","[36359, 86066, 26404, 106153, 146874, 87567, 144529]",7,"[4.0, 3.0, 4.0, 5.0, 3.0, 4.0, 4.0]",7
4725,"[5, 0, 0, 1, 3, 0, 0, 1, 0, 2, 1, 1, 0, 0, 0, 0, 5, 0, 0, 1, 2, 1, 0, 3, 2, 0, 0, 2, 2, 1, 0, 0, 0, 6, 0, 0, 1, 1, 2, 0, 0, 1, 0, 3, 0, 0, 0, 0, 0, 1, 0, 0, 0, 1, 1, 5, 0, 3]","[154130, 36216, 64015, 164861, 149712, 55422, 78505, 58653, 53699, 80312, 7938, 144161, 23795, 34154, 51557, 2125, 173878]",17,"[4.0, 4.0, 5.0, 5.0, 5.0, 4.0, 4.0, 3.0, 5.0, 5.0, 5.0, 5.0, 4.0, 5.0, 0.0, 5.0, 5.0]",17
2918,"[41, 2, 0, 18, 25, 0, 0, 4, 2, 21, 0, 2, 2, 0, 2, 0, 27, 0, 0, 2, 17, 2, 0, 9, 1, 0, 2, 4, 24, 6, 0, 1, 1, 32, 0, 4, 9, 5, 8, 0, 0, 3, 15, 12, 0, 2, 14, 2, 0, 5, 0, 3, 0, 8, 6, 12, 1, 12]","[153531, 109560, 56425, 131655, 66927, 161510, 54197, 69708, 80295, 147595, 123896, 12905, 44756, 1133, 172824, 84999, 106866, 84115, 9542, 34472, 121692, 71391, 51948, 162320, 43974, 82222, 120904, 63470, 51816, 158789, 121161, 104235, 29131, 134643, 77766, 11568, 59296, 161342, 156827, 154310, 68153, 134122, 121910, 39813, 46028, 40788, 72571, 127133, 27361, 106257, 165528, 120867, 166896, 106416, 157989, 49913, 73026, 142093, 165876, 62046, 147275, 68553, 81706, 177418, 47895, 163366, 143012, 57158, 141340, 12247, 11246, 73844, 123150, 99147, 4630, 68907, 95235, 91861, 144921, 71217, 106115, 107599, 125912, 23059, 55440, 103892, 2607, 3172, 109869, 79842, 105612, 167910, 85594, 139130, 85332, 112034, 43941, 155135, 107541, 112492, 150699, 137840, 134446, 91771, 12573, 49672, 10615, 23709, 157622, 116891]",110,"[5.0, 5.0, 5.0, 4.0, 5.0, 5.0, 5.0, 3.0, 5.0, 5.0, 4.0, 4.0, 4.0, 4.0, 5.0, 5.0, 5.0, 4.0, 4.0, 5.0, 4.0, 3.0, 3.0, 5.0, 4.0, 4.0, 3.0, 5.0, 5.0, 2.0, 4.0, 4.0, 4.0, 4.0, 5.0, 5.0, 4.0, 5.0, 3.0, 5.0, 4.0, 3.0, 3.0, 5.0, 4.0, 4.0, 4.0, 4.0, 4.0, 4.0, 5.0, 3.0, 4.0, 4.0, 4.0, 3.0, 5.0, 4.0, 5.0, 3.0, 4.0, 5.0, 5.0, 5.0, 5.0, 4.0, 5.0, 5.0, 3.0, 5.0, 4.0, 5.0, 2.0, 4.0, 3.0, 4.0, 5.0, 5.0, 5.0, 5.0, 4.0, 5.0, 5.0, 5.0, 4.0, 5.0, 4.0, 4.0, 4.0, 5.0, 4.0, 3.0, 4.0, 4.0, 4.0, 4.0, 4.0, 5.0, 5.0, 4.0, 4.0, 5.0, 5.0, 4.0, 5.0, 4.0, 4.0, 4.0, 5.0, 5.0]",110
16353,"[7, 0, 0, 1, 0, 0, 0, 0, 0, 3, 1, 0, 0, 0, 0, 0, 0, 0, 0, 0, 1, 0, 0, 0, 0, 0, 0, 0, 2, 0, 0, 0, 0, 4, 0, 0, 1, 0, 2, 0, 0, 2, 1, 0, 0, 0, 0, 0, 0, 0, 1, 0, 0, 1, 0, 0, 1, 1]","[78100, 85042, 28774, 126616, 121684, 114804, 45833, 143117, 119077, 18179]",10,"[5.0, 5.0, 5.0, 5.0, 5.0, 5.0, 5.0, 5.0, 5.0, 5.0]",10
6731,"[21, 0, 0, 5, 5, 0, 0, 2, 0, 18, 0, 0, 0, 0, 0, 0, 3, 0, 0, 3, 1, 1, 1, 2, 1, 0, 0, 0, 5, 0, 0, 0, 0, 16, 0, 1, 0, 0, 1, 1, 0, 2, 1, 2, 1, 0, 3, 0, 0, 1, 0, 0, 0, 2, 2, 1, 1, 5]","[141200, 34551, 156328, 3984, 172604, 161770, 131015, 73381, 103956, 162557, 102720, 39611, 151159, 67255, 97590, 118826, 155462, 3660, 154511, 131089, 110864, 170171, 59782, 140405, 176882, 127506, 47005, 168476, 131938]",29,"[4.0, 5.0, 5.0, 5.0, 5.0, 4.0, 5.0, 5.0, 5.0, 3.0, 5.0, 5.0, 3.0, 5.0, 5.0, 5.0, 5.0, 5.0, 4.0, 5.0, 5.0, 5.0, 5.0, 5.0, 5.0, 5.0, 5.0, 5.0, 5.0]",29
14217,"[6, 0, 0, 2, 2, 0, 0, 2, 0, 8, 1, 0, 0, 0, 0, 0, 1, 0, 0, 1, 2, 0, 0, 1, 0, 0, 1, 0, 2, 0, 0, 0, 0, 6, 0, 0, 2, 1, 4, 0, 0, 0, 2, 2, 2, 0, 1, 0, 0, 0, 0, 0, 0, 2, 0, 0, 0, 0]","[100538, 77273, 156805, 128463, 164169, 93209, 13543, 151164, 137561, 63382, 33136, 70086, 150428, 97534, 101202, 112561]",16,"[5.0, 5.0, 5.0, 4.0, 4.0, 5.0, 4.0, 5.0, 5.0, 5.0, 5.0, 3.0, 5.0, 5.0, 5.0, 2.0]",16
4774,"[11, 0, 0, 2, 5, 0, 0, 2, 0, 11, 1, 2, 0, 0, 1, 0, 10, 0, 0, 1, 6, 2, 0, 5, 0, 0, 3, 1, 5, 2, 0, 2, 0, 8, 0, 2, 6, 1, 5, 0, 1, 0, 4, 12, 2, 0, 2, 1, 0, 1, 0, 0, 0, 0, 1, 5, 0, 3]","[6061, 166208, 127227, 91365, 39908, 61878, 156398, 65724, 53417, 18159, 42154, 33856, 62176, 64620, 59137, 142371, 164107, 75307, 59063, 12448, 36637, 83060, 93166, 80121, 129779, 143240, 167743, 51784, 34462, 28265, 99452, 946, 45833, 114312, 110532, 77620, 98523, 120724, 111684, 101112, 85496, 55115, 99939]",43,"[5.0, 5.0, 5.0, 5.0, 5.0, 3.0, 5.0, 5.0, 5.0, 5.0, 5.0, 5.0, 5.0, 5.0, 5.0, 5.0, 5.0, 5.0, 5.0, 4.0, 5.0, 0.0, 5.0, 5.0, 4.0, 5.0, 0.0, 5.0, 4.0, 0.0, 5.0, 5.0, 5.0, 5.0, 5.0, 4.0, 5.0, 5.0, 5.0, 5.0, 4.0, 5.0, 5.0]",43
21379,"[2, 0, 0, 1, 2, 0, 0, 0, 0, 1, 0, 1, 0, 0, 0, 0, 1, 0, 0, 0, 1, 1, 0, 0, 1, 0, 0, 0, 3, 0, 0, 0, 0, 2, 0, 0, 1, 2, 0, 0, 0, 1, 1, 3, 0, 0, 0, 0, 0, 0, 0, 0, 0, 0, 0, 2, 0, 1]","[37450, 51508, 160300, 51561, 52713, 133543, 39308]",7,"[5.0, 5.0, 5.0, 5.0, 5.0, 5.0, 5.0]",7
16638,"[3, 0, 0, 0, 2, 0, 0, 0, 0, 3, 0, 0, 0, 0, 0, 0, 0, 0, 0, 0, 2, 0, 0, 0, 0, 0, 0, 0, 3, 0, 0, 0, 0, 2, 0, 0, 0, 0, 1, 0, 0, 0, 1, 2, 0, 0, 1, 0, 0, 0, 0, 0, 0, 1, 1, 0, 0, 0]","[53363, 59187, 86376, 19165, 86623, 92132]",6,"[5.0, 5.0, 5.0, 5.0, 5.0, 2.0]",6
11128,"[5, 0, 0, 1, 0, 0, 0, 0, 0, 3, 0, 0, 0, 0, 0, 0, 0, 0, 0, 0, 0, 0, 0, 0, 0, 0, 0, 0, 2, 0, 0, 0, 0, 4, 0, 0, 0, 0, 2, 0, 0, 0, 0, 1, 0, 0, 0, 0, 0, 1, 0, 0, 0, 1, 0, 0, 0, 0]","[63482, 153540, 33338, 50909, 164203, 2949]",6,"[5.0, 3.0, 5.0, 5.0, 2.0, 5.0]",6
6395,"[15, 0, 0, 5, 13, 0, 0, 0, 0, 12, 2, 2, 0, 0, 0, 0, 5, 0, 0, 2, 3, 3, 0, 0, 0, 0, 1, 3, 4, 3, 0, 0, 0, 9, 0, 1, 3, 2, 3, 0, 0, 2, 8, 4, 0, 0, 5, 1, 0, 1, 0, 2, 0, 3, 0, 5, 1, 3]","[58918, 165036, 92016, 159987, 99538, 175726, 119876, 27908, 3332, 48926, 81641, 139822, 145641, 92497, 118259, 124230, 161661, 70585, 92506, 105589, 134004, 105392, 76669, 37832, 94653, 71534, 97980, 113515, 38896, 120534, 156079, 106714, 4675, 148376, 99787, 87424, 174036, 64155, 132951, 90709, 75763, 55772, 8126]",43,"[5.0, 5.0, 5.0, 5.0, 1.0, 5.0, 5.0, 5.0, 5.0, 5.0, 5.0, 5.0, 5.0, 5.0, 5.0, 2.0, 5.0, 5.0, 5.0, 5.0, 5.0, 5.0, 5.0, 4.0, 5.0, 5.0, 5.0, 5.0, 5.0, 5.0, 5.0, 5.0, 5.0, 3.0, 5.0, 5.0, 5.0, 5.0, 5.0, 5.0, 5.0, 5.0, 5.0]",43
2784,"[39, 0, 0, 29, 24, 0, 0, 8, 0, 46, 2, 4, 0, 1, 2, 0, 20, 0, 0, 21, 7, 2, 0, 16, 0, 0, 5, 4, 21, 6, 0, 3, 0, 28, 0, 3, 24, 2, 5, 0, 0, 1, 12, 20, 2, 1, 15, 5, 0, 1, 0, 13, 0, 5, 8, 13, 3, 13]","[162458, 141690, 162027, 129330, 146289, 114745, 52221, 48618, 153663, 148091, 131195, 110923, 7601, 65703, 72732, 82073, 13490, 54412, 168495, 41164, 50456, 112635, 56754, 170063, 130766, 120144, 153561, 38237, 121189, 75337, 71703, 157953, 33077, 150415, 122963, 33284, 156790, 109530, 175593, 91906, 53149, 3392, 82934, 113525, 43885, 89333, 25718, 96079, 132823, 27001, 151797, 92279, 150021, 69976, 178235, 117028, 5299, 35893, 23240, 159618, 32888, 149214, 151504, 37493, 88693, 11562, 161218, 25282, 1477, 62212, 67179, 132498, 122101, 115404, 93599, 150304, 69781, 12004, 39661, 85895, 145154, 131885, 2586, 85581, 20137, 66886, 91947, 152062, 177401, 101676, 93781, 96776, 72891, 143356, 95455, 86268, 157287, 48425, 47203, 3314, 33860, 121575, 37802, 64246, 45478, 34349, 85946, 151967, 121737, 63168, 123722, 74035, 10790, 14667, 84147, 20249, 98245, 112244, 12070, 106823, 55835, 75497, 56482, 50344, 125355, 97588, 20130, 165285, 68922, 72795, 88927, 154937, 74960, 72526, 69210, 31100, 151628, 95709, 1061, 119237, 65052, 23787, 104420, 44412, 26445, 27822, 77688, 42242, 97946, 115609]",150,"[5.0, 5.0, 3.0, 5.0, 5.0, 5.0, 3.0, 5.0, 4.0, 5.0, 5.0, 5.0, 3.0, 3.0, 5.0, 3.0, 5.0, 5.0, 3.0, 4.0, 5.0, 3.0, 3.0, 4.0, 5.0, 5.0, 5.0, 4.0, 5.0, 5.0, 5.0, 3.0, 5.0, 5.0, 5.0, 5.0, 5.0, 5.0, 5.0, 5.0, 5.0, 5.0, 5.0, 5.0, 5.0, 5.0, 5.0, 5.0, 4.0, 5.0, 5.0, 5.0, 5.0, 0.0, 3.0, 5.0, 5.0, 5.0, 5.0, 5.0, 5.0, 5.0, 5.0, 5.0, 5.0, 5.0, 5.0, 5.0, 5.0, 5.0, 5.0, 5.0, 5.0, 4.0, 5.0, 5.0, 5.0, 5.0, 5.0, 5.0, 5.0, 3.0, 5.0, 4.0, 5.0, 5.0, 5.0, 5.0, 5.0, 5.0, 5.0, 4.0, 4.0, 5.0, 5.0, 3.0, 5.0, 5.0, 5.0, 5.0, 5.0, 5.0, 5.0, 3.0, 5.0, 4.0, 5.0, 5.0, 5.0, 5.0, 5.0, 5.0, 5.0, 5.0, 5.0, 5.0, 5.0, 3.0, 4.0, 5.0, 5.0, 5.0, 5.0, 4.0, 5.0, 5.0, 5.0, 5.0, 5.0, 5.0, 5.0, 4.0, 5.0, 0.0, 5.0, 5.0, 5.0, 5.0, 5.0, 5.0, 5.0, 5.0, 5.0, 5.0, 5.0, 5.0, 5.0, 5.0, 5.0, 5.0]",150
20198,"[5, 0, 0, 1, 0, 0, 0, 0, 0, 3, 0, 0, 0, 0, 0, 0, 1, 0, 0, 0, 2, 1, 0, 0, 0, 0, 0, 0, 1, 1, 0, 0, 0, 2, 0, 0, 1, 2, 0, 0, 0, 0, 0, 1, 0, 0, 0, 0, 0, 0, 0, 0, 0, 0, 0, 0, 0, 1]","[77430, 151051, 74380, 53200, 32977, 73843, 68533]",7,"[5.0, 5.0, 5.0, 5.0, 5.0, 5.0, 5.0]",7
17384,"[11, 0, 0, 1, 10, 0, 0, 0, 0, 5, 0, 0, 0, 0, 0, 0, 5, 0, 0, 2, 2, 1, 0, 1, 0, 0, 0, 2, 3, 0, 0, 0, 0, 6, 0, 1, 6, 2, 2, 0, 0, 0, 5, 3, 0, 0, 5, 0, 0, 1, 0, 0, 0, 2, 1, 0, 4, 2]","[63881, 99430, 157752, 150747, 93054, 50569, 165214, 149428, 103884, 93560, 149855, 115520, 108537, 97526, 42031, 147730, 51089, 31155, 175639, 113615, 66315, 21533]",22,"[4.0, 4.0, 5.0, 4.0, 5.0, 5.0, 5.0, 5.0, 5.0, 4.0, 5.0, 5.0, 5.0, 0.0, 0.0, 5.0, 1.0, 2.0, 5.0, 5.0, 2.0, 5.0]",22
8475,"[9, 0, 0, 1, 3, 0, 0, 1, 0, 5, 0, 0, 0, 0, 1, 0, 0, 0, 0, 0, 1, 0, 0, 1, 0, 0, 1, 0, 3, 0, 0, 0, 0, 6, 0, 0, 1, 0, 1, 0, 0, 0, 3, 3, 0, 0, 1, 0, 0, 0, 0, 0, 0, 3, 1, 2, 1, 1]","[170050, 122995, 75825, 40174, 71871, 126504, 27854, 20970, 103316, 129308, 158070, 94710, 150876, 124336, 125208, 5193]",16,"[5.0, 5.0, 5.0, 5.0, 5.0, 5.0, 5.0, 5.0, 5.0, 5.0, 5.0, 5.0, 5.0, 5.0, 5.0, 5.0]",16
14341,"[6, 0, 0, 0, 5, 0, 0, 0, 2, 7, 0, 1, 0, 0, 1, 0, 2, 0, 0, 2, 1, 1, 0, 0, 0, 0, 0, 0, 5, 2, 0, 0, 0, 4, 0, 0, 5, 0, 2, 0, 0, 1, 2, 0, 0, 0, 4, 0, 0, 0, 0, 0, 0, 0, 0, 1, 2, 1]","[113657, 129495, 135961, 153429, 43297, 99653, 126374, 100269, 108289, 13778, 164131, 10316, 85443, 46132, 33272, 61720, 107375]",17,"[5.0, 5.0, 4.0, 5.0, 5.0, 4.0, 5.0, 3.0, 5.0, 5.0, 5.0, 5.0, 5.0, 5.0, 5.0, 5.0, 5.0]",17
11287,"[15, 0, 0, 1, 7, 1, 1, 1, 0, 12, 0, 1, 0, 0, 0, 0, 3, 0, 0, 0, 3, 1, 0, 1, 0, 0, 1, 1, 7, 0, 0, 0, 0, 9, 0, 0, 3, 2, 6, 1, 0, 0, 6, 6, 0, 0, 2, 0, 0, 1, 0, 0, 0, 2, 1, 3, 0, 1]","[45649, 116201, 87406, 108728, 103088, 174457, 77225, 103369, 110813, 46425, 123808, 51622, 138882, 62918, 134051, 143385, 8525, 50841, 23802, 173549, 45267, 97448, 127852, 95309, 129214, 73585, 173448, 126064, 118418]",29,"[4.0, 5.0, 5.0, 5.0, 5.0, 5.0, 5.0, 4.0, 5.0, 4.0, 5.0, 5.0, 5.0, 5.0, 5.0, 5.0, 5.0, 5.0, 5.0, 5.0, 5.0, 5.0, 5.0, 5.0, 5.0, 5.0, 5.0, 5.0, 5.0]",29
13089,"[3, 0, 0, 0, 1, 0, 0, 0, 0, 0, 0, 0, 0, 0, 0, 0, 1, 0, 0, 0, 1, 1, 0, 0, 0, 0, 0, 1, 0, 0, 0, 0, 0, 1, 0, 0, 0, 0, 2, 0, 0, 0, 1, 0, 0, 0, 0, 0, 0, 0, 0, 0, 0, 0, 0, 0, 1, 0]","[82370, 127109, 26845, 11476, 42615, 82965]",6,"[5.0, 5.0, 5.0, 5.0, 5.0, 5.0]",6
12524,"[21, 0, 0, 8, 2, 0, 0, 1, 1, 18, 0, 1, 0, 1, 0, 0, 4, 0, 0, 1, 4, 2, 0, 2, 0, 0, 2, 1, 8, 1, 0, 0, 0, 11, 0, 0, 4, 1, 2, 0, 0, 2, 3, 6, 0, 0, 7, 2, 0, 0, 0, 0, 0, 1, 0, 5, 1, 2]","[144458, 74633, 46490, 32036, 48405, 163625, 149428, 154220, 174298, 147374, 149687, 82666, 125939, 120091, 146548, 176215, 111899, 141735, 37086, 21213, 143836, 155867, 161985, 148324, 147507, 121514, 113211, 52505, 68803, 142963, 178048, 10452, 109305, 97711, 11933]",35,"[5.0, 5.0, 4.0, 5.0, 5.0, 5.0, 5.0, 4.0, 5.0, 5.0, 5.0, 5.0, 5.0, 5.0, 5.0, 5.0, 5.0, 5.0, 5.0, 5.0, 5.0, 0.0, 5.0, 5.0, 5.0, 4.0, 5.0, 5.0, 5.0, 5.0, 5.0, 5.0, 5.0, 5.0, 0.0]",35
12757,"[6, 0, 0, 2, 2, 0, 0, 0, 0, 3, 0, 0, 0, 0, 0, 0, 1, 0, 0, 1, 0, 0, 0, 0, 0, 0, 0, 1, 1, 1, 0, 0, 0, 4, 0, 1, 0, 0, 1, 0, 0, 1, 1, 1, 0, 0, 0, 0, 0, 0, 1, 0, 0, 2, 1, 0, 1, 1]","[137608, 113735, 47424, 33816, 32186, 49384, 56425, 90916, 41635, 10949, 11405, 137678]",12,"[4.0, 5.0, 5.0, 5.0, 5.0, 5.0, 5.0, 5.0, 5.0, 4.0, 5.0, 5.0]",12
19822,"[3, 0, 0, 1, 2, 0, 0, 0, 0, 1, 0, 0, 0, 0, 0, 0, 1, 0, 0, 1, 0, 0, 0, 1, 0, 0, 0, 1, 1, 0, 0, 0, 0, 1, 0, 0, 0, 0, 0, 0, 0, 0, 2, 1, 0, 0, 0, 0, 0, 0, 0, 0, 0, 0, 0, 1, 0, 0]","[55521, 113007, 31719, 57207, 113716, 152487]",6,"[5.0, 4.0, 5.0, 5.0, 5.0, 5.0]",6
11130,"[10, 0, 0, 5, 2, 0, 0, 0, 0, 8, 0, 0, 0, 0, 0, 0, 1, 0, 0, 1, 0, 0, 0, 0, 0, 0, 0, 1, 5, 0, 0, 0, 0, 8, 0, 0, 1, 0, 3, 0, 0, 0, 3, 2, 0, 0, 3, 0, 0, 1, 0, 0, 0, 0, 0, 2, 0, 2]","[2949, 97958, 124902, 174662, 140898, 109557, 80357, 72857, 118169, 174702, 23918, 86173, 31840, 155752, 90652, 110470]",16,"[5.0, 5.0, 5.0, 4.0, 5.0, 4.0, 5.0, 5.0, 5.0, 5.0, 5.0, 5.0, 5.0, 5.0, 5.0, 5.0]",16
20597,"[3, 0, 0, 2, 2, 0, 0, 0, 0, 1, 0, 0, 0, 0, 0, 0, 1, 0, 0, 0, 0, 0, 0, 0, 0, 0, 0, 0, 0, 0, 0, 0, 0, 3, 0, 0, 1, 0, 1, 0, 0, 0, 2, 1, 0, 0, 1, 0, 0, 0, 0, 0, 0, 0, 0, 2, 0, 0]","[90536, 37047, 117899, 154916, 59415, 166441]",6,"[5.0, 5.0, 3.0, 5.0, 5.0, 5.0]",6
1443,"[108, 5, 1, 45, 78, 0, 2, 5, 4, 99, 2, 6, 3, 0, 13, 0, 51, 0, 0, 7, 31, 10, 2, 19, 4, 0, 12, 11, 56, 17, 0, 2, 3, 99, 0, 8, 39, 7, 33, 1, 1, 10, 44, 47, 5, 5, 35, 8, 0, 9, 0, 7, 1, 21, 19, 36, 8, 44]","[74108, 59939, 98130, 140128, 167085, 75445, 130574, 4838, 128248, 125851, 75653, 133989, 10605, 43612, 118685, 110644, 144991, 94336, 124157, 13742, 91531, 133723, 103766, 38291, 74609, 17430, 151649, 16923, 72731, 107771, 142081, 139777, 169841, 127080, 82712, 102171, 147562, 12526, 25470, 174433, 38135, 109995, 9594, 128213, 162265, 67525, 158997, 126698, 87840, 142489, 172398, 89998, 96635, 145157, 55136, 158491, 2858, 170935, 156916, 99059, 120041, 72414, 70157, 129445, 26434, 177560, 43946, 127055, 52701, 81739, 31560, 150293, 65319, 117912, 163651, 123376, 73732, 81572, 16581, 127180, 98448, 129521, 84355, 167999, 82075, 50554, 2700, 107477, 174328, 148222, 96246, 25522, 92550, 172629, 160265, 123901, 146614, 130417, 122791, 82527, 49592, 113500, 66993, 123478, 155525, 152065, 123585, 52822, 58003, 46824, 124158, 144438, 137391, 35994, 119490, 118988, 97685, 30939, 32529, 73602, 165821, 105538, 163382, 86523, 127056, 12083, 85251, 175955, 60951, 151995, 24246, 148354, 44093, 16393, 174161, 149103, 157555, 62265, 19886, 5136, 78365, 76058, 57193, 12698, 146610, 14187, 53071, 109275, 153273, 40679, 101428, 74473, 89065, 33827, 90498, 48624, 87716, 4652, 172102, 81386, 144505, 18984, 36090, 1430, 98723, 98776, 134689, 130850, 7480, 83155, 157811, 77655, 150996, 81115, 63439, 11037, 64284, 4321, 26368, 37382, 123796, 133755, 171474, 115989, 134543, 137171, 85070, 82755, 156023, 168175, 86765, 137287, 166599, 51167, 68013, 79973, 105094, 119773, 86755, 167613, 124564, 121418, 75483, 121422, 44101, 56305, 52430, 88742, 111518, 159988, 103911, 93669, 15602, 116316, 161130, 15643, 171455, 143600, 30344, 59125, 12228, 41769, 49021, 48503, 165421, 85061, 104925, 3426, 129728, 157605, 143560, 114526, 54609, 177056, 9485, 94602, 74884, 98092, 9984, 114759, 41394, 14475, 85554, 78086, 80658, 143197, 545, 124329, 82466, 28534, 22711, 51508, 161478, 6181, 112816, 92578, 138882, 128582, 27891, 113137, 3717, 73308, 13942, 170766, 15217, 143505, 100252, 14098, 143290, 157536, 42505, 173270, 7133, 133944, 106045, 170105, 36746, 145542, 66318, 62247, 119067, 36124, 41791, 62051, 46964, 22142, 123110, 100493, 137470, 98506, 68424, 99066, 55802, 74405, 85631, 150691, 49180, 128345, 15460, 93748, 161254, 101008, 80694, 110012, 141211, 9630]",306,"[4.0, 5.0, 3.0, 5.0, 3.0, 5.0, 5.0, 4.0, 5.0, 0.0, 2.0, 4.0, 5.0, 5.0, 3.0, 5.0, 5.0, 5.0, 0.0, 4.0, 3.0, 4.0, 3.0, 5.0, 5.0, 5.0, 4.0, 5.0, 5.0, 5.0, 4.0, 5.0, 4.0, 5.0, 5.0, 4.0, 4.0, 5.0, 5.0, 5.0, 4.0, 5.0, 0.0, 5.0, 5.0, 5.0, 5.0, 5.0, 5.0, 5.0, 5.0, 0.0, 5.0, 5.0, 5.0, 4.0, 4.0, 5.0, 5.0, 4.0, 5.0, 5.0, 5.0, 5.0, 5.0, 4.0, 5.0, 5.0, 5.0, 4.0, 5.0, 4.0, 5.0, 5.0, 5.0, 4.0, 4.0, 5.0, 3.0, 5.0, 5.0, 3.0, 4.0, 4.0, 4.0, 5.0, 5.0, 5.0, 5.0, 4.0, 4.0, 4.0, 5.0, 5.0, 0.0, 5.0, 5.0, 5.0, 5.0, 5.0, 4.0, 5.0, 5.0, 5.0, 3.0, 4.0, 4.0, 5.0, 5.0, 5.0, 4.0, 5.0, 5.0, 5.0, 5.0, 5.0, 5.0, 5.0, 5.0, 4.0, 5.0, 4.0, 5.0, 5.0, 4.0, 5.0, 5.0, 4.0, 0.0, 0.0, 5.0, 4.0, 4.0, 3.0, 5.0, 4.0, 4.0, 5.0, 5.0, 5.0, 5.0, 5.0, 4.0, 4.0, 5.0, 5.0, 5.0, 5.0, 5.0, 5.0, 5.0, 5.0, 5.0, 5.0, 5.0, 4.0, 4.0, 5.0, 5.0, 4.0, 4.0, 5.0, 5.0, 4.0, 5.0, 4.0, 4.0, 3.0, 5.0, 5.0, 5.0, 4.0, 4.0, 4.0, 5.0, 5.0, 5.0, 4.0, 5.0, 5.0, 5.0, 4.0, 4.0, 5.0, 5.0, 5.0, 5.0, 4.0, 5.0, 5.0, 4.0, 5.0, 5.0, 5.0, 4.0, 5.0, 5.0, 5.0, 5.0, 5.0, 3.0, 5.0, 5.0, 4.0, 5.0, 5.0, 5.0, 5.0, 5.0, 5.0, 5.0, 4.0, 5.0, 5.0, 5.0, 5.0, 5.0, 0.0, 4.0, 4.0, 5.0, 5.0, 5.0, 5.0, 5.0, 5.0, 3.0, 5.0, 4.0, 5.0, 3.0, 5.0, 5.0, 5.0, 4.0, 5.0, 5.0, 5.0, 4.0, 5.0, 5.0, 4.0, 5.0, 5.0, 5.0, 4.0, 5.0, 5.0, 5.0, 4.0, 5.0, 5.0, 5.0, 5.0, 5.0, 5.0, 5.0, 4.0, 5.0, 4.0, 4.0, 4.0, 5.0, 5.0, 5.0, 4.0, 5.0, 5.0, 5.0, 5.0, 5.0, 4.0, 4.0, 5.0, 4.0, 5.0, 4.0, 5.0, 5.0, 5.0, 4.0, 5.0, 4.0, 5.0, 4.0, 4.0, 4.0, 5.0, 4.0, 5.0, 5.0, 4.0, 5.0, 5.0, 5.0, 5.0, 5.0, 5.0, 4.0, 5.0, 4.0, 4.0, 4.0, 5.0, 4.0, 5.0]",306
8544,"[4, 0, 0, 2, 3, 0, 0, 0, 0, 7, 4, 1, 0, 0, 0, 0, 5, 0, 0, 0, 1, 1, 0, 1, 1, 0, 1, 0, 2, 1, 0, 0, 0, 6, 0, 0, 1, 1, 0, 0, 0, 1, 4, 5, 1, 0, 2, 0, 0, 1, 1, 0, 0, 1, 1, 2, 1, 1]","[145870, 61296, 157879, 115844, 106097, 67049, 12645, 121511, 14774, 5289, 97109, 174510, 130591, 39011, 89471, 164417]",16,"[5.0, 4.0, 5.0, 5.0, 4.0, 5.0, 5.0, 5.0, 5.0, 5.0, 2.0, 5.0, 5.0, 4.0, 5.0, 5.0]",16
6139,"[4, 0, 0, 1, 5, 0, 0, 0, 0, 3, 1, 0, 0, 0, 0, 0, 5, 0, 0, 0, 0, 2, 0, 2, 0, 0, 0, 0, 2, 0, 0, 0, 0, 4, 0, 1, 0, 1, 3, 0, 0, 0, 4, 3, 1, 0, 1, 0, 0, 0, 0, 0, 0, 2, 2, 1, 0, 2]","[34573, 134932, 39101, 76933, 177721, 99167, 52582, 165192, 159285, 135159, 154936, 3165, 49312, 153735]",14,"[4.0, 5.0, 5.0, 4.0, 4.0, 4.0, 4.0, 5.0, 5.0, 5.0, 5.0, 5.0, 5.0, 5.0]",14
7637,"[8, 1, 0, 5, 5, 0, 0, 0, 0, 8, 4, 0, 0, 0, 0, 0, 3, 0, 0, 0, 0, 1, 0, 1, 0, 0, 1, 1, 4, 1, 0, 0, 0, 8, 0, 0, 2, 1, 0, 0, 0, 1, 3, 3, 0, 0, 1, 1, 0, 0, 0, 0, 0, 1, 0, 1, 2, 2]","[45812, 28552, 40022, 4442, 104447, 73956, 144664, 102226, 87854, 175462, 171700, 12983, 114954, 48936, 31827, 90467, 125939, 143537]",18,"[2.0, 2.0, 1.0, 1.0, 0.0, 2.0, 0.0, 1.0, 5.0, 0.0, 0.0, 2.0, 1.0, 0.0, 0.0, 0.0, 0.0, 1.0]",18
581,"[13, 0, 0, 8, 9, 0, 1, 3, 0, 15, 0, 0, 0, 2, 0, 0, 4, 0, 0, 3, 2, 1, 1, 5, 3, 0, 3, 1, 7, 1, 0, 0, 0, 13, 0, 2, 4, 0, 1, 0, 0, 2, 9, 6, 0, 0, 4, 2, 0, 0, 0, 1, 0, 3, 1, 8, 2, 3]","[201, 9917, 29312, 32128, 74284, 155688, 39958, 32855, 106973, 5076, 89888, 83108, 11087, 11406, 48821, 42383, 147118, 45946, 94684, 162913, 161263, 6061, 42988, 127080, 107406, 29638, 148114, 84033, 70745, 67365, 39032, 16503, 112411, 74797, 155351, 10887, 150946, 164596, 1984, 64847]",40,"[5.0, 5.0, 4.0, 4.0, 5.0, 4.0, 5.0, 5.0, 5.0, 5.0, 5.0, 5.0, 5.0, 5.0, 4.0, 5.0, 5.0, 5.0, 5.0, 5.0, 5.0, 5.0, 5.0, 5.0, 5.0, 5.0, 5.0, 5.0, 4.0, 2.0, 4.0, 4.0, 4.0, 5.0, 4.0, 5.0, 5.0, 5.0, 5.0, 5.0]",40
17425,"[3, 0, 0, 2, 9, 0, 0, 0, 1, 5, 1, 3, 0, 0, 0, 0, 5, 0, 0, 0, 2, 0, 0, 1, 0, 0, 1, 1, 1, 0, 0, 0, 0, 7, 0, 0, 1, 1, 4, 0, 0, 0, 7, 9, 1, 0, 0, 1, 0, 2, 0, 0, 0, 4, 1, 5, 0, 3]","[96738, 92383, 111720, 104088, 50212, 104670, 107364, 76039, 31840, 156034, 147567, 164101, 103632, 132524, 92533, 21669, 55322, 60982, 46720, 116718, 53729, 126535, 60148, 115520]",24,"[4.0, 5.0, 5.0, 5.0, 5.0, 4.0, 5.0, 4.0, 5.0, 5.0, 5.0, 4.0, 5.0, 5.0, 5.0, 5.0, 5.0, 5.0, 5.0, 5.0, 5.0, 5.0, 5.0, 5.0]",24
4257,"[9, 0, 0, 3, 7, 0, 0, 1, 0, 9, 0, 1, 0, 0, 0, 0, 4, 0, 0, 0, 2, 1, 0, 5, 0, 0, 1, 1, 5, 0, 0, 0, 0, 9, 0, 0, 4, 4, 2, 0, 0, 0, 6, 2, 0, 0, 2, 0, 0, 1, 1, 0, 0, 2, 1, 1, 0, 2]","[166269, 9369, 37047, 122471, 86165, 49181, 7074, 134289, 9325, 1815, 110068, 112699, 105272, 177548, 122976, 18034, 145849, 117550, 156387, 19634, 58562, 49365, 113196, 74153]",24,"[4.0, 5.0, 0.0, 4.0, 5.0, 4.0, 4.0, 5.0, 5.0, 5.0, 5.0, 0.0, 5.0, 5.0, 5.0, 5.0, 4.0, 5.0, 4.0, 3.0, 5.0, 5.0, 5.0, 5.0]",24
17252,"[4, 1, 0, 2, 1, 0, 0, 0, 0, 3, 1, 0, 0, 0, 0, 0, 1, 0, 0, 0, 1, 0, 0, 0, 0, 0, 0, 0, 2, 0, 0, 0, 0, 1, 0, 0, 1, 0, 0, 0, 0, 0, 0, 0, 0, 0, 1, 0, 0, 0, 0, 0, 0, 1, 0, 0, 1, 0]","[171987, 51841, 134610, 153514, 101778, 30860, 21273, 149624]",8,"[4.0, 5.0, 4.0, 5.0, 5.0, 5.0, 5.0, 5.0]",8
11177,"[18, 0, 0, 4, 6, 0, 0, 0, 0, 10, 0, 1, 0, 0, 2, 0, 4, 0, 0, 1, 0, 1, 0, 0, 0, 0, 0, 1, 3, 1, 0, 0, 0, 7, 0, 0, 0, 0, 1, 0, 0, 0, 4, 1, 0, 0, 4, 0, 0, 0, 0, 0, 0, 0, 0, 1, 1, 2]","[41141, 156403, 177124, 8376, 22870, 104239, 165464, 10635, 74618, 136193, 149516, 151238, 100909, 103778, 72092, 16690, 101092, 60809, 37704, 149954]",20,"[3.0, 3.0, 3.0, 2.0, 3.0, 4.0, 4.0, 4.0, 0.0, 4.0, 4.0, 2.0, 4.0, 4.0, 4.0, 4.0, 3.0, 3.0, 4.0, 2.0]",20
6858,"[8, 0, 0, 5, 2, 0, 0, 0, 0, 5, 0, 0, 0, 0, 0, 0, 2, 0, 0, 0, 0, 1, 0, 0, 0, 0, 0, 0, 1, 0, 0, 0, 0, 1, 0, 0, 0, 1, 0, 0, 0, 0, 1, 3, 0, 0, 2, 1, 0, 0, 0, 0, 0, 0, 1, 1, 0, 2]","[164587, 139238, 120674, 150229, 16133, 95442, 3794, 57758, 137655, 36846]",10,"[4.0, 3.0, 5.0, 5.0, 4.0, 5.0, 4.0, 5.0, 4.0, 5.0]",10
6532,"[18, 1, 0, 4, 11, 0, 0, 0, 0, 16, 1, 0, 0, 0, 1, 0, 9, 0, 0, 2, 2, 1, 0, 0, 0, 0, 0, 2, 15, 3, 0, 1, 0, 8, 0, 1, 5, 1, 2, 0, 0, 1, 5, 4, 0, 0, 3, 0, 0, 0, 1, 0, 0, 3, 1, 3, 0, 3]","[171916, 32441, 121097, 41144, 10028, 3459, 6486, 37359, 171132, 176215, 111488, 107166, 29746, 114795, 15173, 87735, 66758, 90652, 89007, 168476, 168616, 65261, 90283, 79832, 134610, 123123, 96361, 106014, 31053, 58674, 92594, 35891, 81220]",33,"[5.0, 5.0, 5.0, 5.0, 5.0, 5.0, 5.0, 5.0, 5.0, 5.0, 5.0, 5.0, 5.0, 5.0, 5.0, 5.0, 5.0, 5.0, 5.0, 5.0, 5.0, 5.0, 5.0, 5.0, 4.0, 5.0, 5.0, 5.0, 5.0, 5.0, 5.0, 5.0, 5.0]",33
5278,"[4, 0, 0, 3, 8, 0, 0, 2, 0, 7, 2, 1, 0, 0, 0, 0, 2, 0, 0, 1, 0, 2, 0, 1, 0, 0, 0, 2, 6, 0, 0, 0, 0, 5, 0, 0, 2, 1, 2, 0, 0, 2, 9, 3, 0, 0, 4, 0, 0, 0, 0, 0, 0, 3, 2, 1, 4, 3]","[146225, 2506, 69399, 19634, 130120, 38699, 113429, 105011, 84437, 26987, 32391, 129505, 175462, 77962, 78551, 176663, 37359, 6452, 121494, 17682, 146147, 42168, 34236]",23,"[5.0, 5.0, 1.0, 4.0, 2.0, 4.0, 5.0, 4.0, 4.0, 4.0, 4.0, 5.0, 5.0, 4.0, 4.0, 5.0, 4.0, 5.0, 3.0, 5.0, 3.0, 4.0, 5.0]",23
5041,"[3, 0, 0, 0, 0, 0, 0, 0, 0, 5, 0, 0, 0, 0, 0, 0, 0, 0, 0, 0, 1, 0, 1, 0, 2, 0, 0, 0, 2, 0, 0, 0, 0, 2, 0, 0, 0, 0, 0, 0, 0, 0, 0, 1, 0, 0, 1, 0, 0, 0, 0, 0, 0, 0, 0, 0, 0, 0]","[97275, 66279, 82067, 167372, 157169, 2281]",6,"[0.0, 0.0, 5.0, 5.0, 0.0, 4.0]",6
1094,"[6, 0, 0, 2, 4, 0, 0, 0, 0, 5, 1, 0, 0, 0, 2, 0, 3, 0, 0, 0, 1, 0, 0, 0, 0, 0, 0, 1, 4, 1, 0, 1, 0, 5, 0, 1, 0, 1, 3, 0, 0, 0, 3, 5, 2, 0, 2, 0, 0, 2, 0, 1, 0, 1, 1, 1, 1, 0]","[66020, 105000, 42553, 56288, 157749, 27762, 96723, 142634, 372, 166074, 142989, 117899, 86111, 120632, 50909, 127080]",16,"[5.0, 2.0, 5.0, 4.0, 0.0, 4.0, 5.0, 4.0, 4.0, 4.0, 4.0, 5.0, 4.0, 4.0, 4.0, 5.0]",16
19306,"[9, 0, 0, 1, 2, 0, 0, 1, 0, 6, 0, 2, 0, 0, 3, 0, 4, 0, 0, 1, 2, 1, 0, 0, 0, 0, 0, 1, 6, 3, 0, 0, 0, 3, 0, 0, 1, 0, 1, 0, 1, 1, 2, 3, 0, 0, 2, 0, 0, 0, 0, 0, 0, 2, 0, 4, 0, 0]","[93685, 29067, 171328, 78570, 127080, 97465, 104686, 65992, 90175, 130507, 170097, 104569, 152455, 39192, 142371, 101819, 68803, 117899]",18,"[5.0, 2.0, 5.0, 3.0, 5.0, 5.0, 5.0, 1.0, 5.0, 5.0, 5.0, 5.0, 5.0, 5.0, 5.0, 5.0, 2.0, 5.0]",18
5451,"[27, 1, 0, 12, 7, 0, 0, 0, 0, 17, 2, 2, 0, 0, 0, 0, 12, 0, 0, 4, 3, 0, 0, 0, 0, 0, 0, 0, 4, 4, 0, 0, 0, 17, 0, 2, 1, 1, 5, 0, 0, 3, 8, 11, 0, 1, 6, 0, 0, 1, 0, 0, 0, 3, 0, 3, 2, 3]","[39254, 54839, 171235, 47311, 75658, 42515, 117477, 99331, 112952, 52147, 71926, 131112, 98919, 57421, 119897, 94903, 11865, 7184, 26711, 110368, 164685, 79376, 46812, 33000, 54280, 121511, 26470, 15905, 53476, 5501, 100657, 84456, 122165, 9869, 138627, 147374, 170732, 9613, 53426, 164596, 135071, 74313, 111336, 124019, 43842, 36731, 2644, 67858]",48,"[5.0, 4.0, 4.0, 4.0, 4.0, 4.0, 5.0, 4.0, 5.0, 4.0, 5.0, 5.0, 4.0, 5.0, 4.0, 5.0, 5.0, 5.0, 5.0, 4.0, 3.0, 4.0, 4.0, 5.0, 4.0, 5.0, 5.0, 5.0, 5.0, 4.0, 5.0, 5.0, 5.0, 5.0, 5.0, 5.0, 4.0, 4.0, 0.0, 5.0, 5.0, 4.0, 5.0, 5.0, 4.0, 5.0, 5.0, 5.0]",48
1582,"[11, 0, 0, 7, 5, 0, 0, 0, 0, 18, 0, 0, 0, 0, 0, 0, 4, 0, 0, 0, 2, 0, 1, 0, 0, 0, 0, 1, 4, 3, 0, 0, 0, 5, 0, 1, 4, 0, 1, 0, 0, 1, 3, 3, 0, 0, 7, 0, 0, 0, 0, 0, 0, 3, 1, 5, 2, 4]","[48733, 126646, 158273, 26208, 75244, 9054, 118034, 85124, 165026, 101246, 13906, 21334, 135961, 139114, 29672, 154511, 32722, 35611, 155005, 57572, 53585, 609, 25290, 51508, 94438, 69260, 47213, 58767, 124449, 80893, 33459]",31,"[5.0, 5.0, 5.0, 5.0, 5.0, 5.0, 3.0, 5.0, 5.0, 5.0, 5.0, 5.0, 5.0, 5.0, 5.0, 5.0, 5.0, 5.0, 5.0, 5.0, 5.0, 5.0, 5.0, 5.0, 5.0, 5.0, 5.0, 4.0, 4.0, 4.0, 4.0]",31
16517,"[10, 0, 0, 3, 0, 0, 0, 1, 0, 7, 0, 2, 0, 0, 0, 0, 3, 0, 0, 0, 0, 1, 0, 2, 1, 0, 1, 1, 0, 0, 0, 0, 0, 1, 0, 0, 2, 2, 0, 0, 0, 0, 1, 0, 0, 0, 0, 1, 0, 2, 0, 0, 0, 1, 1, 3, 0, 0]","[65263, 131040, 132083, 49181, 72072, 100757, 121677, 104330, 127432, 11933, 171860, 124818, 121513, 160549, 162629]",15,"[4.0, 5.0, 5.0, 5.0, 2.0, 5.0, 5.0, 5.0, 5.0, 5.0, 5.0, 5.0, 0.0, 2.0, 5.0]",15
12395,"[6, 0, 0, 2, 3, 0, 0, 1, 0, 7, 0, 0, 0, 0, 2, 0, 2, 0, 0, 2, 0, 2, 0, 0, 0, 0, 0, 0, 8, 1, 0, 0, 0, 3, 0, 0, 2, 1, 1, 0, 0, 0, 1, 3, 0, 0, 1, 0, 0, 0, 0, 1, 0, 1, 0, 3, 3, 3]","[107085, 12383, 105414, 55066, 107241, 165648, 10184, 126272, 116746, 72561, 60971, 79270, 50438, 121869, 166814, 109193]",16,"[5.0, 4.0, 5.0, 5.0, 5.0, 5.0, 5.0, 5.0, 5.0, 5.0, 5.0, 5.0, 5.0, 5.0, 5.0, 5.0]",16
5584,"[4, 0, 0, 2, 6, 0, 0, 1, 0, 13, 0, 0, 0, 0, 0, 0, 4, 0, 0, 0, 2, 1, 0, 1, 0, 0, 3, 1, 2, 0, 0, 0, 0, 5, 0, 0, 6, 0, 3, 0, 0, 0, 3, 3, 1, 0, 2, 0, 0, 0, 0, 0, 0, 2, 0, 6, 2, 7]","[122785, 164706, 72664, 47326, 154481, 163625, 156278, 63716, 35966, 111684, 54995, 81126, 19812, 69370, 156472, 34602, 62038, 2737, 92341, 141668, 24621, 79157, 42390, 121442]",24,"[5.0, 5.0, 5.0, 5.0, 5.0, 5.0, 5.0, 5.0, 5.0, 5.0, 5.0, 5.0, 5.0, 5.0, 5.0, 5.0, 5.0, 5.0, 5.0, 5.0, 5.0, 5.0, 5.0, 5.0]",24
21345,"[4, 0, 0, 1, 4, 0, 0, 0, 0, 5, 0, 0, 0, 0, 2, 0, 4, 0, 0, 0, 1, 0, 0, 0, 0, 0, 0, 0, 2, 0, 0, 1, 0, 4, 0, 0, 0, 0, 3, 0, 0, 0, 1, 4, 0, 0, 2, 0, 0, 0, 0, 0, 0, 2, 0, 1, 0, 1]","[128002, 111136, 37662, 104859, 74804, 153493, 134687, 141290, 40378, 149589, 51160]",11,"[5.0, 5.0, 4.0, 5.0, 5.0, 5.0, 5.0, 4.0, 5.0, 5.0, 5.0]",11
14913,"[10, 0, 0, 6, 3, 0, 0, 1, 0, 11, 2, 0, 0, 0, 0, 0, 2, 0, 0, 0, 1, 2, 0, 1, 1, 0, 0, 0, 7, 1, 0, 0, 0, 10, 0, 3, 2, 2, 3, 0, 0, 1, 2, 4, 0, 0, 3, 0, 0, 0, 0, 0, 0, 1, 0, 3, 0, 2]","[161433, 16935, 32135, 51026, 93193, 15013, 99787, 17321, 84014, 98186, 129248, 79080, 86638, 173261, 111110, 125524, 119637, 151714, 26419, 134610, 144458]",21,"[5.0, 5.0, 5.0, 4.0, 4.0, 5.0, 5.0, 5.0, 5.0, 4.0, 5.0, 5.0, 5.0, 4.0, 1.0, 5.0, 5.0, 5.0, 5.0, 5.0, 5.0]",21
16141,"[4, 0, 0, 1, 2, 0, 0, 1, 0, 3, 0, 0, 0, 0, 0, 0, 2, 0, 0, 1, 0, 0, 0, 0, 0, 0, 0, 0, 3, 0, 0, 0, 0, 3, 0, 0, 1, 0, 1, 0, 0, 0, 2, 2, 0, 0, 0, 0, 0, 0, 0, 0, 0, 1, 0, 1, 0, 0]","[127080, 19026, 130814, 171345, 104306, 113881, 128060, 114866]",8,"[5.0, 0.0, 5.0, 5.0, 5.0, 5.0, 5.0, 5.0]",8
4906,"[18, 1, 1, 6, 15, 0, 1, 2, 0, 22, 2, 3, 0, 0, 0, 0, 7, 0, 0, 2, 7, 0, 0, 2, 2, 0, 2, 1, 13, 2, 0, 0, 0, 8, 1, 2, 11, 6, 8, 0, 0, 1, 12, 14, 4, 0, 6, 3, 0, 0, 0, 3, 0, 4, 3, 7, 3, 16]","[150873, 159854, 127004, 113576, 4708, 33643, 155801, 135755, 146430, 11115, 44589, 133405, 23801, 23671, 161283, 55187, 92804, 57023, 139612, 32954, 167988, 3586, 89593, 142406, 76987, 109271, 50302, 30115, 173140, 2226, 23155, 14127, 176855, 35127, 131299, 161753, 75747, 27671, 142642, 153766, 160843, 67335, 129520, 59380, 78369, 40308, 21773, 53183, 163100, 136099, 31894, 35800, 61283, 5077, 136423, 60404, 69566, 119686, 107953, 35779, 135958, 34357, 151109, 58397, 5510, 66716, 55031]",67,"[0.0, 3.0, 1.0, 5.0, 4.0, 0.0, 0.0, 4.0, 4.0, 5.0, 5.0, 0.0, 0.0, 0.0, 0.0, 4.0, 0.0, 5.0, 5.0, 0.0, 2.0, 3.0, 5.0, 0.0, 4.0, 3.0, 4.0, 3.0, 5.0, 4.0, 4.0, 5.0, 5.0, 4.0, 5.0, 0.0, 4.0, 4.0, 3.0, 0.0, 4.0, 4.0, 4.0, 4.0, 5.0, 4.0, 4.0, 5.0, 5.0, 5.0, 4.0, 4.0, 3.0, 4.0, 4.0, 3.0, 4.0, 5.0, 3.0, 0.0, 5.0, 3.0, 0.0, 0.0, 3.0, 4.0, 5.0]",67
10456,"[9, 0, 0, 3, 5, 0, 0, 0, 0, 7, 2, 0, 0, 1, 1, 0, 3, 0, 0, 1, 3, 1, 0, 1, 3, 0, 0, 1, 3, 1, 0, 0, 0, 4, 0, 0, 4, 1, 2, 0, 0, 1, 1, 3, 0, 0, 3, 0, 0, 3, 0, 0, 0, 1, 0, 2, 1, 0]","[173688, 125211, 59395, 89212, 95472, 28705, 162352, 59299, 134123, 13616, 119827, 132849, 7482, 101773, 37962, 98825, 77616, 75323, 167584, 68663, 135676]",21,"[5.0, 5.0, 5.0, 5.0, 5.0, 5.0, 5.0, 5.0, 5.0, 5.0, 5.0, 1.0, 5.0, 5.0, 5.0, 5.0, 5.0, 5.0, 5.0, 5.0, 5.0]",21
419,"[9, 0, 0, 3, 4, 0, 0, 0, 0, 4, 1, 0, 0, 0, 0, 0, 2, 0, 0, 0, 0, 2, 0, 0, 0, 0, 0, 1, 4, 1, 0, 0, 0, 4, 0, 2, 2, 1, 4, 0, 0, 0, 6, 4, 0, 0, 3, 0, 0, 0, 0, 0, 0, 4, 0, 1, 1, 0]","[116739, 61274, 156, 65078, 35402, 153154, 10393, 26208, 138873, 110941, 74837, 67932, 173080, 34868, 141047, 163923, 9779, 56077]",18,"[5.0, 5.0, 5.0, 3.0, 5.0, 5.0, 5.0, 5.0, 5.0, 5.0, 5.0, 5.0, 5.0, 5.0, 5.0, 4.0, 5.0, 5.0]",18
2121,"[3, 0, 0, 0, 0, 0, 0, 0, 0, 1, 0, 0, 0, 0, 0, 0, 0, 0, 0, 0, 1, 0, 1, 0, 2, 0, 0, 0, 4, 1, 0, 0, 0, 3, 0, 0, 0, 0, 0, 0, 0, 0, 0, 1, 0, 1, 2, 0, 0, 0, 0, 0, 0, 0, 0, 2, 0, 1]","[96672, 105259, 174552, 74986, 67898, 143710, 76907]",7,"[4.0, 5.0, 5.0, 5.0, 5.0, 5.0, 5.0]",7
13032,"[12, 0, 0, 4, 3, 0, 0, 0, 0, 5, 0, 0, 0, 0, 2, 0, 5, 0, 0, 0, 5, 1, 0, 0, 0, 0, 0, 1, 5, 2, 0, 0, 0, 7, 0, 1, 0, 2, 4, 0, 0, 2, 4, 5, 0, 0, 3, 0, 0, 1, 0, 0, 0, 1, 2, 2, 0, 1]","[128308, 150787, 115901, 11405, 69130, 48057, 54620, 84674, 174245, 23584, 38924, 123759, 32554, 127000, 44664, 90038, 87405, 127080, 41517, 95793, 123250, 153685, 165581, 71578, 22024, 151888, 30305]",27,"[5.0, 5.0, 5.0, 5.0, 5.0, 5.0, 5.0, 5.0, 5.0, 5.0, 5.0, 5.0, 5.0, 5.0, 5.0, 5.0, 5.0, 5.0, 5.0, 5.0, 5.0, 5.0, 5.0, 5.0, 5.0, 5.0, 5.0]",27
6062,"[15, 0, 0, 4, 4, 0, 0, 0, 0, 11, 1, 0, 0, 0, 0, 0, 3, 0, 0, 1, 0, 0, 0, 0, 1, 0, 0, 0, 9, 3, 0, 0, 0, 7, 0, 0, 0, 0, 0, 0, 0, 0, 1, 0, 0, 0, 3, 0, 0, 0, 1, 0, 0, 1, 0, 1, 2, 2]","[89113, 81126, 118169, 147412, 135406, 111566, 83204, 94290, 37274, 127080, 62117, 29768, 154819, 32114, 140416, 3164, 100343, 131131, 134610, 34602, 22380]",21,"[4.0, 5.0, 5.0, 5.0, 5.0, 5.0, 5.0, 4.0, 5.0, 5.0, 5.0, 5.0, 5.0, 5.0, 5.0, 5.0, 5.0, 5.0, 5.0, 5.0, 5.0]",21
16711,"[3, 0, 0, 2, 7, 0, 0, 0, 0, 2, 0, 0, 0, 0, 0, 0, 3, 0, 0, 0, 3, 1, 0, 0, 0, 0, 0, 4, 1, 0, 0, 0, 0, 2, 0, 0, 0, 0, 2, 0, 0, 0, 3, 2, 0, 0, 1, 1, 0, 0, 1, 0, 0, 3, 0, 0, 0, 1]","[19359, 23314, 86525, 177209, 64472, 33640, 86651, 143891, 74526, 90627]",10,"[5.0, 5.0, 5.0, 5.0, 5.0, 4.0, 1.0, 5.0, 5.0, 5.0]",10
5747,"[28, 0, 0, 9, 22, 0, 0, 1, 1, 18, 0, 1, 0, 1, 1, 0, 15, 0, 0, 2, 10, 2, 0, 3, 0, 0, 2, 1, 11, 0, 0, 0, 0, 18, 0, 3, 2, 1, 8, 0, 0, 3, 9, 16, 1, 1, 5, 0, 0, 3, 1, 3, 0, 13, 2, 10, 2, 4]","[68826, 82740, 70649, 176899, 165477, 59092, 95107, 4482, 16470, 82298, 153657, 8430, 148039, 108040, 160178, 156978, 9434, 106418, 107365, 121124, 98194, 72822, 51995, 138592, 37036, 129792, 35348, 171132, 115883, 93233, 108654, 2848, 22448, 147074, 166219, 109112, 20697, 108476, 63674, 5346, 117345, 74102, 131279, 97711, 96848, 52073, 63572, 172432, 111809, 51845, 137597, 168038, 148018, 102973, 4230, 34811, 147099, 40382, 60989, 171753, 9325]",61,"[3.0, 4.0, 4.0, 5.0, 5.0, 2.0, 5.0, 4.0, 4.0, 1.0, 4.0, 5.0, 4.0, 3.0, 5.0, 5.0, 3.0, 5.0, 5.0, 4.0, 5.0, 2.0, 3.0, 3.0, 4.0, 5.0, 5.0, 4.0, 5.0, 4.0, 2.0, 4.0, 4.0, 5.0, 4.0, 4.0, 3.0, 4.0, 4.0, 4.0, 3.0, 3.0, 4.0, 4.0, 4.0, 4.0, 4.0, 4.0, 4.0, 4.0, 4.0, 4.0, 3.0, 4.0, 0.0, 5.0, 0.0, 0.0, 0.0, 0.0, 5.0]",61
5332,"[23, 1, 0, 6, 3, 0, 0, 4, 0, 16, 0, 1, 0, 0, 2, 0, 1, 0, 0, 0, 1, 1, 2, 2, 1, 0, 0, 2, 7, 3, 0, 0, 0, 9, 0, 2, 4, 0, 1, 0, 0, 0, 2, 2, 0, 0, 7, 0, 0, 0, 0, 0, 0, 0, 1, 2, 0, 1]","[106014, 159795, 118496, 2536, 68877, 56699, 114025, 39151, 22147, 154660, 110933, 131785, 16419, 157037, 52859, 151054, 62910, 37203, 33572, 148030, 3658, 97117, 115232, 88828, 123065, 153102, 63118, 76263, 133391, 56871, 55649, 55780, 19640]",33,"[5.0, 5.0, 5.0, 4.0, 3.0, 5.0, 3.0, 4.0, 5.0, 5.0, 5.0, 5.0, 5.0, 5.0, 5.0, 5.0, 5.0, 5.0, 5.0, 5.0, 5.0, 5.0, 5.0, 4.0, 4.0, 5.0, 5.0, 5.0, 5.0, 5.0, 4.0, 5.0, 5.0]",33
6682,"[2, 0, 0, 0, 6, 0, 0, 0, 0, 6, 0, 1, 0, 0, 0, 0, 2, 0, 0, 0, 2, 0, 0, 1, 0, 0, 0, 0, 3, 0, 0, 0, 0, 1, 0, 0, 2, 0, 2, 0, 0, 0, 6, 3, 0, 0, 1, 0, 0, 1, 0, 0, 0, 0, 0, 1, 0, 1]","[107049, 81948, 3612, 148713, 174150, 14723, 18356, 58780, 102916, 45432, 47837, 146982]",12,"[5.0, 4.0, 0.0, 5.0, 5.0, 4.0, 5.0, 5.0, 1.0, 5.0, 3.0, 5.0]",12
14250,"[2, 0, 0, 1, 1, 0, 0, 1, 0, 2, 0, 0, 0, 0, 0, 0, 0, 0, 0, 0, 0, 0, 0, 1, 0, 0, 0, 1, 2, 0, 0, 0, 0, 2, 0, 0, 1, 0, 2, 0, 0, 0, 2, 2, 0, 0, 0, 0, 0, 0, 0, 0, 0, 0, 1, 0, 1, 0]","[111259, 127739, 43650, 13585, 67518, 174239]",6,"[5.0, 5.0, 5.0, 5.0, 5.0, 5.0]",6
19654,"[10, 0, 0, 3, 4, 0, 0, 0, 0, 6, 0, 1, 0, 0, 0, 0, 3, 0, 0, 1, 1, 0, 1, 0, 0, 0, 0, 0, 6, 1, 0, 0, 0, 8, 0, 1, 1, 1, 2, 0, 0, 0, 0, 2, 0, 0, 2, 0, 0, 2, 0, 0, 0, 1, 1, 1, 2, 1]","[165333, 103297, 103033, 55066, 107067, 73325, 103100, 30713, 163584, 139655, 86515, 109473, 93442, 45298, 170446, 71649, 150212, 121865, 31069]",19,"[5.0, 5.0, 5.0, 5.0, 5.0, 5.0, 5.0, 5.0, 5.0, 5.0, 5.0, 5.0, 5.0, 5.0, 5.0, 5.0, 5.0, 5.0, 5.0]",19
195,"[15, 1, 0, 3, 3, 0, 0, 1, 0, 10, 1, 0, 0, 0, 0, 0, 2, 0, 0, 1, 4, 2, 0, 3, 1, 0, 2, 1, 6, 1, 0, 0, 0, 7, 0, 0, 1, 1, 3, 0, 0, 1, 4, 5, 0, 0, 3, 1, 0, 0, 0, 0, 0, 3, 1, 1, 1, 2]","[669, 30162, 32129, 136670, 131023, 4967, 72857, 3995, 47335, 65142, 101486, 147180, 6260, 171132, 60606, 158829, 67973, 172204, 106569, 5412, 81, 45892, 160985, 87631, 14622, 66950, 101200, 132665, 11743]",29,"[4.0, 4.0, 4.0, 5.0, 5.0, 0.0, 5.0, 4.0, 5.0, 4.0, 0.0, 4.0, 4.0, 5.0, 5.0, 5.0, 4.0, 5.0, 5.0, 5.0, 4.0, 5.0, 5.0, 5.0, 5.0, 5.0, 5.0, 5.0, 0.0]",29
15078,"[6, 0, 0, 1, 1, 0, 0, 0, 0, 6, 0, 0, 0, 0, 0, 0, 1, 0, 0, 1, 1, 1, 0, 0, 0, 0, 0, 0, 3, 1, 0, 0, 0, 4, 0, 0, 1, 0, 0, 0, 0, 1, 3, 2, 0, 0, 3, 0, 0, 0, 0, 0, 0, 2, 1, 0, 1, 1]","[139822, 115523, 72296, 98141, 135961, 45968, 62794, 15173, 147180, 129214, 124230]",11,"[5.0, 0.0, 5.0, 5.0, 4.0, 5.0, 5.0, 4.0, 4.0, 5.0, 4.0]",11
710,"[156, 2, 0, 57, 125, 0, 1, 6, 3, 144, 11, 12, 2, 0, 12, 0, 87, 0, 0, 17, 27, 16, 1, 11, 1, 0, 13, 17, 81, 4, 0, 1, 0, 91, 0, 13, 39, 21, 56, 0, 1, 16, 120, 95, 5, 3, 27, 3, 0, 3, 0, 4, 0, 30, 4, 56, 3, 24]","[8934, 127080, 31719, 177568, 52114, 96908, 147042, 11924, 101200, 106485, 79606, 81350, 51248, 6061, 134808, 46117, 76245, 130772, 19365, 79691, 170653, 166614, 31894, 72647, 168258, 21993, 79122, 174775, 82257, 11115, 42532, 93510, 77036, 2691, 152662, 48143, 28090, 27735, 145363, 154689, 24885, 117187, 36017, 82939, 75244, 176335, 145359, 17035, 24815, 81694, 112024, 157470, 59458, 53183, 97024, 142954, 33235, 140582, 49059, 124692, 151406, 164810, 165219, 81168, 150359, 80852, 122530, 24871, 108193, 21499, 114243, 111642, 131153, 53508, 87588, 79316, 120123, 168849, 91233, 61366, 170534, 117899, 138575, 101819, 53900, 45444, 131204, 103590, 92292, 80760, 171328, 170419, 37047, 14138, 97969, 26698, 8527, 80687, 51841, 39192, 93847, 167369, 133098, 7830, 71614, 142791, 124549, 47519, 10819, 156967, 23429, 56619, 10970, 154054, 6880, 25456, 37385, 77528, 138384, 76014, 103297, 149008, 107203, 37482, 44262, 161029, 133859, 111359, 117477, 144400, 48887, 142208, 92633, 134935, 156155, 14369, 11511, 10369, 110087, 112060, 76493, 155937, 55521, 166441, 142346, 115889, 68493, 23291, 91008, 159559, 18529, 113281, 90536, 150229, 60763, 119728, 166814, 114380, 130721, 63084, 46366, 116210, 78348, 132647, 23949, 3889, 176544, 142840, 132990, 29518, 72330, 4912, 12691, 86895, 99550, 37359, 146982, 21617, 90479, 132203, 67214, 148268, 16648, 37958, 78501, 142662, 50722, 157491, 6486, 57401, 134610, 137166, 24743, 61961, 36503, 135961, 127317, 148855, 38973, 107806, 8524, 143727, 77616, 96565, 112661, 29623, 18317, 33578, 100577, 41976, 175499, 170672, 7997, 132702, 112562, 167345, 46159, 107897, 15574, 103735, 105403, 42296, 137192, 80731, 171675, 143573, 123822, 54986, 9626, 66580, 86897, 40135, 67851, 21989, 18210, 132535, 11147, 31472, 16435, 124607, 172853, 45050, 158073, 170446, 134953, 59415, 89924, 11814, 102888, 147642, 114982, 158930, 76645, 84345, 106179, 10939, 62794, 54494, 114577, 111026, 19913, 133977, 161150, 4955, 104222, 142718, 171182, 143078, 77737, 92331, 78463, 31587, 112030, 156046, 138080, 103294, 148977, 131608, 130364, 94502, 59353, 91792, 3869, 84493, 99390, 28856, 104688, 50909, 37088, 154349, 12072, 14739, 161631, 72680, 125707, 108487, 173856, 137789, 23850, 26902, 159048, 176989, 90144, 7249, 14789, 24720, 249, 120145, 53300, 1690, 61725, 156978, 146624, 37144, 39359, 46833, 25857, 52727, 120480, 142690, 80859, 87512, 80134, 22567, 110229, 35145, 49181, 89471, 105450, 142281, 134382, 19812, 173231, 8947, 74467, 145246, 96642, 78063, 125432, 113175, 146031, 151170, 125031, 55836, 158194, 111345, 74777, 163518, 52071, 63569, 15090, 96781, 144201, 11335, 129516, 164562, 81066, 101831, 4197, 80357, 75141, 113720, 154469, 172505, 171717, 39906, 149762, 143836, 117402, 31607, 100104, 30599, 29609, 146679, 130489, 111944, 167043, 32748, 61603, 120534, 49659, 23724, 45912, 94166, 3048, 112978, 17862, 117596, 111282, 163586, 88432, 169893, 10200, 30995, 104399]",395,"[5.0, 5.0, 4.0, 5.0, 5.0, 4.0, 4.0, 3.0, 5.0, 5.0, 4.0, 5.0, 5.0, 5.0, 5.0, 5.0, 4.0, 5.0, 5.0, 5.0, 5.0, 5.0, 4.0, 4.0, 5.0, 4.0, 5.0, 5.0, 5.0, 5.0, 5.0, 4.0, 5.0, 4.0, 5.0, 5.0, 5.0, 5.0, 5.0, 5.0, 5.0, 4.0, 5.0, 5.0, 5.0, 5.0, 0.0, 5.0, 0.0, 4.0, 5.0, 5.0, 5.0, 5.0, 0.0, 5.0, 5.0, 5.0, 5.0, 0.0, 5.0, 5.0, 5.0, 5.0, 5.0, 5.0, 5.0, 5.0, 5.0, 5.0, 5.0, 5.0, 5.0, 5.0, 4.0, 5.0, 5.0, 4.0, 5.0, 5.0, 5.0, 5.0, 5.0, 5.0, 0.0, 0.0, 4.0, 5.0, 4.0, 5.0, 5.0, 5.0, 5.0, 5.0, 0.0, 5.0, 0.0, 5.0, 5.0, 5.0, 5.0, 5.0, 5.0, 5.0, 5.0, 5.0, 5.0, 5.0, 5.0, 5.0, 5.0, 5.0, 5.0, 5.0, 5.0, 5.0, 5.0, 5.0, 5.0, 5.0, 5.0, 5.0, 5.0, 5.0, 5.0, 5.0, 5.0, 5.0, 5.0, 5.0, 5.0, 5.0, 5.0, 5.0, 5.0, 5.0, 5.0, 5.0, 5.0, 4.0, 5.0, 5.0, 5.0, 5.0, 5.0, 5.0, 5.0, 5.0, 5.0, 5.0, 5.0, 5.0, 5.0, 5.0, 5.0, 4.0, 5.0, 5.0, 5.0, 5.0, 5.0, 0.0, 5.0, 5.0, 5.0, 5.0, 5.0, 5.0, 5.0, 5.0, 5.0, 5.0, 5.0, 5.0, 5.0, 5.0, 5.0, 5.0, 5.0, 5.0, 5.0, 5.0, 5.0, 5.0, 5.0, 5.0, 5.0, 4.0, 5.0, 5.0, 5.0, 5.0, 4.0, 5.0, 5.0, 5.0, 4.0, 5.0, 5.0, 5.0, 5.0, 4.0, 5.0, 5.0, 5.0, 5.0, 5.0, 5.0, 5.0, 5.0, 5.0, 5.0, 5.0, 5.0, 5.0, 4.0, 5.0, 5.0, 5.0, 5.0, 5.0, 5.0, 5.0, 4.0, 5.0, 5.0, 5.0, 5.0, 5.0, 5.0, 5.0, 0.0, 4.0, 5.0, 4.0, 5.0, 5.0, 5.0, 5.0, 5.0, 5.0, 5.0, 5.0, 5.0, 5.0, 5.0, 5.0, 0.0, 5.0, 5.0, 5.0, 4.0, 5.0, 5.0, 5.0, 5.0, 5.0, 5.0, 5.0, 5.0, 5.0, 5.0, 5.0, 5.0, 5.0, 5.0, 5.0, 5.0, 5.0, 5.0, 5.0, 5.0, 5.0, 5.0, 5.0, 5.0, 5.0, 5.0, 5.0, 5.0, 5.0, 5.0, 5.0, 5.0, 5.0, 5.0, 5.0, 5.0, 5.0, 0.0, 5.0, 5.0, 5.0, 0.0, 5.0, 5.0, 5.0, 5.0, 5.0, 5.0, 0.0, 4.0, 5.0, 5.0, 4.0, 5.0, 5.0, 5.0, 5.0, 5.0, 5.0, 5.0, 5.0, 5.0, 5.0, 5.0, 5.0, 5.0, 4.0, 5.0, 5.0, 5.0, 5.0, 5.0, 5.0, 5.0, 4.0, 5.0, 5.0, 5.0, 5.0, 5.0, 5.0, 5.0, 5.0, 5.0, 5.0, 5.0, 5.0, 5.0, 5.0, 5.0, 5.0, 5.0, 5.0, 5.0, 0.0, 5.0, 5.0, 0.0, 5.0, 5.0, 0.0, 5.0, 5.0, 5.0, 5.0, 5.0, 5.0, 4.0, 5.0, 0.0, 5.0, 5.0, 4.0, 5.0, 5.0, 5.0, 5.0, 5.0, 5.0, 5.0, 5.0, 5.0, 5.0, 5.0, 0.0, 5.0, 5.0, 5.0, 5.0, 5.0, 5.0, 5.0, 5.0, 5.0, 5.0, 5.0, 5.0, 5.0, 5.0, 5.0, 5.0, 5.0, 5.0]",395
7361,"[4, 0, 0, 3, 5, 0, 0, 2, 0, 5, 0, 0, 0, 0, 0, 0, 4, 0, 0, 0, 0, 1, 0, 0, 0, 0, 0, 1, 4, 1, 0, 1, 0, 0, 0, 2, 0, 1, 3, 0, 0, 0, 4, 3, 0, 0, 2, 0, 0, 1, 0, 1, 0, 1, 1, 1, 0, 1]","[123953, 85414, 4162, 90606, 12168, 133445, 52835, 16566, 9544, 81129, 5183, 44764, 160462, 39172, 156978, 106969]",16,"[5.0, 5.0, 3.0, 5.0, 4.0, 5.0, 5.0, 4.0, 3.0, 5.0, 3.0, 4.0, 4.0, 5.0, 3.0, 5.0]",16
576,"[66, 0, 0, 17, 34, 1, 2, 6, 0, 52, 12, 5, 0, 0, 3, 0, 25, 0, 0, 8, 7, 5, 0, 7, 6, 0, 3, 2, 26, 11, 0, 4, 0, 53, 0, 0, 20, 9, 8, 0, 1, 4, 16, 15, 8, 0, 8, 5, 0, 0, 1, 1, 0, 4, 6, 14, 12, 8]","[156715, 127083, 170817, 18875, 94636, 163564, 167461, 73956, 32987, 79425, 93444, 153142, 201, 113698, 176716, 124243, 86420, 177592, 166726, 15940, 8392, 17451, 79130, 155232, 46325, 69324, 111484, 67841, 80022, 169901, 112494, 95918, 29880, 118107, 160008, 176215, 177568, 80557, 128369, 93235, 172468, 162995, 13847, 121777, 10446, 91920, 112800, 174795, 123503, 9312, 159482, 103565, 163203, 115148, 140286, 176926, 131785, 144574, 97171, 97372, 95035, 111252, 52463, 163374, 158434, 111417, 63926, 128834, 120956, 130591, 1479, 162611, 32128, 33012, 12412, 139315, 91587, 117521, 136195, 39308, 63976, 49630, 64050, 65661, 146868, 3719, 71021, 72222, 112741, 162807, 149391, 65429, 145792, 80962, 24388, 1169, 42154, 93637, 177548, 175772, 82934, 73209, 98128, 44605, 58146, 164980, 48426, 124301, 72463, 144834, 90550, 83963, 79316, 83799, 99586, 72453, 172528, 167931, 37229, 144295, 170918, 84834, 45305, 159646, 148845, 120397, 52551, 153903, 8862, 25413, 177420, 96049, 81220, 22278, 67799, 39353, 131719, 35495, 89888, 159397, 129903, 82982, 70513, 55972, 107045, 91471, 128591, 52773, 79808, 117583, 154758, 125875, 93743, 105405, 85961, 44083, 33240, 111032, 97459, 112996, 22260, 29619, 86762, 144115, 94540, 141072, 108854, 24361]",168,"[5.0, 5.0, 5.0, 5.0, 5.0, 5.0, 5.0, 5.0, 5.0, 5.0, 5.0, 5.0, 5.0, 5.0, 5.0, 5.0, 5.0, 5.0, 5.0, 5.0, 5.0, 5.0, 5.0, 5.0, 5.0, 5.0, 5.0, 5.0, 5.0, 5.0, 5.0, 5.0, 5.0, 5.0, 5.0, 5.0, 5.0, 5.0, 5.0, 5.0, 5.0, 5.0, 5.0, 5.0, 5.0, 5.0, 5.0, 5.0, 5.0, 5.0, 5.0, 4.0, 5.0, 5.0, 5.0, 5.0, 5.0, 4.0, 5.0, 5.0, 5.0, 5.0, 5.0, 5.0, 1.0, 5.0, 5.0, 5.0, 4.0, 5.0, 5.0, 5.0, 5.0, 4.0, 5.0, 5.0, 5.0, 5.0, 4.0, 5.0, 5.0, 4.0, 5.0, 5.0, 4.0, 5.0, 3.0, 4.0, 4.0, 5.0, 5.0, 5.0, 5.0, 4.0, 5.0, 5.0, 5.0, 5.0, 5.0, 5.0, 5.0, 5.0, 5.0, 5.0, 5.0, 5.0, 5.0, 5.0, 5.0, 5.0, 5.0, 5.0, 5.0, 5.0, 5.0, 5.0, 5.0, 4.0, 4.0, 5.0, 5.0, 5.0, 5.0, 5.0, 5.0, 5.0, 5.0, 5.0, 5.0, 5.0, 5.0, 5.0, 5.0, 5.0, 5.0, 5.0, 4.0, 5.0, 5.0, 5.0, 5.0, 5.0, 5.0, 5.0, 5.0, 5.0, 3.0, 5.0, 5.0, 5.0, 5.0, 5.0, 5.0, 5.0, 5.0, 5.0, 5.0, 5.0, 5.0, 5.0, 5.0, 5.0, 5.0, 5.0, 0.0, 0.0, 5.0, 5.0]",168
9373,"[20, 0, 0, 4, 3, 0, 0, 0, 0, 5, 0, 0, 0, 0, 0, 0, 1, 0, 0, 1, 0, 0, 0, 0, 0, 0, 0, 1, 4, 1, 0, 0, 0, 6, 0, 0, 4, 0, 0, 0, 0, 1, 0, 1, 0, 0, 4, 0, 0, 0, 0, 0, 0, 0, 0, 1, 0, 3]","[91927, 112260, 135254, 97711, 24060, 33649, 38031, 34086, 10393, 6176, 37715, 132891, 142031, 26810, 83989, 26487, 150970, 106852, 106215, 134105, 82595, 86742, 146040, 72497]",24,"[3.0, 5.0, 2.0, 5.0, 5.0, 5.0, 2.0, 5.0, 0.0, 3.0, 5.0, 5.0, 0.0, 4.0, 0.0, 3.0, 5.0, 5.0, 5.0, 2.0, 5.0, 4.0, 5.0, 5.0]",24
16701,"[0, 0, 0, 2, 0, 0, 0, 0, 0, 1, 3, 0, 0, 0, 0, 0, 2, 0, 0, 0, 0, 0, 0, 0, 0, 0, 0, 0, 0, 0, 0, 0, 0, 2, 0, 1, 0, 0, 1, 0, 0, 0, 1, 1, 2, 0, 1, 0, 0, 0, 0, 0, 0, 1, 0, 0, 0, 1]","[64311, 98825, 171132, 139691, 19316, 54613, 59168, 134610]",8,"[5.0, 5.0, 5.0, 5.0, 5.0, 5.0, 5.0, 5.0]",8
8542,"[9, 0, 0, 4, 5, 0, 0, 0, 0, 8, 1, 0, 0, 0, 1, 0, 3, 0, 0, 2, 2, 0, 0, 1, 1, 0, 0, 0, 6, 1, 0, 0, 0, 9, 0, 0, 3, 0, 3, 0, 0, 0, 7, 6, 0, 0, 4, 1, 0, 1, 1, 0, 0, 4, 0, 1, 2, 4]","[98739, 145508, 5289, 46129, 9677, 141290, 13272, 159861, 111252, 72857, 79996, 103415, 142864, 83532, 27874, 135961, 170672, 95641, 99252, 16634, 134610, 120956, 89452, 82712, 59115]",25,"[5.0, 5.0, 5.0, 5.0, 4.0, 5.0, 5.0, 4.0, 5.0, 5.0, 5.0, 5.0, 5.0, 5.0, 5.0, 5.0, 5.0, 5.0, 5.0, 5.0, 4.0, 5.0, 4.0, 5.0, 5.0]",25
1881,"[27, 0, 0, 8, 5, 0, 0, 0, 0, 10, 0, 2, 0, 0, 2, 0, 6, 0, 0, 2, 2, 0, 0, 1, 2, 0, 0, 0, 11, 4, 0, 0, 0, 9, 0, 0, 6, 1, 6, 0, 0, 1, 6, 6, 0, 0, 5, 0, 0, 1, 0, 1, 0, 2, 0, 4, 3, 4]","[141069, 73956, 71926, 140306, 94216, 59584, 114402, 99338, 11909, 177685, 16435, 163922, 106142, 12412, 61435, 79095, 708, 155867, 75244, 142634, 165421, 126984, 113698, 157037, 139822, 106785, 13778, 71071, 16033, 166340, 33338, 140761, 75942, 80902, 47201, 88706, 119351, 15391, 74332, 95860, 80096, 91233]",42,"[0.0, 5.0, 5.0, 5.0, 5.0, 5.0, 5.0, 5.0, 5.0, 5.0, 5.0, 5.0, 5.0, 5.0, 5.0, 5.0, 5.0, 5.0, 5.0, 5.0, 4.0, 5.0, 5.0, 5.0, 5.0, 5.0, 5.0, 5.0, 5.0, 5.0, 5.0, 3.0, 5.0, 5.0, 5.0, 4.0, 5.0, 3.0, 5.0, 5.0, 4.0, 5.0]",42
11520,"[3, 0, 0, 2, 0, 0, 0, 1, 0, 3, 0, 1, 0, 0, 0, 0, 0, 0, 0, 0, 0, 0, 0, 1, 0, 0, 0, 0, 0, 0, 0, 0, 0, 1, 0, 0, 1, 1, 0, 0, 0, 0, 0, 0, 0, 0, 2, 0, 0, 0, 0, 0, 0, 0, 1, 2, 0, 0]","[23712, 74469, 110617, 163184, 10588, 113639]",6,"[4.0, 4.0, 5.0, 5.0, 5.0, 4.0]",6
19203,"[3, 0, 0, 3, 1, 0, 0, 0, 0, 2, 0, 0, 0, 0, 0, 0, 1, 0, 0, 1, 0, 1, 0, 0, 0, 0, 0, 2, 3, 0, 0, 0, 0, 2, 0, 0, 0, 0, 0, 0, 0, 1, 1, 1, 0, 0, 1, 0, 0, 0, 0, 0, 0, 0, 0, 1, 0, 1]","[164596, 156978, 75244, 123123, 50899, 56425]",6,"[5.0, 4.0, 5.0, 4.0, 5.0, 4.0]",6
4338,"[40, 0, 0, 19, 32, 0, 0, 4, 1, 43, 1, 4, 1, 0, 2, 0, 33, 0, 0, 4, 23, 8, 0, 6, 4, 0, 2, 8, 28, 7, 0, 1, 0, 25, 0, 2, 17, 5, 17, 0, 0, 5, 24, 26, 0, 1, 16, 4, 0, 7, 0, 2, 1, 7, 5, 18, 4, 8]","[84523, 84514, 99840, 120878, 4790, 142774, 38089, 130507, 16503, 2116, 72684, 43133, 100316, 63178, 88176, 68090, 99357, 147055, 73956, 103843, 47290, 53077, 3470, 29643, 60528, 62310, 81940, 175772, 38839, 174660, 25173, 89930, 123817, 47657, 116201, 50181, 147478, 137597, 134792, 4194, 159461, 71774, 90038, 97306, 35627, 112978, 140767, 113987, 36672, 100398, 75872, 52463, 38843, 44679, 101942, 44177, 58629, 9711, 28534, 61366, 128616, 175328, 156230, 30125, 157685, 127812, 8742, 48369, 164304, 132263, 155752, 80636, 117410, 44040, 1853, 91232, 95690, 169420, 51594, 135883, 35705, 60004, 25093, 34379, 118206, 38965, 12074, 22135, 170131, 53142, 97331, 12027, 145099, 174138, 24114, 122177, 169138, 97555, 114402, 37217, 161284, 95766, 140589, 93168, 56718, 76975, 14650, 116440, 20401, 37450, 96330, 160084, 12004, 90073, 14252, 101423, 120164, 73992, 127080, 67921, 36846, 126984, 86333, 121608, 82995, 101963, 28552, 59850, 28912, 128994, 65724, 67475, 38796, 5033, 37204]",135,"[5.0, 5.0, 4.0, 5.0, 0.0, 5.0, 5.0, 5.0, 5.0, 4.0, 5.0, 5.0, 5.0, 5.0, 5.0, 5.0, 5.0, 5.0, 5.0, 5.0, 5.0, 4.0, 5.0, 5.0, 5.0, 5.0, 5.0, 5.0, 5.0, 5.0, 4.0, 5.0, 5.0, 5.0, 5.0, 3.0, 4.0, 5.0, 4.0, 5.0, 5.0, 5.0, 5.0, 5.0, 5.0, 5.0, 5.0, 5.0, 5.0, 5.0, 5.0, 5.0, 4.0, 5.0, 5.0, 4.0, 5.0, 5.0, 5.0, 5.0, 4.0, 5.0, 5.0, 5.0, 5.0, 5.0, 5.0, 5.0, 5.0, 5.0, 5.0, 5.0, 5.0, 5.0, 5.0, 5.0, 5.0, 5.0, 5.0, 5.0, 5.0, 5.0, 5.0, 5.0, 5.0, 5.0, 5.0, 5.0, 5.0, 5.0, 5.0, 4.0, 5.0, 5.0, 5.0, 5.0, 5.0, 5.0, 5.0, 5.0, 5.0, 5.0, 5.0, 5.0, 4.0, 5.0, 5.0, 5.0, 5.0, 5.0, 5.0, 5.0, 5.0, 5.0, 5.0, 5.0, 5.0, 5.0, 5.0, 5.0, 5.0, 5.0, 5.0, 4.0, 0.0, 5.0, 4.0, 0.0, 5.0, 5.0, 5.0, 5.0, 5.0, 5.0, 5.0]",135
8008,"[7, 0, 0, 5, 1, 0, 0, 0, 0, 5, 0, 0, 0, 0, 1, 0, 1, 0, 0, 1, 1, 1, 0, 0, 1, 0, 0, 1, 2, 0, 0, 0, 0, 6, 0, 0, 2, 0, 0, 0, 0, 0, 3, 0, 0, 0, 3, 0, 0, 1, 0, 0, 0, 0, 0, 4, 1, 2]","[11938, 61274, 58702, 9317, 4793, 21497, 64369, 163625, 99357, 20750, 9651, 111510, 143810, 89888, 28667, 77616, 147507]",17,"[5.0, 5.0, 5.0, 5.0, 5.0, 5.0, 5.0, 5.0, 5.0, 5.0, 5.0, 5.0, 5.0, 5.0, 5.0, 5.0, 5.0]",17
7212,"[6, 0, 0, 3, 4, 0, 0, 0, 1, 4, 0, 1, 0, 0, 0, 0, 2, 0, 0, 0, 1, 0, 1, 2, 0, 0, 0, 2, 5, 0, 0, 0, 0, 7, 0, 0, 3, 1, 0, 0, 0, 0, 3, 2, 0, 0, 1, 0, 0, 1, 1, 0, 0, 2, 3, 1, 0, 1]","[41063, 79996, 22607, 70627, 79119, 128200, 44551, 163707, 93644, 152234, 124458, 138882, 100542, 46110, 16427, 49652, 174832, 43207, 13358, 4075, 16150, 9917]",22,"[5.0, 5.0, 5.0, 5.0, 5.0, 5.0, 5.0, 5.0, 5.0, 5.0, 5.0, 5.0, 5.0, 5.0, 5.0, 5.0, 5.0, 5.0, 5.0, 5.0, 5.0, 5.0]",22
18647,"[4, 0, 0, 1, 1, 0, 0, 0, 0, 2, 0, 0, 0, 0, 0, 0, 1, 0, 0, 0, 1, 0, 0, 0, 0, 0, 0, 0, 1, 0, 0, 0, 0, 4, 0, 0, 1, 0, 0, 1, 0, 0, 1, 0, 0, 0, 1, 0, 0, 0, 0, 0, 0, 0, 1, 1, 1, 1]","[32925, 115729, 75333, 84699, 52582, 100528]",6,"[5.0, 5.0, 5.0, 5.0, 5.0, 5.0]",6
4411,"[2, 0, 0, 2, 3, 0, 0, 0, 0, 3, 0, 0, 0, 0, 0, 0, 2, 0, 0, 0, 0, 0, 0, 0, 0, 0, 1, 0, 3, 2, 0, 0, 0, 1, 0, 0, 0, 0, 2, 0, 0, 1, 2, 3, 0, 0, 1, 0, 0, 0, 0, 0, 0, 1, 1, 1, 0, 0]","[37047, 113515, 92341, 127080, 89113, 40636, 1915, 59127, 81214]",9,"[5.0, 5.0, 5.0, 5.0, 5.0, 4.0, 5.0, 4.0, 5.0]",9
342,"[256, 4, 3, 147, 193, 1, 2, 21, 7, 233, 9, 24, 1, 0, 15, 0, 102, 1, 0, 32, 80, 35, 7, 30, 12, 0, 16, 36, 130, 36, 1, 2, 2, 238, 0, 35, 84, 32, 58, 3, 6, 16, 118, 85, 4, 4, 106, 17, 0, 18, 6, 16, 0, 41, 33, 81, 39, 79]","[158753, 124898, 15448, 108667, 70869, 2087, 151084, 19634, 31401, 28878, 144564, 151381, 37984, 164426, 97370, 113854, 97227, 82424, 151129, 135937, 141728, 74154, 74575, 118037, 56479, 148174, 97354, 165783, 78352, 16452, 93757, 115099, 71251, 151720, 103715, 38869, 169649, 66996, 164437, 112981, 78811, 96063, 94258, 72173, 124436, 155996, 69001, 153767, 53005, 16756, 23943, 103948, 71496, 11086, 171701, 48859, 124800, 4546, 135992, 142183, 2997, 45253, 105559, 54659, 46589, 26987, 147873, 113956, 44551, 145671, 20088, 174986, 72640, 97150, 82570, 160702, 436, 94338, 153487, 162600, 83710, 74336, 48398, 161456, 72509, 114746, 21497, 32780, 146919, 147055, 92965, 97920, 121984, 61366, 138776, 161460, 46588, 64362, 43872, 47091, 5076, 142656, 44315, 169704, 114520, 51684, 6745, 55559, 14169, 51867, 30818, 168833, 159810, 94858, 23245, 16475, 76105, 16956, 78226, 64824, 171769, 146509, 145869, 106453, 15059, 23912, 114985, 18342, 49580, 56397, 170459, 26142, 135972, 107672, 86860, 81021, 133582, 133822, 36317, 69082, 29747, 64683, 76029, 41666, 66775, 99997, 112028, 148714, 131985, 144045, 91989, 35107, 33437, 30399, 107512, 159519, 140866, 40344, 59621, 6817, 146556, 172029, 118629, 36125, 47683, 146790, 126895, 159937, 12140, 129715, 130179, 140727, 5165, 112586, 75703, 13833, 41880, 22102, 51642, 57629, 114032, 164023, 60918, 64298, 110496, 99792, 8694, 11924, 647, 57069, 55771, 102196, 125121, 160197, 69173, 22426, 70909, 28406, 48200, 124501, 92666, 51232, 92727, 154349, 98279, 37443, 168164, 30813, 107197, 92524, 81517, 71722, 154268, 160270, 107662, 41013, 70518, 24702, 63173, 29140, 6528, 52036, 77746, 28251, 38004, 7075, 120436, 45296, 25844, 61245, 155655, 166656, 156591, 65773, 161807, 34379, 57578, 31445, 88330, 55551, 104626, 82122, 169445, 67567, 43297, 157223, 86165, 141643, 15719, 128122, 162939, 143870, 89840, 54045, 84728, 166150, 100847, 19607, 57076, 154981, 155734, 37494, 130046, 149516, 4516, 50848, 68905, 160613, 59396, 83462, 77916, 150543, 173259, 61088, 160756, 133443, 90607, 46542, 162895, 171360, 119044, 69306, 129559, 47405, 91146, 142854, 134867, 153833, 41455, 39514, 163407, 31868, 138935, 18343, 124918, 2715, 61970, 58762, 9081, 85839, 122024, 101183, 66239, 118855, 116343, 111657, 56756, 18344, 125269, 155307, 20051, 163762, 126640, 120231, 31291, 61518, 70632, 127094, 121520, 160393, 132036, 11448, 147798, 73253, 90771, 3935, 22623, 94698, 107481, 43266, 167612, 75271, 4835, 134471, 132981, 155408, 141147, 44592, 161502, 61422, 127491, 22446, 97857, 82205, 148024, 172757, 24506, 46202, 143995, 120504, 143791, 17058, 38149, 135831, 91738, 20089, 100802, 66855, 118671, 77522, 4026, 42531, 23127, 86339, 118859, 138392, 158161, 51398, 20509, 89930, 109537, 16104, 69112, 33688, 40734, 141974, 112828, 113526, 176394, 26067, 43470, 70049, 131298, 164640, 44953, 65121, 153729, 126897, 94252, 27074, 81283, 124250, 169763, 121656, 98887, 154989, 24619, 176015, 120905, 7930, 74505, 46183, 167361, 610, 6738, 40200, 42976, 156203, 44040, 138728, 98983, 101217, 105644, 57943, 81379, 65231, 156684, 102118, 26540, 140576, 151323, 140065, 114273, 21294, 45312, 22211, 111933, 5742, 122087, 18264, 107041, 137906, 84269, 57003, 160795, 144844, 105540, 110989, 137409, 22910, 107147, 133779, 33259, 17926, 13924, 174835, 168354, 128090, 33128, 14711, 110417, 87198, 130461, 53388, 22267, 155106, 120711, 56707, 94957, 85528, 113900, 103971, 27146, 126180, 85526, 156911, 53448, 77570, 136405, 95816, 46017, 15716, 115890, 2538, 94282, 44575, 122548, 105388, 117775, 126397, 22891, 28390, 26606, 129831, 143055, 15035, 59727, 1873, 133852, 7200, 54469, 109810, 44041, 39743, 5745, 159058, 162126, 74779, 65928, 132846, 123640, 156759, 126342, 21303, 758, 136198, 59636, 89618, 73956, 68338, 155848, 106651, 72983, 71308, 170433, 61310, 97654, 115351, 21960, 106099, 74356, 117668, 88715, 41721, 519, 17080, 79954, 127187, 29458, 93979, 7525, 6723, 97858, 3408, 154102, 2013, 140452, 29135, 49255, 105034, 111265, 177954, 35985, 141105, 46995, 48256, 47944, 14544, 168487, 128595, 166691, 6112, 56092, 34396, 125677, 164713, 156208, 90126, 155000, 140938, 151518, 30151, 73511, 9790, 88436, 74431, 17050, 57194, 50114, 124242, 41070, 130644, 62231, 48463, 142069, 97737, 106344, 47058, 72705, 89565, 119712, 135, 2874, 88755, 18041, 108293, 100688, 100248, 25608, 153883, 66546, 72740, 54151, 68149, 82149, 165242, 107531, 72876, 118615, 86928, 174307, 160848, 102728, 34470, 43058, 103519, 126228, 111793, 101669, 114485, 100286, 129262, 120043, 117408, 114009, 102479, 132943, 102501, 161591, 143834, 18059, 162515, 152307, 124066, 3078, 34479, 41942, 163495, 148146, 130485, 133960, 130424, 140712, 113274, 99698, 41919, 43038, 15577, 151205, 10879, 59565, 146445, 8110, 88538, 132639, 100746, 157300, 28892, 71117, 50860, 151160, 81831, 59113, 159941, 115996, 35451, 151711, 91804, 2924, 134701, 23225, 166140, 116287, 117656, 165421, 158164, 107854, 13496, 19640, 57780, 128631, 76950, 11857, 154138, 115247, 56112, 10617, 79651, 87738, 11593, 2478, 167155, 94163, 111580, 112164, 53046, 65876, 121642, 154986, 51132, 103456, 141624, 115026, 42762, 83564, 9357, 156464, 32002, 77163, 165550, 49559, 269, 13809, 1993, 32979, 51219, 27802, 143971, 48523, 28131, 168310, 21222, 168270, 83804, 109557, 44132, 129595, 131015, 115832, 21005, 54082, 21791, 165172, 169522, 13869, 92395, 90836, 12104, 11236, 50017, 139337, 95264, 29364, 58116, 74388, 111245, 11985, 42558, 14587, 117620, 139153, 137660, 170210, 138370, 40983, 133640, 152966, 117363, 175376, 35806, 117243, 10980]",752,"[4.0, 3.0, 4.0, 4.0, 5.0, 3.0, 5.0, 5.0, 3.0, 5.0, 4.0, 4.0, 5.0, 3.0, 4.0, 4.0, 4.0, 4.0, 5.0, 5.0, 4.0, 5.0, 5.0, 5.0, 5.0, 5.0, 5.0, 5.0, 4.0, 5.0, 5.0, 5.0, 5.0, 5.0, 5.0, 5.0, 5.0, 5.0, 5.0, 5.0, 5.0, 4.0, 5.0, 5.0, 5.0, 5.0, 5.0, 5.0, 5.0, 5.0, 5.0, 5.0, 5.0, 4.0, 2.0, 5.0, 5.0, 5.0, 5.0, 5.0, 4.0, 5.0, 5.0, 5.0, 5.0, 4.0, 5.0, 5.0, 5.0, 5.0, 5.0, 5.0, 3.0, 5.0, 5.0, 5.0, 3.0, 5.0, 5.0, 5.0, 5.0, 5.0, 5.0, 5.0, 5.0, 5.0, 5.0, 5.0, 5.0, 5.0, 5.0, 3.0, 5.0, 5.0, 5.0, 5.0, 5.0, 5.0, 5.0, 5.0, 5.0, 5.0, 5.0, 5.0, 5.0, 5.0, 5.0, 5.0, 5.0, 5.0, 0.0, 5.0, 4.0, 5.0, 5.0, 5.0, 4.0, 5.0, 5.0, 5.0, 4.0, 5.0, 4.0, 4.0, 4.0, 5.0, 5.0, 4.0, 4.0, 3.0, 5.0, 5.0, 5.0, 5.0, 5.0, 5.0, 5.0, 5.0, 5.0, 5.0, 5.0, 5.0, 4.0, 4.0, 5.0, 5.0, 5.0, 5.0, 5.0, 5.0, 4.0, 5.0, 5.0, 5.0, 5.0, 5.0, 5.0, 5.0, 5.0, 5.0, 5.0, 5.0, 5.0, 5.0, 5.0, 5.0, 5.0, 5.0, 5.0, 5.0, 4.0, 5.0, 5.0, 4.0, 3.0, 5.0, 5.0, 4.0, 4.0, 5.0, 5.0, 5.0, 5.0, 0.0, 5.0, 5.0, 5.0, 5.0, 5.0, 5.0, 5.0, 5.0, 5.0, 1.0, 5.0, 5.0, 5.0, 4.0, 3.0, 5.0, 4.0, 4.0, 4.0, 5.0, 5.0, 4.0, 5.0, 5.0, 5.0, 4.0, 5.0, 3.0, 5.0, 5.0, 5.0, 5.0, 5.0, 5.0, 5.0, 5.0, 5.0, 5.0, 5.0, 5.0, 5.0, 5.0, 5.0, 5.0, 5.0, 4.0, 5.0, 5.0, 5.0, 5.0, 5.0, 5.0, 5.0, 5.0, 5.0, 5.0, 5.0, 4.0, 5.0, 5.0, 5.0, 5.0, 5.0, 5.0, 5.0, 5.0, 5.0, 5.0, 5.0, 4.0, 5.0, 5.0, 5.0, 5.0, 5.0, 5.0, 5.0, 3.0, 5.0, 4.0, 4.0, 5.0, 5.0, 5.0, 5.0, 5.0, 5.0, 5.0, 5.0, 5.0, 5.0, 5.0, 5.0, 5.0, 5.0, 5.0, 5.0, 4.0, 5.0, 5.0, 5.0, 5.0, 5.0, 5.0, 5.0, 5.0, 5.0, 5.0, 5.0, 5.0, 5.0, 2.0, 5.0, 5.0, 5.0, 5.0, 4.0, 5.0, 5.0, 5.0, 5.0, 5.0, 4.0, 5.0, 5.0, 5.0, 5.0, 5.0, 5.0, 5.0, 4.0, 5.0, 5.0, 5.0, 5.0, 5.0, 3.0, 5.0, 5.0, 5.0, 5.0, 5.0, 5.0, 5.0, 5.0, 5.0, 5.0, 5.0, 3.0, 5.0, 5.0, 5.0, 5.0, 5.0, 5.0, 5.0, 4.0, 2.0, 5.0, 5.0, 2.0, 5.0, 5.0, 5.0, 5.0, 5.0, 5.0, 5.0, 5.0, 5.0, 5.0, 5.0, 5.0, 5.0, 5.0, 5.0, 5.0, 5.0, 5.0, 4.0, 5.0, 5.0, 5.0, 1.0, 5.0, 5.0, 5.0, 5.0, 5.0, 5.0, 5.0, 5.0, 5.0, 5.0, 5.0, 5.0, 5.0, 2.0, 4.0, 5.0, 5.0, 5.0, 5.0, 5.0, 5.0, 5.0, 5.0, 4.0, 4.0, 5.0, 5.0, 5.0, 5.0, 5.0, 5.0, 5.0, 5.0, 5.0, 5.0, 5.0, 5.0, 5.0, 5.0, 5.0, 5.0, 5.0, 5.0, 5.0, 5.0, 4.0, 5.0, 4.0, 5.0, 4.0, 4.0, 4.0, 4.0, 3.0, 4.0, 5.0, 4.0, 4.0, 5.0, 5.0, 3.0, 4.0, 5.0, 5.0, 5.0, 5.0, 4.0, 4.0, 4.0, 5.0, 5.0, 5.0, 5.0, 5.0, 5.0, 5.0, 5.0, 2.0, 5.0, 4.0, 5.0, 5.0, 5.0, 5.0, 5.0, 5.0, 4.0, 4.0, 5.0, 5.0, 5.0, 5.0, 4.0, 5.0, 5.0, 3.0, 5.0, 5.0, 5.0, 4.0, 5.0, 5.0, 5.0, 5.0, 5.0, 5.0, 5.0, 3.0, 3.0, 5.0, 5.0, 5.0, 5.0, 5.0, 5.0, 5.0, 5.0, 5.0, 5.0, 5.0, 5.0, 5.0, 5.0, 5.0, 5.0, 5.0, 5.0, 5.0, 5.0, 5.0, 5.0, 4.0, 5.0, 5.0, 5.0, 5.0, 4.0, 5.0, 4.0, 5.0, 5.0, 5.0, 5.0, 5.0, 5.0, 5.0, 5.0, 5.0, 5.0, 5.0, 5.0, 5.0, 5.0, 5.0, 5.0, 5.0, 5.0, 5.0, 5.0, 5.0, 5.0, 5.0, 5.0, 5.0, 2.0, 5.0, 4.0, 3.0, 4.0, 5.0, 5.0, 4.0, 5.0, 4.0, 5.0, 5.0, 5.0, 4.0, 5.0, 4.0, 5.0, 5.0, 5.0, 5.0, 5.0, 5.0, 2.0, 5.0, 5.0, 4.0, 4.0, 5.0, 5.0, 5.0, 5.0, 5.0, 5.0, 4.0, 5.0, 5.0, 5.0, 4.0, 5.0, 5.0, 4.0, 4.0, 5.0, 5.0, 5.0, 2.0, 3.0, 5.0, 5.0, 4.0, 5.0, 4.0, 4.0, 5.0, 3.0, 5.0, 5.0, 5.0, 3.0, 5.0, 5.0, 5.0, 3.0, 5.0, 4.0, 5.0, 3.0, 5.0, 5.0, 5.0, 5.0, 5.0, 3.0, 4.0, 5.0, 5.0, 5.0, 4.0, 5.0, 4.0, 5.0, 5.0, 5.0, 4.0, 4.0, 5.0, 5.0, 5.0, 5.0, 5.0, 4.0, 5.0, 5.0, 4.0, 3.0, 5.0, 4.0, 5.0, 5.0, 5.0, 5.0, 5.0, 5.0, 5.0, 4.0, 5.0, 4.0, 5.0, 5.0, 5.0, 5.0, 4.0, 5.0, 5.0, 5.0, 5.0, 5.0, 5.0, 5.0, 4.0, 5.0, 5.0, 5.0, 4.0, 5.0, 4.0, 5.0, 5.0, 4.0, 5.0, 5.0, 5.0, 5.0, 5.0, 5.0, 5.0, 5.0, 4.0, 5.0, 4.0, 5.0, 5.0, 4.0, 5.0, 5.0, 5.0, 5.0, 5.0, 5.0, 5.0, 4.0, 5.0, 4.0, 4.0, 5.0, 5.0, 4.0, 5.0, 4.0, 4.0, 5.0, 5.0, 5.0, 5.0, 5.0, 5.0, 5.0, 5.0, 4.0, 5.0, 5.0, 5.0, 4.0, 5.0, 4.0, 5.0, 4.0, 5.0, 5.0, 5.0, 5.0, 5.0, 4.0, 5.0, 5.0, 4.0, 5.0, 4.0, 5.0, 5.0, 5.0, 5.0, 5.0, 4.0, 5.0, 5.0, 5.0, 5.0, 3.0, 5.0, 5.0, 5.0, 5.0, 5.0, 4.0, 4.0, 5.0, 5.0, 5.0, 5.0, 5.0, 5.0, 5.0, 5.0, 5.0, 5.0, 5.0, 5.0, 5.0, 5.0]",752
7583,"[1, 0, 0, 1, 3, 0, 0, 0, 0, 3, 1, 0, 0, 0, 0, 0, 3, 0, 0, 0, 1, 0, 0, 0, 0, 0, 0, 1, 2, 1, 0, 0, 0, 2, 0, 0, 0, 0, 2, 0, 0, 0, 1, 3, 0, 0, 3, 0, 0, 0, 1, 0, 0, 0, 0, 1, 0, 3]","[87570, 4396, 174165, 122841, 96827, 169884, 24994, 29810]",8,"[4.0, 4.0, 5.0, 4.0, 4.0, 5.0, 5.0, 5.0]",8
5784,"[3, 0, 0, 0, 2, 0, 0, 0, 0, 2, 0, 0, 0, 0, 0, 0, 0, 0, 0, 0, 0, 0, 0, 0, 0, 0, 1, 0, 0, 0, 0, 0, 0, 4, 0, 0, 0, 0, 1, 0, 0, 0, 0, 1, 0, 0, 1, 0, 0, 0, 0, 0, 0, 1, 0, 1, 1, 0]","[118496, 56353, 119437, 2854, 124230, 92341]",6,"[1.0, 5.0, 5.0, 5.0, 5.0, 5.0]",6
5130,"[17, 0, 0, 12, 8, 0, 0, 2, 0, 19, 0, 4, 0, 0, 1, 0, 7, 0, 0, 0, 10, 3, 0, 3, 1, 0, 0, 2, 9, 2, 0, 0, 0, 21, 0, 2, 7, 2, 2, 0, 0, 2, 9, 10, 0, 0, 8, 0, 0, 2, 0, 0, 0, 4, 3, 9, 6, 6]","[170504, 119810, 157824, 150484, 2310, 114044, 59415, 89851, 60425, 86427, 10654, 28589, 50587, 117073, 108668, 6017, 110341, 37837, 173363, 147602, 149260, 150424, 156198, 104065, 110751, 142953, 134018, 63282, 83879, 99468, 92017, 83571, 136537, 83549, 106451, 142313, 91435, 21734, 86263, 17672, 148855, 41003, 119455, 118114, 177638, 148901, 33266, 48444, 67614, 87789, 66682, 21968, 127634, 27324, 48031, 46490, 112286, 41081, 78174, 89741, 5077, 85340, 133742]",63,"[5.0, 5.0, 5.0, 3.0, 5.0, 3.0, 4.0, 4.0, 5.0, 5.0, 5.0, 5.0, 5.0, 5.0, 5.0, 5.0, 5.0, 2.0, 5.0, 5.0, 4.0, 4.0, 5.0, 4.0, 5.0, 5.0, 4.0, 5.0, 5.0, 5.0, 4.0, 5.0, 4.0, 5.0, 5.0, 5.0, 4.0, 5.0, 5.0, 5.0, 5.0, 5.0, 5.0, 5.0, 5.0, 5.0, 5.0, 5.0, 5.0, 5.0, 5.0, 5.0, 5.0, 5.0, 5.0, 5.0, 5.0, 5.0, 5.0, 5.0, 5.0, 5.0, 5.0]",63
1651,"[5, 0, 0, 1, 3, 0, 0, 0, 0, 2, 1, 0, 0, 0, 0, 0, 1, 0, 0, 0, 0, 0, 0, 0, 1, 0, 0, 0, 0, 1, 0, 0, 0, 2, 0, 0, 2, 2, 0, 0, 0, 0, 1, 0, 0, 0, 1, 0, 0, 0, 0, 0, 0, 1, 0, 1, 3, 1]","[46332, 146828, 55863, 4573, 99787, 68373, 103033, 157740, 630, 9520]",10,"[4.0, 4.0, 4.0, 5.0, 2.0, 5.0, 5.0, 5.0, 5.0, 5.0]",10
9426,"[28, 0, 0, 10, 6, 0, 0, 1, 0, 24, 2, 0, 0, 0, 0, 0, 3, 0, 0, 1, 2, 0, 1, 2, 1, 0, 1, 2, 10, 3, 0, 1, 0, 19, 0, 1, 5, 3, 6, 0, 0, 1, 6, 4, 1, 0, 7, 1, 0, 1, 0, 0, 0, 2, 2, 1, 0, 5]","[174384, 100858, 37701, 25060, 53461, 84437, 136503, 76372, 110067, 136088, 59415, 157244, 34602, 62289, 71574, 36629, 106236, 43301, 80962, 154943, 74201, 155263, 35402, 118879, 28151, 177882, 69992, 82019, 74270, 61725, 6208, 108002, 62794, 141351, 56686, 59850, 136122, 24634, 124120, 61174, 115241, 96781, 173517, 120917, 56088, 39764, 52407, 146112, 99318, 29579, 46218, 145246]",52,"[1.0, 5.0, 5.0, 5.0, 5.0, 5.0, 5.0, 5.0, 5.0, 4.0, 5.0, 5.0, 5.0, 2.0, 5.0, 5.0, 1.0, 5.0, 4.0, 5.0, 5.0, 5.0, 5.0, 5.0, 5.0, 5.0, 5.0, 5.0, 5.0, 5.0, 5.0, 5.0, 5.0, 5.0, 5.0, 5.0, 5.0, 5.0, 5.0, 5.0, 5.0, 5.0, 5.0, 5.0, 2.0, 5.0, 5.0, 5.0, 5.0, 5.0, 5.0, 5.0]",52
12727,"[2, 0, 0, 2, 2, 0, 0, 1, 0, 5, 0, 0, 0, 0, 1, 0, 4, 0, 0, 1, 1, 0, 0, 1, 0, 0, 0, 1, 2, 2, 0, 0, 0, 3, 0, 0, 1, 1, 1, 0, 0, 0, 1, 1, 0, 0, 1, 1, 0, 1, 0, 0, 0, 1, 0, 0, 0, 1]","[62225, 73956, 23728, 89444, 170097, 39049, 139333, 161432, 12558, 61019, 10895]",11,"[5.0, 5.0, 4.0, 5.0, 5.0, 5.0, 3.0, 5.0, 4.0, 5.0, 5.0]",11
9275,"[12, 0, 0, 6, 8, 0, 0, 1, 0, 8, 1, 1, 0, 0, 0, 0, 8, 0, 0, 2, 2, 1, 0, 2, 0, 0, 0, 1, 13, 2, 0, 0, 0, 7, 0, 0, 3, 2, 3, 0, 0, 2, 6, 5, 0, 0, 3, 1, 0, 0, 0, 1, 0, 1, 1, 6, 4, 1]","[115502, 22975, 113698, 35079, 38457, 163193, 136789, 72432, 101819, 96302, 15173, 147180, 6955, 134662, 91525, 6061, 19297, 42168, 139093, 172161, 115884, 90678, 111217, 139822, 111487, 56425, 55551, 79996, 130480, 65482, 102699, 82121]",32,"[5.0, 5.0, 5.0, 5.0, 5.0, 5.0, 5.0, 5.0, 5.0, 5.0, 5.0, 5.0, 5.0, 5.0, 5.0, 5.0, 5.0, 5.0, 5.0, 5.0, 5.0, 5.0, 5.0, 5.0, 5.0, 5.0, 5.0, 5.0, 0.0, 5.0, 5.0, 5.0]",32
3403,"[5, 0, 0, 1, 1, 0, 0, 0, 1, 5, 4, 0, 0, 0, 1, 0, 4, 0, 0, 0, 1, 1, 0, 0, 0, 0, 1, 0, 6, 0, 0, 0, 0, 5, 0, 1, 0, 2, 1, 0, 0, 4, 2, 4, 0, 1, 1, 0, 0, 0, 0, 0, 0, 0, 0, 2, 0, 1]","[43762, 47132, 4907, 147180, 35524, 55862, 83302, 82291, 158829, 1334, 64311, 43748, 134610, 171454, 14739]",15,"[4.0, 5.0, 5.0, 5.0, 5.0, 5.0, 5.0, 5.0, 4.0, 4.0, 4.0, 4.0, 5.0, 5.0, 0.0]",15
18110,"[6, 0, 0, 2, 3, 0, 0, 0, 0, 5, 0, 0, 0, 0, 0, 0, 3, 0, 0, 0, 0, 0, 0, 0, 0, 0, 0, 0, 5, 1, 0, 0, 0, 4, 0, 0, 2, 0, 2, 0, 0, 0, 2, 4, 1, 0, 2, 0, 0, 0, 0, 0, 0, 1, 0, 0, 0, 0]","[85979, 24610, 34492, 128343, 80328, 99923, 97127, 71200, 136059, 33252, 39732]",11,"[0.0, 5.0, 5.0, 4.0, 0.0, 3.0, 5.0, 5.0, 5.0, 5.0, 5.0]",11
1249,"[105, 2, 0, 39, 60, 0, 1, 10, 2, 85, 9, 6, 1, 0, 6, 0, 47, 0, 0, 7, 16, 10, 2, 10, 1, 0, 1, 12, 65, 11, 0, 6, 0, 65, 1, 5, 38, 10, 27, 2, 0, 12, 37, 51, 6, 3, 28, 0, 0, 5, 1, 1, 0, 21, 10, 25, 7, 17]","[86081, 174758, 173261, 127080, 28340, 17877, 84787, 10184, 73493, 73879, 55588, 53200, 1458, 119213, 115883, 55771, 80403, 148579, 42401, 161447, 136784, 4635, 99666, 63191, 27559, 87859, 140444, 29518, 37047, 140365, 77304, 98186, 82954, 137034, 30210, 44078, 72213, 117356, 84210, 93906, 116876, 69477, 118121, 91951, 19766, 81311, 107806, 53183, 39652, 2305, 2084, 46214, 37977, 122449, 2172, 106656, 45089, 65762, 155678, 144458, 38991, 19519, 51699, 62611, 26686, 128794, 131489, 33853, 30579, 53939, 67650, 99450, 165216, 113717, 129398, 35050, 74730, 93194, 23746, 52425, 4778, 95433, 160235, 15966, 82252, 125969, 79911, 117994, 152981, 68310, 161912, 58188, 10283, 170115, 10529, 46612, 162035, 50909, 121436, 40248, 102339, 154321, 109331, 8628, 127482, 54076, 72632, 70332, 135210, 130591, 111998, 84727, 18572, 34990, 21342, 130209, 97888, 159412, 94710, 116931, 18609, 26703, 39953, 75226, 130625, 111161, 116390, 22663, 134885, 137726, 78376, 160999, 127354, 152408, 20113, 114911, 89202, 89589, 85063, 98600, 117680, 86210, 116178, 74890, 157582, 97110, 102287, 124656, 157528, 8612, 168316, 108128, 49238, 75464, 134471, 52892, 31149, 42543, 37359, 39491, 177733, 14633, 93852, 59473, 136352, 123100, 83236, 148781, 154104, 102991, 129640, 93435, 47073, 134411, 73094, 79193, 109476, 151942, 43760, 22416, 2280, 34648, 33715, 150444, 27182, 76230, 6952, 8644, 69328, 145031, 150520, 40948, 117269, 177562, 36471, 40853, 117197, 90891, 8784, 110598, 158254, 155464, 41939, 26064, 20392, 74729, 23109, 23520, 99247, 12643, 29944, 43071, 66747, 116058, 116822, 130556, 10251, 165660, 155638, 123787, 51805, 162616, 106139, 90327, 112486, 150242, 32052, 175210, 135747, 155387, 45005, 90450, 158777, 91421, 95878, 1852, 15758, 4658, 29660, 97952, 84822, 33282, 137746, 150792, 67291, 455, 10872, 29949, 69799, 45930, 112365, 55429, 58471, 96231, 166115, 79672, 160387, 93334, 93142, 71039, 60736]",261,"[5.0, 5.0, 5.0, 5.0, 5.0, 5.0, 5.0, 5.0, 5.0, 5.0, 5.0, 5.0, 5.0, 4.0, 5.0, 5.0, 5.0, 5.0, 5.0, 5.0, 5.0, 5.0, 5.0, 5.0, 5.0, 5.0, 5.0, 5.0, 4.0, 3.0, 5.0, 5.0, 5.0, 5.0, 5.0, 5.0, 5.0, 5.0, 5.0, 5.0, 5.0, 5.0, 5.0, 5.0, 5.0, 5.0, 5.0, 5.0, 5.0, 5.0, 4.0, 5.0, 5.0, 5.0, 5.0, 5.0, 5.0, 5.0, 5.0, 5.0, 5.0, 5.0, 5.0, 5.0, 5.0, 5.0, 4.0, 5.0, 5.0, 5.0, 5.0, 5.0, 5.0, 5.0, 5.0, 5.0, 5.0, 5.0, 3.0, 5.0, 5.0, 5.0, 5.0, 5.0, 5.0, 3.0, 4.0, 5.0, 5.0, 4.0, 5.0, 5.0, 5.0, 5.0, 5.0, 5.0, 5.0, 5.0, 5.0, 5.0, 4.0, 5.0, 5.0, 5.0, 5.0, 5.0, 5.0, 5.0, 5.0, 5.0, 5.0, 5.0, 5.0, 5.0, 5.0, 5.0, 5.0, 5.0, 5.0, 5.0, 5.0, 5.0, 5.0, 5.0, 5.0, 5.0, 5.0, 5.0, 5.0, 5.0, 5.0, 5.0, 5.0, 4.0, 4.0, 4.0, 5.0, 5.0, 5.0, 5.0, 5.0, 5.0, 5.0, 5.0, 5.0, 5.0, 5.0, 5.0, 5.0, 5.0, 5.0, 5.0, 5.0, 5.0, 5.0, 5.0, 5.0, 5.0, 5.0, 5.0, 5.0, 5.0, 5.0, 5.0, 5.0, 5.0, 5.0, 5.0, 4.0, 4.0, 5.0, 5.0, 5.0, 5.0, 5.0, 5.0, 5.0, 5.0, 5.0, 5.0, 5.0, 4.0, 5.0, 5.0, 5.0, 5.0, 5.0, 5.0, 5.0, 5.0, 4.0, 5.0, 5.0, 5.0, 5.0, 5.0, 5.0, 5.0, 5.0, 5.0, 5.0, 4.0, 5.0, 5.0, 5.0, 5.0, 5.0, 0.0, 5.0, 5.0, 4.0, 5.0, 5.0, 4.0, 5.0, 5.0, 5.0, 5.0, 5.0, 0.0, 5.0, 5.0, 0.0, 5.0, 5.0, 5.0, 5.0, 5.0, 5.0, 5.0, 4.0, 5.0, 5.0, 5.0, 5.0, 5.0, 5.0, 5.0, 5.0, 5.0, 5.0, 5.0, 5.0, 5.0, 5.0, 5.0, 4.0, 5.0, 4.0, 5.0, 5.0, 5.0, 5.0, 5.0, 5.0, 5.0, 5.0, 5.0, 5.0, 5.0, 5.0]",261
15021,"[5, 0, 0, 1, 1, 0, 0, 2, 0, 6, 1, 1, 0, 0, 0, 0, 1, 0, 0, 0, 0, 1, 0, 0, 0, 0, 0, 1, 3, 0, 0, 0, 0, 3, 0, 0, 0, 0, 0, 1, 0, 1, 1, 0, 1, 0, 1, 0, 0, 0, 0, 0, 0, 1, 0, 0, 0, 0]","[19461, 15148, 71062, 107257, 28968, 72607, 147180, 109910]",8,"[5.0, 4.0, 5.0, 4.0, 5.0, 4.0, 4.0, 4.0]",8
4925,"[19, 0, 0, 2, 7, 0, 0, 1, 0, 11, 1, 0, 1, 0, 1, 0, 11, 0, 0, 2, 3, 2, 0, 0, 1, 0, 0, 1, 6, 4, 0, 0, 0, 8, 1, 1, 2, 0, 5, 0, 0, 6, 4, 4, 5, 0, 5, 0, 0, 1, 0, 0, 0, 2, 1, 3, 2, 0]","[136827, 121973, 15538, 49522, 124050, 62342, 93495, 95519, 59794, 10662, 128476, 132274, 174756, 134796, 101121, 93209, 64889, 143309, 135627, 46297, 18192, 68033, 88113, 29940, 109272, 141680, 77333, 2245, 89113, 163108, 115022, 57457, 3259, 91792, 26460, 154960, 89140, 101904, 153685, 169303, 66478]",41,"[5.0, 5.0, 5.0, 5.0, 5.0, 5.0, 5.0, 4.0, 4.0, 4.0, 4.0, 3.0, 5.0, 4.0, 5.0, 4.0, 4.0, 4.0, 4.0, 4.0, 5.0, 5.0, 5.0, 5.0, 4.0, 4.0, 4.0, 4.0, 5.0, 5.0, 4.0, 4.0, 5.0, 5.0, 5.0, 5.0, 5.0, 5.0, 5.0, 4.0, 5.0]",41
10012,"[5, 0, 0, 3, 2, 0, 0, 0, 0, 4, 0, 0, 0, 0, 0, 0, 1, 0, 0, 2, 1, 1, 0, 2, 0, 0, 0, 1, 0, 0, 0, 0, 0, 2, 0, 2, 1, 0, 0, 0, 0, 1, 2, 0, 0, 0, 2, 0, 0, 1, 0, 0, 0, 0, 0, 0, 0, 0]","[13467, 143228, 34076, 21903, 65301, 119656, 152073, 155931, 142183, 6927]",10,"[5.0, 5.0, 5.0, 5.0, 4.0, 4.0, 4.0, 4.0, 4.0, 4.0]",10
7772,"[10, 0, 0, 2, 5, 0, 0, 0, 0, 4, 0, 0, 0, 0, 1, 0, 3, 0, 0, 0, 0, 0, 0, 0, 1, 0, 0, 3, 4, 1, 0, 0, 0, 1, 0, 0, 1, 0, 1, 0, 0, 1, 1, 3, 0, 0, 2, 0, 0, 0, 0, 0, 0, 1, 0, 2, 1, 0]","[4708, 140898, 147317, 105485, 112964, 4573, 170520, 89769, 166665, 82202, 87864, 157752, 27680, 80264, 143078, 10735]",16,"[4.0, 5.0, 4.0, 5.0, 5.0, 5.0, 5.0, 3.0, 5.0, 5.0, 2.0, 4.0, 3.0, 0.0, 4.0, 4.0]",16
8066,"[8, 0, 0, 2, 5, 0, 0, 1, 0, 3, 0, 0, 1, 0, 1, 0, 1, 0, 0, 0, 2, 0, 0, 1, 0, 0, 0, 2, 4, 0, 0, 0, 0, 8, 0, 0, 0, 1, 5, 0, 0, 0, 10, 7, 0, 0, 2, 0, 0, 0, 0, 0, 0, 2, 1, 1, 0, 0]","[125306, 64350, 9519, 52741, 64603, 128787, 56027, 146010, 100266, 79091, 160154, 4827, 23291, 141290, 114447, 37858, 89925, 51967, 74419, 88109, 155329, 148114]",22,"[4.0, 0.0, 4.0, 5.0, 4.0, 3.0, 4.0, 4.0, 5.0, 5.0, 4.0, 5.0, 5.0, 5.0, 4.0, 5.0, 4.0, 0.0, 4.0, 5.0, 5.0, 4.0]",22
6441,"[1, 0, 0, 2, 3, 0, 0, 0, 0, 3, 0, 0, 0, 0, 0, 0, 1, 0, 0, 1, 0, 0, 0, 1, 0, 0, 0, 1, 1, 0, 0, 0, 0, 2, 0, 0, 0, 0, 0, 0, 0, 1, 2, 0, 0, 0, 2, 0, 0, 0, 0, 3, 0, 1, 0, 1, 0, 0]","[3392, 131030, 4683, 48693, 90940, 30339]",6,"[5.0, 5.0, 5.0, 5.0, 5.0, 5.0]",6
4908,"[13, 0, 0, 3, 8, 0, 0, 2, 0, 13, 1, 1, 1, 0, 0, 0, 3, 0, 0, 0, 4, 1, 0, 0, 0, 0, 0, 1, 6, 1, 0, 0, 0, 11, 0, 0, 4, 1, 8, 0, 0, 2, 5, 5, 0, 0, 5, 0, 0, 1, 0, 0, 0, 4, 1, 4, 0, 4]","[2229, 53724, 24435, 4493, 16169, 173517, 67599, 148364, 137333, 166426, 41593, 120480, 142743, 116813, 15054, 155664, 134233, 160684, 91768, 36155, 106975, 123296, 25023, 67867, 97330, 51552, 144603, 126235, 131785, 125637, 62976, 29762, 93026]",33,"[3.0, 5.0, 5.0, 5.0, 4.0, 0.0, 0.0, 4.0, 0.0, 5.0, 4.0, 5.0, 5.0, 5.0, 4.0, 5.0, 5.0, 3.0, 4.0, 5.0, 5.0, 4.0, 5.0, 5.0, 5.0, 5.0, 5.0, 4.0, 5.0, 5.0, 5.0, 5.0, 0.0]",33
12599,"[6, 0, 0, 1, 2, 0, 0, 0, 1, 2, 0, 0, 0, 0, 0, 0, 0, 0, 0, 0, 0, 0, 0, 0, 0, 0, 0, 0, 0, 0, 0, 0, 0, 4, 0, 0, 1, 0, 0, 0, 0, 0, 0, 0, 0, 0, 0, 0, 0, 0, 0, 0, 0, 1, 0, 0, 0, 0]","[53049, 118496, 135071, 58504, 21213, 101486, 20380]",7,"[0.0, 5.0, 5.0, 5.0, 5.0, 5.0, 5.0]",7
20402,"[6, 0, 0, 1, 1, 0, 0, 0, 0, 2, 0, 0, 0, 0, 0, 0, 0, 0, 0, 0, 0, 0, 0, 0, 0, 0, 0, 0, 2, 0, 0, 0, 0, 1, 0, 1, 0, 0, 1, 0, 0, 0, 0, 0, 0, 0, 1, 0, 0, 1, 0, 0, 0, 1, 0, 1, 0, 0]","[128791, 33965, 60201, 176248, 93193, 44817, 161141, 124230]",8,"[5.0, 5.0, 5.0, 5.0, 5.0, 5.0, 5.0, 5.0]",8
166,"[12, 1, 0, 6, 12, 0, 0, 2, 0, 12, 0, 0, 1, 0, 0, 0, 6, 0, 0, 5, 3, 1, 0, 3, 0, 0, 0, 1, 10, 1, 0, 0, 0, 13, 0, 1, 6, 2, 2, 0, 0, 2, 7, 5, 1, 0, 0, 1, 0, 0, 1, 0, 0, 4, 1, 1, 3, 3]","[105003, 23591, 14545, 28483, 33850, 78611, 143688, 23226, 69273, 68109, 43025, 157, 52132, 51197, 72427, 17750, 90547, 36552, 120570, 134012, 14944, 43117, 122681, 139012, 108950, 146034, 37126, 68157, 107608, 105729, 45300, 43482, 145695, 76726, 101290, 152328, 88577, 72055, 31917, 4441, 26365, 71, 106835, 49772]",44,"[5.0, 5.0, 5.0, 5.0, 5.0, 5.0, 5.0, 5.0, 5.0, 5.0, 5.0, 5.0, 5.0, 5.0, 5.0, 4.0, 5.0, 5.0, 5.0, 5.0, 4.0, 5.0, 5.0, 4.0, 5.0, 5.0, 4.0, 5.0, 5.0, 5.0, 4.0, 5.0, 5.0, 5.0, 5.0, 5.0, 5.0, 5.0, 4.0, 5.0, 4.0, 5.0, 5.0, 5.0]",44
6964,"[10, 0, 0, 3, 2, 0, 0, 0, 0, 6, 1, 0, 0, 0, 0, 0, 3, 0, 0, 0, 3, 0, 0, 0, 0, 0, 0, 2, 5, 0, 0, 0, 0, 6, 0, 0, 0, 0, 0, 0, 0, 1, 3, 3, 0, 0, 1, 0, 0, 0, 0, 0, 0, 1, 0, 3, 1, 3]","[71578, 127080, 170734, 27335, 90427, 106785, 100101, 135143, 80222, 76381, 134105, 7480, 3869, 113588, 144458, 29880, 19316, 27288, 55237, 57207]",20,"[5.0, 5.0, 5.0, 5.0, 5.0, 5.0, 5.0, 5.0, 5.0, 5.0, 5.0, 5.0, 4.0, 5.0, 5.0, 5.0, 5.0, 5.0, 5.0, 4.0]",20
542,"[40, 2, 0, 16, 23, 1, 0, 5, 0, 34, 9, 2, 0, 0, 2, 0, 27, 0, 0, 7, 4, 5, 0, 7, 2, 0, 8, 6, 15, 1, 0, 0, 0, 25, 2, 2, 11, 8, 4, 1, 0, 4, 19, 16, 7, 0, 7, 1, 0, 2, 0, 1, 0, 6, 1, 4, 3, 3]","[7050, 55188, 8911, 17360, 15940, 29214, 40382, 1022, 63435, 37047, 174377, 88407, 144052, 70560, 92002, 71738, 91587, 4554, 137361, 112158, 76425, 127317, 55253, 29645, 3209, 120956, 68378, 79316, 92748, 27570, 77723, 115508, 122289, 148842, 171950, 161086, 6891, 44652, 6569, 78435, 97738, 91094, 154689, 153565, 21617, 45312, 103749, 61398, 41145, 122721, 150412, 103513, 11613, 61560, 147230, 6041, 78593, 113077, 95150, 103606, 103201, 90698, 56001, 65855, 73888, 102719, 133219, 102699, 103556, 99697, 84964, 18091, 33876, 148114, 156631, 62176, 1334, 171740, 41044, 127796, 156978, 11279, 16698, 98299, 47298, 70918, 68803, 129155, 193, 7223, 79996, 138342, 106990, 84422, 103324, 36326, 111943, 12273, 149624, 31671, 126761, 163273, 21188]",103,"[2.0, 5.0, 5.0, 5.0, 5.0, 5.0, 4.0, 5.0, 5.0, 5.0, 5.0, 4.0, 4.0, 4.0, 5.0, 5.0, 5.0, 5.0, 5.0, 5.0, 5.0, 5.0, 3.0, 4.0, 5.0, 5.0, 4.0, 5.0, 5.0, 5.0, 5.0, 5.0, 5.0, 5.0, 5.0, 5.0, 5.0, 5.0, 5.0, 4.0, 5.0, 5.0, 5.0, 2.0, 5.0, 4.0, 5.0, 4.0, 5.0, 5.0, 5.0, 5.0, 5.0, 5.0, 5.0, 5.0, 5.0, 5.0, 5.0, 5.0, 5.0, 5.0, 5.0, 5.0, 5.0, 3.0, 5.0, 5.0, 5.0, 5.0, 5.0, 4.0, 5.0, 5.0, 5.0, 5.0, 5.0, 5.0, 5.0, 5.0, 5.0, 5.0, 5.0, 5.0, 5.0, 5.0, 5.0, 5.0, 5.0, 5.0, 0.0, 4.0, 5.0, 4.0, 5.0, 5.0, 5.0, 5.0, 4.0, 4.0, 4.0, 5.0, 0.0]",103
6604,"[11, 1, 1, 3, 11, 0, 0, 0, 0, 9, 3, 1, 0, 0, 2, 0, 5, 0, 0, 1, 3, 0, 0, 0, 0, 0, 0, 1, 5, 0, 0, 0, 0, 10, 0, 1, 2, 0, 6, 0, 0, 4, 6, 3, 1, 1, 5, 1, 0, 1, 0, 0, 0, 3, 0, 4, 1, 2]","[81116, 170732, 64693, 101200, 60898, 97368, 65163, 48307, 118508, 129397, 64470, 36722, 116463, 109618, 137157, 105478, 80962, 20578, 17321, 136118, 106926, 48842, 114795, 134610, 50909, 164596, 14739]",27,"[5.0, 4.0, 5.0, 5.0, 5.0, 5.0, 4.0, 5.0, 5.0, 5.0, 5.0, 4.0, 5.0, 5.0, 5.0, 5.0, 5.0, 5.0, 5.0, 5.0, 5.0, 5.0, 5.0, 4.0, 5.0, 5.0, 5.0]",27
2189,"[5, 0, 0, 5, 5, 0, 0, 1, 0, 12, 0, 1, 0, 0, 3, 0, 6, 0, 0, 0, 4, 2, 0, 2, 0, 0, 3, 1, 1, 0, 0, 0, 0, 9, 0, 1, 3, 2, 4, 0, 0, 0, 4, 4, 0, 0, 5, 0, 0, 0, 0, 2, 0, 4, 2, 4, 0, 4]","[54676, 127741, 128509, 97401, 2098, 70819, 88965, 106602, 23143, 49963, 77557, 63295, 824, 22818, 51606, 99791, 62364, 34017, 147327, 152272, 58993, 131023, 29995, 165519, 76308]",25,"[5.0, 5.0, 5.0, 5.0, 5.0, 3.0, 5.0, 5.0, 5.0, 4.0, 5.0, 5.0, 5.0, 5.0, 4.0, 5.0, 5.0, 5.0, 5.0, 5.0, 5.0, 5.0, 5.0, 5.0, 5.0]",25
14615,"[6, 0, 0, 3, 1, 0, 0, 1, 0, 6, 0, 0, 0, 0, 0, 0, 2, 0, 0, 0, 3, 1, 0, 1, 0, 0, 0, 0, 1, 1, 0, 0, 0, 0, 0, 0, 3, 1, 0, 0, 0, 0, 1, 2, 0, 0, 1, 0, 0, 0, 0, 0, 0, 1, 0, 1, 0, 1]","[95442, 14363, 21273, 170317, 82411, 41819, 21722, 176543, 173110, 71592, 55031]",11,"[3.0, 5.0, 5.0, 5.0, 5.0, 4.0, 5.0, 5.0, 5.0, 4.0, 4.0]",11
13667,"[2, 0, 0, 0, 1, 0, 0, 0, 0, 2, 2, 1, 0, 0, 0, 0, 1, 0, 0, 0, 0, 0, 0, 0, 0, 0, 0, 0, 5, 1, 0, 0, 0, 2, 0, 0, 0, 1, 2, 0, 0, 0, 1, 0, 0, 0, 1, 0, 0, 1, 0, 0, 0, 0, 0, 0, 0, 0]","[51957, 70820, 99787, 99107, 143020, 86306, 55023]",7,"[5.0, 5.0, 5.0, 5.0, 5.0, 5.0, 5.0]",7
19986,"[4, 0, 0, 0, 0, 0, 0, 0, 0, 2, 0, 0, 0, 0, 0, 0, 0, 0, 0, 0, 0, 2, 0, 0, 0, 0, 0, 1, 4, 0, 0, 0, 0, 1, 0, 0, 0, 0, 0, 0, 0, 1, 1, 2, 0, 0, 0, 0, 0, 0, 0, 0, 0, 1, 0, 1, 0, 0]","[124503, 147180, 138882, 32114, 97711, 156978]",6,"[5.0, 4.0, 3.0, 4.0, 5.0, 5.0]",6
23678,"[5, 0, 0, 1, 1, 0, 0, 0, 0, 3, 0, 0, 0, 0, 0, 0, 0, 0, 0, 0, 0, 0, 0, 0, 0, 0, 0, 0, 0, 0, 0, 0, 0, 4, 0, 0, 0, 0, 0, 0, 0, 0, 0, 1, 0, 1, 0, 0, 0, 0, 0, 0, 0, 0, 0, 0, 0, 0]","[67990, 87645, 66204, 154667, 115668, 143407, 62217]",7,"[5.0, 5.0, 5.0, 4.0, 5.0, 5.0, 4.0]",7
6199,"[22, 0, 0, 9, 7, 0, 0, 0, 1, 16, 4, 4, 0, 0, 1, 0, 8, 0, 0, 1, 2, 3, 0, 1, 0, 0, 1, 1, 8, 2, 0, 1, 0, 12, 0, 0, 10, 1, 1, 0, 0, 3, 3, 9, 0, 0, 12, 0, 0, 2, 0, 0, 0, 3, 0, 8, 6, 5]","[55772, 46841, 54421, 77528, 134610, 46132, 150229, 29165, 156278, 170673, 163671, 10184, 90536, 20685, 21213, 90467, 1652, 50899, 177884, 76014, 79996, 19641, 68803, 52334, 101574, 105732, 149768, 19942, 27449, 110079, 177130, 113669, 58497, 113698, 174816, 31840, 10735, 107580, 139655, 100133, 34928, 75291, 165232, 4489, 135857, 171328, 59987, 171950]",48,"[0.0, 5.0, 5.0, 5.0, 4.0, 5.0, 5.0, 5.0, 5.0, 5.0, 3.0, 5.0, 5.0, 5.0, 4.0, 4.0, 5.0, 5.0, 5.0, 5.0, 5.0, 5.0, 5.0, 5.0, 5.0, 5.0, 4.0, 5.0, 5.0, 5.0, 3.0, 4.0, 5.0, 5.0, 4.0, 5.0, 5.0, 4.0, 3.0, 5.0, 5.0, 5.0, 5.0, 5.0, 5.0, 4.0, 5.0, 5.0]",48
1670,"[17, 1, 1, 7, 5, 0, 0, 1, 0, 18, 1, 0, 0, 0, 0, 0, 13, 0, 0, 0, 2, 1, 1, 1, 0, 0, 1, 2, 9, 0, 0, 1, 0, 9, 0, 0, 8, 2, 3, 0, 1, 0, 4, 6, 1, 2, 3, 0, 0, 0, 0, 0, 0, 0, 2, 5, 1, 5]","[119366, 168048, 64532, 156978, 153014, 72518, 17884, 12340, 15389, 647, 107224, 74426, 29283, 39762, 143777, 54571, 38153, 81026, 21496, 98797, 13466, 75119, 47034, 111660, 43071, 12114, 64802, 1040, 82741, 148345, 31702, 26166, 156188, 27050, 72580, 41081, 13451, 63252, 88428, 13479, 102269]",41,"[5.0, 5.0, 5.0, 5.0, 5.0, 5.0, 5.0, 5.0, 5.0, 5.0, 5.0, 5.0, 5.0, 5.0, 5.0, 5.0, 5.0, 5.0, 5.0, 5.0, 5.0, 5.0, 5.0, 5.0, 5.0, 5.0, 5.0, 5.0, 5.0, 5.0, 5.0, 0.0, 5.0, 5.0, 5.0, 5.0, 5.0, 5.0, 5.0, 4.0, 5.0]",41
992,"[84, 2, 1, 34, 41, 0, 0, 5, 0, 71, 5, 4, 3, 0, 11, 0, 28, 0, 0, 6, 23, 5, 4, 12, 4, 0, 3, 9, 34, 8, 1, 1, 1, 58, 0, 2, 18, 6, 14, 0, 0, 3, 34, 42, 0, 2, 15, 4, 0, 5, 0, 3, 0, 14, 11, 27, 4, 16]","[78868, 90038, 85237, 49294, 123206, 17372, 77737, 94381, 159360, 124448, 97738, 55929, 157690, 24010, 64527, 118755, 78851, 141267, 168463, 96762, 96652, 171301, 45712, 48721, 131256, 75645, 9989, 138779, 132192, 136284, 166440, 111443, 131085, 97573, 50633, 20348, 90840, 118457, 170284, 170854, 170943, 149406, 38392, 156230, 126644, 116383, 125893, 41108, 159156, 153993, 93695, 5394, 122602, 165596, 160974, 143742, 17914, 166923, 13225, 100562, 161589, 153589, 101604, 71595, 85541, 100163, 25387, 33102, 97975, 70374, 53915, 76265, 20923, 156978, 84860, 137875, 77725, 33305, 13996, 79230, 32645, 91259, 74291, 159761, 46085, 128981, 77357, 22265, 44337, 92820, 70782, 98754, 1538, 30914, 58545, 176719, 32975, 13842, 40152, 95427, 80282, 37827, 38896, 164417, 128461, 50145, 111876, 80842, 138586, 16285, 1629, 108728, 70960, 6664, 88712, 74013, 147583, 69707, 26560, 19085, 149561, 142947, 133440, 116457, 619, 106926, 54348, 157603, 175636, 35977, 91776, 136097, 58937, 137959, 13603, 105031, 144470, 10318, 79814, 2627, 10641, 149981, 155307, 86532, 75959, 76971, 79194, 29872, 98360, 49351, 23824, 95372, 37229, 40945, 95716, 107163, 15713, 29741, 147674, 15908, 17943, 18871, 1821, 20585, 130206, 155998, 80389, 21229, 20408, 29317, 132445, 7938, 72949, 46490, 168741, 16635, 142970, 66749, 69068, 111039, 95592, 164140, 135034, 168506, 25163, 106444, 98833, 2435, 120, 72705, 334, 146944, 81969, 30143, 123439, 66458, 170446, 106159, 160654, 120674, 101144]",201,"[5.0, 5.0, 5.0, 5.0, 5.0, 5.0, 5.0, 3.0, 4.0, 4.0, 5.0, 5.0, 5.0, 5.0, 5.0, 5.0, 5.0, 5.0, 5.0, 5.0, 5.0, 5.0, 5.0, 5.0, 4.0, 5.0, 5.0, 5.0, 4.0, 5.0, 5.0, 3.0, 4.0, 5.0, 5.0, 5.0, 4.0, 4.0, 5.0, 4.0, 5.0, 3.0, 5.0, 5.0, 5.0, 5.0, 5.0, 5.0, 5.0, 0.0, 5.0, 5.0, 5.0, 5.0, 4.0, 5.0, 5.0, 5.0, 4.0, 5.0, 5.0, 5.0, 5.0, 5.0, 5.0, 5.0, 4.0, 5.0, 5.0, 3.0, 5.0, 5.0, 5.0, 5.0, 5.0, 4.0, 5.0, 5.0, 4.0, 5.0, 4.0, 5.0, 4.0, 5.0, 5.0, 4.0, 5.0, 5.0, 4.0, 4.0, 5.0, 5.0, 4.0, 5.0, 5.0, 5.0, 5.0, 5.0, 5.0, 4.0, 5.0, 5.0, 5.0, 5.0, 5.0, 4.0, 5.0, 4.0, 5.0, 5.0, 3.0, 5.0, 5.0, 5.0, 5.0, 5.0, 5.0, 5.0, 5.0, 5.0, 4.0, 4.0, 4.0, 4.0, 4.0, 5.0, 5.0, 4.0, 5.0, 5.0, 5.0, 4.0, 5.0, 5.0, 5.0, 5.0, 5.0, 5.0, 5.0, 4.0, 5.0, 5.0, 5.0, 5.0, 5.0, 5.0, 4.0, 5.0, 5.0, 3.0, 5.0, 4.0, 4.0, 4.0, 5.0, 5.0, 3.0, 4.0, 5.0, 4.0, 4.0, 4.0, 5.0, 5.0, 5.0, 4.0, 5.0, 5.0, 5.0, 5.0, 5.0, 5.0, 5.0, 5.0, 5.0, 5.0, 5.0, 5.0, 4.0, 4.0, 5.0, 2.0, 3.0, 3.0, 4.0, 5.0, 5.0, 5.0, 4.0, 4.0, 5.0, 4.0, 4.0, 4.0, 3.0, 5.0, 5.0, 3.0, 4.0, 5.0, 5.0]",201
9397,"[4, 0, 0, 1, 7, 0, 0, 0, 0, 3, 0, 1, 0, 0, 0, 0, 4, 0, 0, 0, 1, 1, 0, 1, 0, 0, 2, 1, 4, 1, 0, 0, 0, 2, 0, 0, 2, 2, 2, 0, 0, 0, 5, 1, 0, 0, 0, 0, 0, 0, 0, 0, 0, 0, 0, 2, 0, 2]","[132891, 138674, 170918, 169019, 99301, 65855, 24309, 78501, 77252, 103787, 156181, 6190, 127762, 135604]",14,"[3.0, 4.0, 5.0, 4.0, 5.0, 4.0, 5.0, 5.0, 5.0, 5.0, 5.0, 5.0, 5.0, 4.0]",14
11818,"[4, 0, 0, 0, 2, 0, 0, 0, 0, 3, 1, 0, 0, 0, 0, 0, 0, 0, 0, 0, 0, 0, 0, 0, 0, 0, 0, 1, 2, 0, 0, 0, 0, 3, 0, 0, 1, 0, 1, 0, 0, 0, 1, 1, 0, 0, 1, 0, 0, 0, 1, 0, 0, 2, 0, 1, 0, 0]","[85169, 9325, 28552, 69497, 151044, 37359, 154916]",7,"[5.0, 5.0, 5.0, 5.0, 5.0, 5.0, 5.0]",7
3608,"[3, 0, 0, 1, 2, 0, 0, 0, 0, 3, 0, 0, 0, 0, 0, 0, 3, 0, 0, 0, 1, 1, 0, 0, 0, 0, 0, 1, 2, 0, 0, 0, 0, 3, 0, 0, 1, 0, 1, 0, 0, 0, 4, 2, 0, 0, 0, 1, 0, 0, 0, 0, 0, 1, 1, 1, 1, 0]","[121509, 85697, 62794, 1509, 15173, 36611, 174023, 127317]",8,"[5.0, 5.0, 5.0, 5.0, 5.0, 5.0, 5.0, 5.0]",8
10302,"[4, 0, 0, 0, 1, 0, 0, 0, 0, 1, 0, 0, 0, 0, 0, 0, 2, 0, 0, 0, 0, 1, 0, 0, 1, 0, 0, 0, 1, 0, 0, 0, 0, 2, 0, 0, 1, 0, 0, 0, 0, 1, 1, 2, 0, 0, 1, 0, 0, 0, 0, 0, 0, 0, 0, 0, 0, 0]","[95173, 16435, 31206, 73879, 104492, 7234]",6,"[4.0, 5.0, 5.0, 5.0, 5.0, 5.0]",6
7632,"[26, 1, 0, 7, 10, 0, 0, 0, 1, 18, 2, 1, 0, 0, 0, 0, 8, 0, 0, 2, 1, 0, 0, 2, 4, 0, 1, 3, 4, 0, 0, 1, 0, 7, 0, 2, 2, 1, 7, 0, 0, 1, 10, 11, 0, 0, 10, 1, 0, 2, 0, 1, 0, 2, 1, 2, 1, 3]","[115734, 140095, 155867, 21036, 66593, 50899, 46876, 127506, 45708, 175865, 7801, 142281, 98787, 75297, 105173, 153597, 33599, 176894, 161396, 99725, 106153, 138065, 80954, 59739, 129007, 95703, 166441, 169484, 23642, 97466, 99885, 56425, 175189, 114402, 10119, 67666, 4442, 10637, 154916, 35702, 51713, 49370, 92341, 39079, 81220, 158588, 176853, 102527, 82525]",49,"[5.0, 5.0, 5.0, 5.0, 5.0, 5.0, 5.0, 4.0, 5.0, 5.0, 5.0, 5.0, 5.0, 5.0, 5.0, 5.0, 4.0, 5.0, 5.0, 5.0, 5.0, 5.0, 5.0, 4.0, 5.0, 5.0, 5.0, 4.0, 5.0, 5.0, 5.0, 5.0, 0.0, 5.0, 5.0, 5.0, 5.0, 5.0, 5.0, 5.0, 5.0, 5.0, 5.0, 5.0, 5.0, 5.0, 5.0, 5.0, 5.0]",49
3674,"[11, 0, 0, 6, 7, 0, 0, 0, 0, 15, 0, 2, 0, 0, 0, 0, 5, 0, 0, 0, 6, 0, 0, 0, 0, 0, 0, 0, 4, 1, 0, 0, 0, 8, 0, 0, 0, 2, 0, 0, 0, 1, 5, 3, 0, 0, 1, 1, 0, 0, 0, 0, 0, 2, 1, 1, 1, 3]","[117356, 37348, 101819, 73325, 42383, 4509, 148455, 67106, 5571, 99338, 39192, 4573, 37047, 26773, 161412, 60487, 136432, 36646, 129885, 73956, 54149, 62794, 153318, 156106, 39832, 102669, 1561, 93815, 112978, 43057, 109305, 45570]",32,"[5.0, 5.0, 5.0, 5.0, 5.0, 5.0, 4.0, 5.0, 4.0, 5.0, 5.0, 0.0, 5.0, 5.0, 5.0, 2.0, 5.0, 5.0, 5.0, 5.0, 5.0, 5.0, 5.0, 5.0, 5.0, 5.0, 5.0, 5.0, 5.0, 5.0, 5.0, 5.0]",32
7436,"[12, 0, 0, 1, 3, 0, 0, 0, 0, 8, 0, 1, 0, 0, 0, 0, 6, 0, 0, 1, 3, 0, 0, 2, 2, 0, 3, 1, 6, 0, 0, 0, 0, 10, 0, 0, 4, 0, 3, 0, 0, 0, 3, 5, 0, 0, 7, 0, 0, 0, 0, 0, 0, 1, 1, 1, 0, 0]","[112413, 147708, 111487, 175164, 131887, 92341, 19316, 38016, 89683, 33562, 47956, 66012, 4233, 146303, 172969, 55772, 96010, 72712, 97918, 155727, 46172, 30448, 9331]",23,"[5.0, 4.0, 5.0, 5.0, 5.0, 5.0, 5.0, 4.0, 5.0, 5.0, 5.0, 5.0, 5.0, 0.0, 5.0, 5.0, 5.0, 0.0, 5.0, 5.0, 5.0, 5.0, 4.0]",23
435,"[54, 2, 0, 15, 37, 0, 1, 3, 1, 45, 10, 4, 0, 0, 3, 0, 24, 0, 0, 6, 17, 7, 1, 6, 2, 0, 1, 5, 24, 7, 0, 0, 0, 53, 0, 5, 10, 6, 15, 1, 0, 6, 33, 33, 1, 1, 18, 2, 0, 3, 1, 1, 0, 17, 1, 11, 1, 11]","[11102, 134610, 68281, 56856, 8524, 56058, 104965, 125637, 69223, 156452, 109508, 135153, 112626, 151347, 103415, 80024, 18143, 127812, 20290, 78028, 109709, 97415, 171328, 60151, 89517, 103290, 17519, 125669, 137631, 126949, 99787, 72427, 16920, 143636, 59660, 16694, 78687, 26572, 56402, 112978, 29628, 149671, 37531, 19329, 106491, 113616, 34906, 84944, 158486, 30965, 100057, 111101, 174036, 60734, 50265, 108449, 151037, 37489, 84276, 165421, 119040, 75661, 97738, 69534, 108613, 165058, 166668, 1334, 21913, 34399, 110909, 53664, 1224, 17235, 96723, 162822, 161791, 29084, 95593, 63522, 16586, 45728, 173765, 16435, 86859, 58775, 60115, 66593, 138304, 126935, 92258, 107663, 54421, 86476, 1653, 160804, 324, 16960, 1022, 133995, 163100, 52334, 4861, 165219, 109776, 156, 141600, 165307, 8960, 80020, 14205, 21617, 103800, 148461, 90427, 75244, 116132, 17421, 41090, 25456, 123213, 75467, 151126, 160154, 51492, 161617, 136931, 41144, 93404, 41173, 126516, 163739, 50909, 89888, 136937, 11466, 127317, 52779, 89471, 112749]",140,"[5.0, 5.0, 3.0, 5.0, 5.0, 4.0, 4.0, 5.0, 4.0, 5.0, 5.0, 4.0, 5.0, 5.0, 4.0, 4.0, 4.0, 3.0, 5.0, 5.0, 5.0, 5.0, 5.0, 4.0, 3.0, 5.0, 5.0, 5.0, 5.0, 4.0, 5.0, 5.0, 3.0, 4.0, 4.0, 3.0, 4.0, 4.0, 5.0, 5.0, 5.0, 5.0, 4.0, 3.0, 5.0, 5.0, 5.0, 4.0, 4.0, 5.0, 5.0, 3.0, 5.0, 4.0, 4.0, 2.0, 5.0, 5.0, 3.0, 5.0, 5.0, 5.0, 4.0, 5.0, 5.0, 5.0, 3.0, 4.0, 3.0, 5.0, 4.0, 5.0, 4.0, 5.0, 3.0, 5.0, 5.0, 4.0, 3.0, 5.0, 3.0, 4.0, 5.0, 5.0, 4.0, 5.0, 5.0, 5.0, 5.0, 5.0, 4.0, 5.0, 5.0, 5.0, 4.0, 5.0, 3.0, 5.0, 4.0, 4.0, 5.0, 4.0, 4.0, 4.0, 5.0, 3.0, 5.0, 5.0, 3.0, 5.0, 5.0, 4.0, 4.0, 4.0, 4.0, 5.0, 5.0, 4.0, 5.0, 3.0, 5.0, 5.0, 0.0, 4.0, 5.0, 5.0, 5.0, 4.0, 0.0, 0.0, 5.0, 5.0, 4.0, 5.0, 0.0, 5.0, 4.0, 4.0, 5.0, 4.0]",140
8249,"[5, 0, 0, 0, 3, 0, 0, 0, 0, 1, 0, 1, 0, 0, 1, 0, 2, 0, 0, 0, 0, 0, 0, 0, 1, 0, 0, 0, 1, 0, 0, 0, 0, 2, 0, 0, 0, 0, 1, 0, 0, 1, 2, 1, 0, 0, 1, 0, 0, 0, 0, 0, 0, 1, 0, 1, 0, 0]","[5043, 47877, 45777, 73879, 20278, 106559]",6,"[5.0, 5.0, 5.0, 0.0, 4.0, 5.0]",6
6574,"[12, 0, 0, 4, 5, 0, 0, 0, 0, 12, 1, 1, 0, 0, 1, 0, 2, 0, 0, 2, 0, 0, 0, 0, 1, 0, 0, 1, 6, 1, 0, 0, 0, 3, 0, 0, 2, 1, 1, 0, 0, 0, 5, 0, 0, 0, 4, 0, 0, 1, 0, 1, 0, 2, 1, 0, 0, 1]","[47319, 132583, 3483, 54421, 46129, 34410, 171717, 50899, 52334, 57676, 77095, 163428, 101819, 10394, 37359, 114710, 114402, 89177, 110062, 145695, 71436, 13950]",22,"[5.0, 5.0, 5.0, 5.0, 4.0, 2.0, 5.0, 5.0, 5.0, 0.0, 5.0, 4.0, 0.0, 5.0, 5.0, 5.0, 4.0, 5.0, 4.0, 4.0, 3.0, 5.0]",22
11718,"[4, 0, 0, 2, 0, 0, 0, 0, 0, 0, 1, 0, 0, 0, 0, 0, 1, 0, 0, 0, 1, 1, 0, 0, 0, 0, 0, 0, 1, 0, 0, 0, 0, 2, 0, 0, 1, 0, 1, 0, 0, 0, 0, 1, 0, 0, 0, 0, 0, 0, 0, 0, 0, 0, 0, 1, 1, 0]","[132116, 172754, 29645, 134610, 82370, 9204]",6,"[4.0, 5.0, 5.0, 5.0, 5.0, 5.0]",6
2609,"[49, 0, 0, 14, 11, 0, 0, 2, 1, 37, 1, 2, 0, 0, 0, 0, 13, 0, 0, 3, 7, 5, 2, 2, 1, 0, 0, 1, 21, 2, 1, 1, 0, 13, 0, 0, 9, 2, 6, 0, 0, 4, 9, 11, 0, 0, 10, 0, 0, 2, 0, 1, 0, 3, 4, 7, 4, 3]","[28880, 38543, 20553, 47291, 38287, 94219, 78409, 19148, 7825, 85411, 84437, 118181, 87970, 119837, 5900, 102888, 75785, 160849, 64383, 12168, 83257, 142952, 168816, 49063, 70066, 1119, 55241, 117217, 171915, 169703, 39604, 42398, 2388, 39906, 104568, 72975, 18233, 173433, 35512, 29746, 137222, 110751, 139799, 50811, 124468, 3693, 103656, 54041, 141074, 107735, 25279, 71666, 156507, 2467, 10070, 113878, 100022, 45973, 82430, 143166, 994, 56843, 78497, 127169, 15862, 35766, 129976, 77877, 47791, 105996, 73319, 76918, 107827, 150197, 62927, 32484, 89157, 114150, 120013, 29518, 156091, 23441, 135961, 41383]",84,"[4.0, 5.0, 4.0, 0.0, 5.0, 5.0, 4.0, 5.0, 4.0, 4.0, 5.0, 5.0, 5.0, 5.0, 4.0, 5.0, 5.0, 5.0, 5.0, 5.0, 5.0, 5.0, 5.0, 5.0, 5.0, 5.0, 4.0, 4.0, 5.0, 5.0, 5.0, 5.0, 5.0, 5.0, 5.0, 5.0, 4.0, 5.0, 5.0, 5.0, 5.0, 5.0, 4.0, 5.0, 5.0, 4.0, 5.0, 5.0, 5.0, 5.0, 5.0, 5.0, 5.0, 5.0, 5.0, 5.0, 5.0, 5.0, 5.0, 5.0, 4.0, 5.0, 5.0, 5.0, 5.0, 5.0, 4.0, 5.0, 5.0, 4.0, 5.0, 5.0, 5.0, 5.0, 5.0, 5.0, 5.0, 5.0, 5.0, 5.0, 5.0, 5.0, 5.0, 5.0]",84
2648,"[10, 2, 0, 4, 7, 0, 0, 2, 0, 20, 1, 2, 0, 0, 0, 0, 9, 0, 0, 1, 2, 3, 0, 14, 0, 0, 3, 0, 6, 2, 0, 0, 0, 12, 0, 0, 9, 3, 2, 0, 0, 2, 4, 8, 3, 0, 4, 0, 0, 0, 0, 0, 0, 2, 0, 8, 1, 3]","[1652, 87873, 59346, 107735, 57921, 28552, 103369, 154330, 161029, 152911, 94801, 112184, 4039, 4049, 35438, 56123, 3300, 148239, 87424, 42106, 65965, 171182, 994, 72664, 133467, 109193, 130591, 140161, 74052, 38839, 40486, 138055, 46874, 172147, 9846, 173536, 175193, 163529, 94903, 72401, 104654, 154054, 131968, 93802, 122043, 6935, 21371]",47,"[4.0, 4.0, 3.0, 4.0, 2.0, 4.0, 4.0, 2.0, 4.0, 3.0, 3.0, 4.0, 4.0, 3.0, 3.0, 3.0, 3.0, 3.0, 2.0, 3.0, 4.0, 5.0, 3.0, 3.0, 2.0, 4.0, 4.0, 4.0, 5.0, 4.0, 4.0, 4.0, 3.0, 4.0, 4.0, 4.0, 5.0, 4.0, 5.0, 3.0, 3.0, 4.0, 5.0, 4.0, 3.0, 4.0, 5.0]",47
1225,"[165, 3, 0, 58, 111, 3, 0, 9, 2, 138, 5, 9, 1, 1, 13, 0, 81, 0, 0, 14, 35, 13, 2, 18, 2, 0, 10, 18, 103, 18, 1, 6, 0, 109, 0, 6, 32, 29, 47, 0, 1, 10, 84, 85, 12, 2, 41, 3, 0, 6, 3, 4, 2, 43, 6, 40, 18, 30]","[147916, 52117, 161055, 171519, 10028, 12857, 78028, 175559, 70850, 172638, 174552, 56894, 20900, 118496, 170398, 5289, 135594, 27749, 145875, 147583, 116997, 161218, 156278, 46699, 14576, 24882, 130520, 17258, 107300, 69629, 119333, 11115, 9656, 102809, 170812, 165937, 4198, 135657, 149789, 111633, 147875, 141997, 68498, 25221, 99521, 130235, 18733, 160477, 32519, 169062, 176390, 65143, 107286, 126139, 3016, 139798, 152631, 1652, 113600, 90149, 153212, 95511, 124284, 160999, 125928, 24206, 3411, 114745, 167126, 29727, 59263, 166465, 94862, 48693, 154456, 107733, 110420, 166859, 158632, 118852, 17999, 86871, 63286, 92422, 8241, 15493, 33854, 163625, 141804, 160554, 27665, 104486, 28781, 94591, 24107, 145988, 145569, 64328, 135961, 56686, 8836, 45824, 130409, 106893, 145359, 86661, 149424, 121670, 46487, 136088, 135422, 69745, 92237, 177991, 5965, 77616, 17621, 165966, 102152, 70167, 117477, 37248, 47560, 84375, 176796, 112984, 128213, 127814, 158107, 98347, 93227, 176366, 54533, 151425, 7702, 11556, 61501, 102581, 71774, 32634, 3003, 92216, 154525, 150790, 75942, 107994, 63573, 134610, 4328, 119540, 91967, 168126, 109383, 36775, 73164, 72572, 3337, 177269, 114954, 61136, 69635, 143819, 39603, 62185, 162217, 156079, 90625, 68803, 50210, 110118, 103175, 108243, 80813, 33625, 27541, 61607, 54892, 137515, 83938, 160614, 3292, 434, 150231, 23532, 122958, 19075, 127752, 130577, 135740, 100819, 112056, 136312, 39661, 117522, 114973, 111349, 156847, 117619, 76645, 43199, 41563, 86639, 64301, 129055, 86841, 122502, 104392, 145435, 21776, 52393, 160902, 111983, 160292, 159581, 84493, 154282, 131419, 115557, 16323, 10830, 23285, 123505, 177936, 119408, 141694, 37674, 122320, 109713, 170638, 90003, 108314, 46272, 114633, 89833, 3314, 168936, 105478, 138184, 158815, 130972, 101794, 99278, 145854, 133421, 115552, 107336, 163259, 117146, 155736, 144201, 111421, 21468, 120186, 37288, 145910, 124238, 20741, 78435, 126876, 36037, 24061, 134742, 61141, 136920, 160550, 95267, 146239, 88276, 82143, 111683, 154512, 82504, 170669, 28897, 138882, 26049, 1659, 131131, 135349, 28301, 176544, 114795, 73202, 28100, 133385, 32449, 145695, 27522, 177116, 154872, 103049, 133687, 131286, 73465, 54151, 6869, 132668, 175149, 116477, 81857, 22857, 98055, 113651, 145733, 18266, 156002, 484, 60931, 152406, 34560, 168471, 2095, 35446, 151729, 56450, 41137, 147702, 51314, 175636, 154689, 37082, 19297, 53135, 10566, 152417, 51781, 54450, 174602, 49994, 165077, 121603, 125108, 91805, 164596, 98359, 144766, 111896, 81517, 109508, 37359, 174146, 55772, 91792, 129903, 125645, 70894, 143612, 147654, 111161, 175684, 50356, 14807, 100416, 163533, 168898, 21876, 65970, 104222, 32166, 56428, 98601, 174788, 152137, 107958, 78726, 18138, 91541, 55538, 79140, 108984, 46069, 140991, 100414, 79150, 94045, 19423, 37186, 89285, 137644, 11776, 29231, 35770, 124852, 48175, 144035, 19634, 110644, 151548, 147161, 125560, 120725, 149787, 104930, 154511, 76060, 170029, 145258, 41827, 77681, 178134, 142972, 143872, 65340, 85434, 18508, 85448, 146901, 158950, 137959, 18445, 58002, 8472, 159014, 70089, 54127, 120428, 153741, 163108, 124600, 49181, 113136, 116201, 73888, 108002, 86180, 72296, 142043, 54360, 51841]",429,"[3.0, 4.0, 5.0, 4.0, 4.0, 5.0, 4.0, 5.0, 5.0, 4.0, 5.0, 4.0, 4.0, 5.0, 4.0, 5.0, 4.0, 4.0, 5.0, 5.0, 5.0, 5.0, 5.0, 5.0, 4.0, 4.0, 5.0, 5.0, 5.0, 5.0, 4.0, 5.0, 4.0, 4.0, 5.0, 5.0, 4.0, 4.0, 5.0, 5.0, 4.0, 5.0, 5.0, 4.0, 5.0, 5.0, 5.0, 5.0, 5.0, 4.0, 4.0, 4.0, 5.0, 5.0, 5.0, 5.0, 5.0, 5.0, 5.0, 5.0, 4.0, 4.0, 5.0, 5.0, 5.0, 5.0, 5.0, 4.0, 4.0, 5.0, 5.0, 4.0, 5.0, 5.0, 4.0, 5.0, 4.0, 4.0, 5.0, 5.0, 4.0, 5.0, 5.0, 5.0, 3.0, 5.0, 5.0, 5.0, 3.0, 5.0, 5.0, 5.0, 5.0, 3.0, 4.0, 4.0, 4.0, 4.0, 5.0, 5.0, 5.0, 5.0, 5.0, 5.0, 5.0, 5.0, 5.0, 5.0, 5.0, 5.0, 5.0, 5.0, 5.0, 5.0, 5.0, 5.0, 4.0, 4.0, 4.0, 4.0, 5.0, 5.0, 5.0, 4.0, 5.0, 4.0, 4.0, 4.0, 5.0, 5.0, 5.0, 5.0, 4.0, 4.0, 4.0, 4.0, 5.0, 5.0, 5.0, 5.0, 5.0, 5.0, 5.0, 5.0, 4.0, 4.0, 3.0, 4.0, 5.0, 5.0, 5.0, 4.0, 4.0, 5.0, 4.0, 4.0, 5.0, 4.0, 4.0, 4.0, 5.0, 4.0, 5.0, 5.0, 4.0, 5.0, 4.0, 5.0, 5.0, 4.0, 5.0, 4.0, 5.0, 3.0, 5.0, 4.0, 5.0, 3.0, 5.0, 4.0, 4.0, 4.0, 4.0, 5.0, 5.0, 4.0, 4.0, 4.0, 5.0, 5.0, 5.0, 5.0, 5.0, 3.0, 5.0, 5.0, 5.0, 5.0, 4.0, 5.0, 5.0, 5.0, 5.0, 5.0, 5.0, 4.0, 4.0, 5.0, 5.0, 5.0, 4.0, 5.0, 4.0, 5.0, 5.0, 4.0, 5.0, 5.0, 5.0, 5.0, 4.0, 4.0, 5.0, 5.0, 4.0, 4.0, 4.0, 4.0, 4.0, 5.0, 5.0, 5.0, 5.0, 5.0, 5.0, 5.0, 5.0, 5.0, 4.0, 5.0, 4.0, 0.0, 5.0, 5.0, 5.0, 4.0, 5.0, 5.0, 5.0, 5.0, 4.0, 5.0, 0.0, 4.0, 4.0, 5.0, 3.0, 5.0, 4.0, 5.0, 4.0, 5.0, 4.0, 5.0, 4.0, 4.0, 5.0, 5.0, 5.0, 4.0, 5.0, 5.0, 5.0, 5.0, 5.0, 5.0, 5.0, 5.0, 5.0, 5.0, 5.0, 5.0, 5.0, 5.0, 5.0, 5.0, 5.0, 5.0, 5.0, 5.0, 5.0, 4.0, 5.0, 5.0, 4.0, 5.0, 4.0, 4.0, 4.0, 5.0, 4.0, 5.0, 4.0, 4.0, 5.0, 5.0, 5.0, 5.0, 5.0, 5.0, 5.0, 5.0, 5.0, 5.0, 5.0, 5.0, 5.0, 5.0, 5.0, 5.0, 5.0, 5.0, 4.0, 5.0, 5.0, 4.0, 4.0, 5.0, 5.0, 4.0, 5.0, 5.0, 5.0, 4.0, 5.0, 5.0, 5.0, 5.0, 5.0, 5.0, 5.0, 5.0, 5.0, 5.0, 5.0, 5.0, 5.0, 5.0, 4.0, 5.0, 3.0, 4.0, 3.0, 4.0, 4.0, 5.0, 4.0, 5.0, 4.0, 5.0, 5.0, 5.0, 5.0, 5.0, 5.0, 5.0, 4.0, 4.0, 5.0, 5.0, 5.0, 3.0, 5.0, 5.0, 5.0, 4.0, 5.0, 5.0, 5.0, 5.0, 5.0, 5.0, 4.0, 5.0, 3.0, 5.0, 4.0, 5.0, 4.0, 4.0, 5.0, 5.0, 5.0, 5.0, 5.0, 4.0, 4.0, 5.0, 5.0, 5.0, 5.0, 5.0, 5.0, 4.0, 5.0, 5.0, 5.0, 5.0, 0.0, 5.0, 5.0, 5.0, 5.0, 0.0, 5.0, 5.0, 5.0, 5.0, 5.0, 5.0, 5.0, 0.0, 5.0, 0.0, 5.0, 5.0, 5.0, 5.0, 5.0]",429
801,"[15, 1, 0, 4, 13, 0, 0, 0, 0, 11, 2, 1, 0, 0, 1, 0, 6, 0, 0, 0, 3, 1, 0, 1, 0, 0, 1, 3, 11, 2, 0, 0, 0, 13, 0, 0, 2, 3, 8, 0, 1, 0, 8, 12, 0, 0, 1, 0, 0, 0, 0, 2, 0, 9, 2, 2, 0, 6]","[49095, 52386, 117477, 946, 49182, 16635, 35380, 113963, 35128, 80222, 141468, 143378, 79338, 46842, 26508, 127312, 60797, 64311, 99787, 119351, 36957, 37359, 108605, 19942, 135071, 1308, 267, 78929, 104261, 65231, 136274, 94092, 138882, 98854, 147342, 115476, 76981, 11760, 51468, 108850]",40,"[5.0, 3.0, 5.0, 5.0, 5.0, 5.0, 3.0, 0.0, 5.0, 3.0, 5.0, 5.0, 5.0, 4.0, 5.0, 5.0, 5.0, 5.0, 5.0, 5.0, 4.0, 5.0, 5.0, 4.0, 5.0, 4.0, 5.0, 3.0, 5.0, 5.0, 5.0, 4.0, 5.0, 4.0, 5.0, 4.0, 5.0, 5.0, 4.0, 5.0]",40
11640,"[5, 0, 0, 0, 0, 0, 0, 0, 0, 2, 0, 0, 0, 0, 0, 0, 0, 0, 0, 0, 0, 0, 1, 0, 1, 0, 0, 0, 1, 0, 0, 0, 0, 2, 0, 0, 2, 0, 0, 0, 0, 0, 0, 1, 0, 1, 2, 0, 0, 0, 0, 0, 0, 0, 0, 1, 0, 1]","[161791, 150229, 146153, 94618, 73879, 174552]",6,"[4.0, 5.0, 5.0, 5.0, 5.0, 5.0]",6
11025,"[11, 0, 0, 9, 20, 1, 0, 1, 0, 15, 2, 1, 0, 0, 0, 0, 14, 0, 0, 0, 3, 1, 0, 2, 0, 0, 3, 2, 7, 2, 0, 0, 0, 9, 0, 2, 6, 4, 3, 0, 0, 2, 12, 7, 2, 0, 4, 2, 0, 2, 0, 1, 0, 7, 0, 10, 1, 9]","[65486, 47704, 27910, 81305, 90144, 58396, 72401, 147621, 160279, 57508, 77997, 8240, 134190, 148828, 44577, 89218, 34884, 101819, 155102, 80226, 39145, 110389, 26175, 58872, 106219, 153851, 125352, 42940, 75894, 160367, 177463, 45937, 46337, 73729, 37359, 106868, 106973, 92564, 152879, 158576, 129193, 106640, 46149, 156330, 161376, 26101, 58946]",47,"[5.0, 4.0, 5.0, 5.0, 0.0, 4.0, 5.0, 5.0, 5.0, 5.0, 4.0, 5.0, 4.0, 5.0, 5.0, 0.0, 5.0, 5.0, 5.0, 4.0, 5.0, 5.0, 4.0, 5.0, 5.0, 5.0, 5.0, 5.0, 4.0, 5.0, 5.0, 5.0, 5.0, 5.0, 4.0, 5.0, 5.0, 5.0, 5.0, 5.0, 5.0, 5.0, 5.0, 5.0, 5.0, 4.0, 5.0]",47
11692,"[4, 0, 0, 1, 4, 0, 0, 1, 0, 4, 3, 0, 0, 0, 0, 0, 1, 0, 0, 1, 1, 0, 0, 1, 0, 0, 0, 2, 4, 1, 0, 0, 0, 5, 0, 0, 0, 1, 0, 0, 0, 0, 2, 3, 0, 0, 0, 0, 0, 0, 0, 0, 0, 0, 0, 0, 0, 0]","[157499, 95087, 86071, 9369, 41334, 73242, 9190, 129439, 145206, 73888, 169950, 130650]",12,"[5.0, 4.0, 5.0, 5.0, 5.0, 5.0, 5.0, 5.0, 5.0, 5.0, 5.0, 5.0]",12
2264,"[24, 0, 0, 5, 4, 0, 0, 0, 0, 13, 3, 0, 0, 0, 0, 0, 5, 0, 0, 0, 3, 0, 0, 0, 0, 0, 0, 3, 11, 2, 0, 1, 0, 12, 0, 0, 4, 1, 2, 0, 0, 2, 4, 5, 2, 0, 6, 0, 0, 0, 1, 0, 0, 1, 1, 2, 1, 0]","[73519, 7926, 143777, 124050, 45660, 123206, 43820, 79089, 874, 109485, 101596, 119837, 175614, 19653, 148125, 82657, 103556, 123563, 4790, 147694, 5485, 137851, 173111, 54608, 6061, 35402, 130650, 27874, 92292, 159152, 168258, 80636, 143216, 108005, 172521, 162892, 130591, 84364]",38,"[4.0, 0.0, 5.0, 5.0, 5.0, 4.0, 3.0, 5.0, 5.0, 5.0, 0.0, 3.0, 5.0, 5.0, 4.0, 4.0, 5.0, 5.0, 5.0, 5.0, 5.0, 3.0, 5.0, 4.0, 5.0, 5.0, 4.0, 3.0, 5.0, 4.0, 5.0, 5.0, 5.0, 4.0, 5.0, 5.0, 5.0, 5.0]",38
3258,"[7, 0, 0, 1, 11, 0, 0, 0, 0, 4, 0, 0, 0, 0, 0, 0, 6, 0, 0, 1, 3, 2, 0, 0, 0, 0, 0, 1, 8, 2, 0, 0, 0, 5, 0, 2, 1, 1, 5, 0, 0, 0, 8, 7, 0, 0, 3, 0, 0, 2, 1, 1, 0, 3, 2, 2, 0, 3]","[145784, 21424, 139928, 40652, 154767, 79832, 142353, 167159, 4301, 75036, 57749, 127080, 165557, 75048, 76235, 48691, 53056, 1328, 8660, 62145, 151901, 78187, 55425, 51249, 113719, 89224, 47061, 125790, 103795, 77215, 24101]",31,"[5.0, 5.0, 5.0, 3.0, 4.0, 4.0, 5.0, 5.0, 5.0, 5.0, 4.0, 5.0, 5.0, 5.0, 5.0, 5.0, 5.0, 5.0, 5.0, 5.0, 5.0, 5.0, 5.0, 5.0, 5.0, 4.0, 5.0, 4.0, 3.0, 4.0, 0.0]",31
9465,"[5, 0, 0, 2, 0, 0, 0, 0, 0, 1, 0, 0, 0, 0, 0, 0, 1, 0, 0, 0, 0, 0, 0, 0, 0, 0, 0, 0, 0, 0, 0, 0, 0, 3, 0, 0, 0, 0, 0, 0, 0, 0, 0, 1, 0, 0, 1, 0, 0, 0, 0, 0, 0, 0, 0, 0, 0, 0]","[159761, 6278, 70806, 60822, 111043, 58620]",6,"[5.0, 5.0, 5.0, 5.0, 5.0, 5.0]",6
9444,"[3, 0, 0, 0, 0, 0, 0, 0, 0, 2, 0, 0, 0, 0, 0, 0, 0, 0, 0, 1, 0, 0, 0, 2, 0, 0, 2, 0, 2, 1, 0, 0, 0, 5, 0, 0, 0, 0, 0, 0, 0, 1, 0, 0, 0, 0, 0, 0, 0, 0, 0, 0, 0, 0, 1, 0, 0, 1]","[94469, 109665, 6242, 77745, 169698, 11404]",6,"[5.0, 4.0, 4.0, 5.0, 5.0, 4.0]",6
15737,"[8, 0, 0, 4, 7, 0, 0, 0, 0, 10, 2, 1, 0, 0, 0, 0, 3, 0, 0, 0, 0, 1, 0, 2, 0, 0, 1, 0, 1, 0, 0, 0, 0, 6, 0, 1, 4, 1, 5, 0, 0, 0, 4, 5, 2, 0, 4, 0, 0, 0, 0, 0, 0, 2, 0, 7, 2, 4]","[120860, 45573, 147374, 16605, 118670, 31749, 53122, 31024, 133297, 91649, 115836, 128071, 99653, 55598, 61522, 130470, 52334, 163625, 137025, 67653, 130541, 166582]",22,"[5.0, 0.0, 5.0, 5.0, 5.0, 5.0, 5.0, 5.0, 0.0, 4.0, 5.0, 5.0, 5.0, 5.0, 5.0, 5.0, 4.0, 5.0, 5.0, 0.0, 5.0, 5.0]",22
3386,"[53, 1, 0, 19, 24, 0, 0, 0, 0, 33, 3, 4, 0, 0, 0, 0, 19, 0, 0, 1, 3, 2, 0, 1, 5, 0, 0, 2, 24, 9, 0, 2, 0, 38, 2, 1, 18, 2, 3, 0, 0, 4, 12, 7, 1, 0, 11, 0, 0, 3, 0, 0, 0, 8, 4, 10, 15, 7]","[37047, 23291, 109485, 158535, 35149, 76579, 93816, 100339, 105440, 45968, 139158, 75425, 28056, 44551, 149777, 76425, 124501, 125637, 157215, 62225, 32128, 26929, 89402, 136577, 66981, 78822, 29182, 18787, 3019, 2576, 155736, 89888, 85542, 72793, 57768, 155626, 2116, 41255, 86173, 68109, 130357, 167200, 125605, 48316, 54328, 38777, 62488, 177903, 59303, 101963, 150747, 11335, 81238, 73519, 15993, 72357, 134610, 165244, 144033, 176248, 113422, 112564, 121029, 7926, 45120, 45106, 67313, 30052, 147243, 33594, 153152, 147057, 89185, 129505, 150578, 142568, 85439, 101122, 90121, 139822, 78697, 97975, 150138, 38419, 10118, 57484, 135840, 80236, 99184, 140421, 55829, 6444, 102591, 1334, 13548, 65971, 62041, 86041, 99787, 4790, 107166, 8998, 143661, 37960, 100567, 62427, 55559, 104261, 77616, 129122, 31278]",111,"[4.0, 5.0, 5.0, 5.0, 5.0, 5.0, 5.0, 5.0, 5.0, 5.0, 5.0, 5.0, 5.0, 5.0, 5.0, 4.0, 3.0, 5.0, 5.0, 5.0, 5.0, 5.0, 0.0, 5.0, 5.0, 4.0, 5.0, 5.0, 5.0, 5.0, 5.0, 5.0, 4.0, 5.0, 5.0, 5.0, 5.0, 5.0, 5.0, 5.0, 5.0, 5.0, 5.0, 5.0, 5.0, 5.0, 0.0, 5.0, 5.0, 5.0, 4.0, 4.0, 5.0, 5.0, 4.0, 5.0, 5.0, 0.0, 5.0, 4.0, 4.0, 5.0, 5.0, 3.0, 0.0, 5.0, 5.0, 5.0, 4.0, 5.0, 5.0, 5.0, 5.0, 5.0, 5.0, 5.0, 5.0, 5.0, 4.0, 5.0, 3.0, 5.0, 4.0, 4.0, 5.0, 4.0, 4.0, 5.0, 5.0, 5.0, 5.0, 4.0, 5.0, 5.0, 5.0, 5.0, 5.0, 5.0, 5.0, 0.0, 5.0, 0.0, 5.0, 5.0, 0.0, 5.0, 5.0, 5.0, 5.0, 5.0, 3.0]",111
537,"[9, 0, 0, 3, 8, 0, 0, 2, 0, 13, 0, 0, 0, 0, 1, 0, 11, 0, 0, 1, 6, 2, 1, 1, 0, 0, 0, 1, 9, 0, 0, 0, 0, 10, 1, 0, 4, 0, 5, 0, 1, 4, 8, 10, 0, 0, 0, 1, 0, 1, 0, 0, 0, 1, 1, 7, 1, 3]","[142774, 55636, 82712, 113698, 10394, 8087, 151283, 96997, 51508, 16715, 46620, 142208, 16435, 72253, 55596, 64802, 169585, 68463, 158139, 109782, 147180, 62794, 75064, 16120, 64001, 60035, 37359, 10859, 120013, 8763, 64847, 141431, 193, 118418, 78121, 154689]",36,"[4.0, 5.0, 5.0, 5.0, 3.0, 4.0, 4.0, 4.0, 4.0, 5.0, 5.0, 5.0, 4.0, 4.0, 5.0, 3.0, 5.0, 5.0, 5.0, 5.0, 5.0, 5.0, 5.0, 5.0, 5.0, 5.0, 5.0, 5.0, 5.0, 5.0, 5.0, 5.0, 5.0, 5.0, 5.0, 5.0]",36
6492,"[16, 0, 0, 10, 10, 0, 0, 0, 1, 14, 4, 0, 0, 0, 0, 0, 13, 0, 0, 2, 3, 1, 1, 0, 0, 0, 0, 3, 10, 3, 0, 0, 0, 15, 0, 0, 0, 1, 3, 0, 1, 1, 10, 9, 1, 0, 3, 0, 0, 0, 0, 0, 0, 7, 1, 2, 0, 5]","[4977, 31379, 21951, 3443, 109557, 42327, 49175, 166684, 47877, 161094, 101592, 22948, 19770, 18858, 8674, 177702, 21993, 88620, 5485, 129516, 98148, 42480, 29952, 36970, 108791, 47825, 42918, 85053, 51978, 18938, 87959, 63940, 150005, 39178, 5726, 67294, 146294, 24105, 63547, 100082, 78333, 166021, 25337, 54976, 156256]",45,"[5.0, 4.0, 5.0, 4.0, 4.0, 5.0, 5.0, 0.0, 5.0, 5.0, 5.0, 5.0, 5.0, 5.0, 5.0, 4.0, 5.0, 5.0, 5.0, 5.0, 4.0, 5.0, 5.0, 5.0, 5.0, 4.0, 5.0, 5.0, 5.0, 5.0, 0.0, 4.0, 5.0, 5.0, 5.0, 5.0, 4.0, 5.0, 5.0, 5.0, 5.0, 5.0, 5.0, 5.0, 5.0]",45
11586,"[6, 0, 0, 2, 1, 0, 0, 0, 0, 3, 0, 1, 0, 0, 0, 0, 2, 0, 0, 1, 1, 0, 0, 0, 2, 0, 0, 1, 0, 0, 0, 0, 0, 2, 0, 0, 0, 0, 0, 0, 0, 0, 0, 1, 0, 0, 2, 0, 0, 0, 0, 0, 0, 1, 1, 1, 0, 2]","[136726, 72072, 110062, 29638, 80096, 115886, 115836, 68553, 55772, 146605]",10,"[3.0, 5.0, 5.0, 5.0, 5.0, 5.0, 5.0, 0.0, 5.0, 5.0]",10
6075,"[1, 0, 0, 1, 2, 0, 0, 0, 0, 3, 1, 0, 0, 0, 0, 0, 1, 0, 0, 0, 0, 0, 1, 0, 0, 0, 0, 1, 0, 0, 0, 0, 0, 1, 0, 0, 1, 0, 0, 0, 0, 1, 2, 1, 0, 0, 1, 1, 0, 0, 0, 0, 0, 1, 0, 1, 0, 0]","[174326, 8177, 13476, 134452, 9771, 15619]",6,"[5.0, 5.0, 4.0, 4.0, 5.0, 3.0]",6
4898,"[25, 1, 0, 3, 19, 0, 1, 3, 2, 19, 3, 0, 0, 0, 1, 0, 10, 0, 0, 0, 4, 1, 0, 3, 0, 0, 3, 2, 16, 0, 1, 0, 0, 19, 0, 2, 10, 8, 9, 0, 0, 3, 12, 12, 0, 0, 6, 1, 0, 2, 1, 1, 0, 7, 3, 9, 6, 7]","[141468, 44551, 89012, 43898, 7401, 10253, 53851, 102523, 48767, 113961, 91259, 92377, 107520, 168561, 165381, 79606, 124463, 28493, 11115, 26682, 41443, 38923, 73992, 52015, 160396, 139776, 121917, 7716, 5855, 46085, 88653, 159199, 172147, 69341, 154286, 81417, 101635, 27749, 99818, 73724, 77166, 115026, 121494, 97372, 98000, 92258, 50437, 105478, 144829, 74360, 118875, 168562, 72606, 155432, 19297, 147374, 170732, 89084, 11144, 28552, 74455, 99787, 60708, 168030, 107683, 45267, 1223, 82291, 74633, 122968, 44174, 7942, 46117, 133544, 92934]",75,"[0.0, 5.0, 0.0, 5.0, 5.0, 5.0, 5.0, 5.0, 5.0, 5.0, 5.0, 5.0, 4.0, 5.0, 5.0, 5.0, 5.0, 5.0, 3.0, 4.0, 5.0, 5.0, 4.0, 5.0, 5.0, 5.0, 5.0, 4.0, 5.0, 5.0, 5.0, 5.0, 5.0, 5.0, 5.0, 5.0, 5.0, 5.0, 5.0, 4.0, 4.0, 5.0, 5.0, 4.0, 4.0, 5.0, 5.0, 5.0, 5.0, 4.0, 5.0, 3.0, 5.0, 0.0, 5.0, 5.0, 5.0, 5.0, 5.0, 5.0, 5.0, 5.0, 5.0, 5.0, 4.0, 5.0, 5.0, 4.0, 5.0, 4.0, 5.0, 5.0, 5.0, 5.0, 4.0]",75
6547,"[12, 0, 1, 5, 4, 0, 0, 0, 0, 10, 0, 0, 0, 0, 0, 0, 4, 0, 0, 0, 2, 2, 0, 0, 0, 0, 0, 0, 4, 0, 0, 2, 0, 3, 0, 1, 4, 1, 2, 0, 0, 2, 4, 3, 0, 0, 1, 0, 0, 0, 0, 0, 0, 3, 0, 4, 1, 2]","[68338, 135761, 147180, 68803, 21258, 68736, 9678, 23291, 4967, 69585, 153691, 90536, 16435, 50710, 112661, 80132, 135604, 78333, 3459, 129312, 11933]",21,"[5.0, 4.0, 4.0, 4.0, 5.0, 5.0, 5.0, 5.0, 4.0, 5.0, 5.0, 5.0, 5.0, 5.0, 5.0, 5.0, 5.0, 5.0, 5.0, 5.0, 5.0]",21
6615,"[40, 0, 0, 12, 20, 0, 0, 3, 0, 23, 1, 2, 0, 0, 0, 0, 13, 0, 0, 3, 4, 3, 0, 0, 0, 0, 0, 6, 27, 3, 0, 0, 0, 23, 0, 0, 6, 3, 3, 0, 0, 2, 12, 7, 0, 0, 10, 0, 0, 1, 0, 1, 0, 11, 3, 7, 4, 4]","[73325, 45968, 156279, 153456, 35680, 111035, 55913, 93685, 37359, 47688, 137086, 118496, 52334, 82058, 43615, 39515, 31666, 49228, 113765, 124610, 124238, 85769, 104345, 164596, 33510, 107197, 60160, 50981, 101550, 114616, 56908, 44396, 156041, 13632, 38696, 5930, 161211, 170543, 9863, 89113, 130137, 149082, 71333, 79017, 23478, 44174, 86843, 63482, 38188, 7393, 172814, 73448, 44530, 3539, 62428, 32128, 9912, 156075, 64311, 118683, 154689, 71738, 30599, 24897, 126965, 106785, 165026, 94801, 149456, 162950, 90974, 72975, 82205, 127124, 86511, 172014, 146204, 161916, 46117, 114849, 82872, 66711]",82,"[5.0, 5.0, 5.0, 5.0, 5.0, 5.0, 4.0, 5.0, 5.0, 4.0, 4.0, 4.0, 5.0, 5.0, 2.0, 5.0, 5.0, 5.0, 5.0, 5.0, 5.0, 1.0, 4.0, 5.0, 5.0, 5.0, 5.0, 5.0, 5.0, 1.0, 5.0, 4.0, 5.0, 5.0, 5.0, 5.0, 5.0, 5.0, 5.0, 5.0, 5.0, 5.0, 5.0, 0.0, 5.0, 5.0, 0.0, 5.0, 5.0, 5.0, 5.0, 5.0, 5.0, 5.0, 5.0, 5.0, 5.0, 5.0, 5.0, 5.0, 5.0, 5.0, 5.0, 5.0, 5.0, 5.0, 5.0, 5.0, 5.0, 5.0, 5.0, 5.0, 4.0, 5.0, 5.0, 5.0, 5.0, 5.0, 5.0, 5.0, 5.0, 5.0]",82
5537,"[21, 0, 0, 7, 24, 0, 0, 1, 1, 20, 1, 1, 0, 0, 0, 0, 8, 0, 0, 1, 4, 1, 0, 4, 1, 0, 1, 2, 12, 2, 0, 0, 0, 22, 0, 4, 5, 3, 5, 0, 0, 3, 11, 7, 1, 0, 10, 0, 0, 0, 3, 0, 0, 10, 0, 6, 1, 11]","[127405, 148802, 2693, 157749, 22354, 164321, 22975, 57192, 79467, 154916, 107693, 44246, 69608, 38881, 67863, 21056, 18715, 62794, 109086, 144565, 5284, 47987, 41529, 15282, 35164, 107181, 89924, 178102, 124024, 161785, 105478, 37348, 100966, 43308, 66590, 98308, 61523, 36611, 118496, 138667, 125147, 149158, 90606, 107806, 8460, 28037, 9325, 86868, 76068, 131728, 16362]",51,"[5.0, 5.0, 5.0, 4.0, 5.0, 5.0, 3.0, 5.0, 5.0, 5.0, 5.0, 5.0, 5.0, 5.0, 5.0, 5.0, 5.0, 4.0, 5.0, 5.0, 5.0, 5.0, 4.0, 4.0, 5.0, 4.0, 5.0, 4.0, 4.0, 5.0, 4.0, 5.0, 5.0, 5.0, 4.0, 4.0, 4.0, 5.0, 5.0, 5.0, 5.0, 5.0, 5.0, 4.0, 5.0, 4.0, 5.0, 5.0, 4.0, 5.0, 5.0]",51
4807,"[7, 0, 0, 1, 1, 0, 0, 0, 0, 9, 3, 1, 0, 0, 1, 0, 1, 0, 0, 1, 1, 0, 0, 2, 1, 0, 0, 2, 3, 0, 0, 0, 0, 3, 0, 0, 1, 0, 0, 0, 0, 1, 1, 3, 1, 0, 4, 0, 0, 1, 0, 0, 0, 1, 0, 2, 0, 1]","[51701, 119749, 165421, 104929, 147708, 134610, 150292, 93685, 45824, 117477, 89074, 124484, 946, 59661, 130650, 90536]",16,"[5.0, 2.0, 0.0, 5.0, 4.0, 4.0, 0.0, 5.0, 5.0, 5.0, 0.0, 5.0, 5.0, 5.0, 5.0, 5.0]",16
5604,"[22, 0, 0, 6, 10, 0, 0, 2, 1, 13, 7, 0, 1, 0, 0, 0, 5, 0, 0, 1, 2, 1, 1, 1, 0, 0, 0, 2, 7, 0, 0, 0, 0, 13, 0, 1, 4, 7, 2, 0, 0, 0, 6, 8, 3, 0, 2, 1, 0, 0, 0, 0, 0, 2, 0, 0, 1, 1]","[2760, 98254, 83762, 135793, 79812, 5920, 154221, 39179, 150479, 78075, 36970, 174505, 11274, 89828, 28242, 64712, 18343, 6613, 108562, 86100, 10615, 118583, 31441, 63809, 14711, 79803, 177355, 104849, 51060, 72081, 30424, 45833, 16214, 141706, 165596, 75617, 82885, 15619, 157450, 135512, 80432, 46258, 103878, 46021, 103175, 5189, 83582, 50099, 113538, 4211, 19807, 42353]",52,"[4.0, 5.0, 4.0, 3.0, 5.0, 3.0, 5.0, 4.0, 4.0, 5.0, 3.0, 5.0, 4.0, 5.0, 4.0, 5.0, 4.0, 5.0, 5.0, 5.0, 4.0, 5.0, 4.0, 5.0, 5.0, 5.0, 5.0, 4.0, 5.0, 4.0, 4.0, 3.0, 5.0, 5.0, 4.0, 4.0, 4.0, 5.0, 3.0, 4.0, 5.0, 5.0, 5.0, 4.0, 5.0, 5.0, 5.0, 4.0, 5.0, 4.0, 5.0, 5.0]",52
14521,"[4, 0, 0, 0, 2, 0, 0, 0, 0, 1, 0, 1, 0, 0, 0, 0, 3, 0, 0, 0, 1, 1, 0, 0, 0, 0, 0, 0, 2, 0, 0, 0, 0, 4, 0, 0, 3, 0, 0, 0, 0, 0, 5, 1, 0, 0, 1, 0, 0, 1, 0, 0, 0, 1, 0, 0, 1, 1]","[99169, 149223, 97401, 171724, 67170, 27449, 14146, 54174, 53353, 38031, 48636]",11,"[5.0, 3.0, 5.0, 5.0, 5.0, 5.0, 5.0, 5.0, 5.0, 5.0, 5.0]",11
19987,"[3, 0, 0, 1, 2, 0, 0, 0, 0, 2, 0, 0, 0, 0, 0, 0, 1, 0, 0, 0, 0, 2, 0, 0, 0, 0, 0, 1, 3, 1, 0, 0, 0, 0, 0, 0, 1, 0, 1, 0, 0, 0, 0, 3, 0, 0, 0, 0, 0, 0, 0, 0, 0, 0, 0, 2, 1, 0]","[163295, 32114, 99965, 69167, 113963, 156978]",6,"[5.0, 5.0, 5.0, 5.0, 5.0, 5.0]",6
1353,"[115, 2, 1, 45, 36, 0, 1, 9, 2, 91, 2, 1, 0, 0, 3, 0, 25, 0, 0, 10, 9, 8, 6, 21, 5, 0, 3, 5, 47, 8, 0, 2, 0, 61, 0, 3, 30, 15, 15, 0, 0, 4, 21, 27, 4, 1, 34, 4, 0, 1, 0, 1, 0, 12, 7, 30, 4, 21]","[85966, 87653, 34961, 71565, 53363, 7316, 120674, 100556, 66550, 138841, 72436, 121513, 41713, 24920, 168678, 92292, 57321, 120435, 15588, 70453, 90884, 115918, 47877, 131355, 86013, 30090, 5180, 31827, 89359, 79925, 94698, 36553, 27418, 9976, 129495, 124169, 120443, 170575, 13316, 139466, 105073, 77943, 164088, 12394, 32846, 2716, 145683, 41171, 26018, 55226, 75918, 115138, 63018, 41299, 31212, 740, 165956, 145305, 44350, 8859, 34933, 78147, 48637, 61366, 113937, 125017, 52463, 145763, 140941, 7971, 17321, 146723, 17891, 165286, 34829, 150060, 46490, 143200, 3601, 91259, 95289, 42901, 156744, 91990, 149210, 112395, 163297, 87402, 138471, 52071, 142026, 94006, 157136, 75721, 166957, 65482, 5741, 110853, 87512, 135175, 170693, 71459, 23017, 43103, 92748, 176014, 5298, 139315, 79697, 154737, 34886, 149739, 18248, 77438, 109491, 99939, 21424, 19297, 28905, 45776, 2342, 123491, 99338, 142634, 514, 57947, 30506, 42056, 112507, 61387, 107662, 164561, 48931, 111325, 149217, 143155, 164478, 153225, 44652, 95918, 5114, 29189, 29551, 133153, 31942, 24033, 28860, 34884, 19623, 165432, 126750, 160626, 116201, 173994, 136695, 52961, 109573, 173688, 15333, 79360, 149981, 122040, 27305, 103500, 101454, 6032, 15940, 69324, 160026, 70587, 156045, 89784, 11938, 161167, 129571, 152023, 157891, 100132, 26202, 133192, 175221, 95444, 114162, 89894, 112264, 140520, 146860, 80644, 81890, 125738, 15619, 137009, 106926, 161816, 68913, 13674, 126649, 59415, 91288, 130496, 96271, 3187, 105156, 4684, 137292, 156616, 142657, 114402, 143229, 108780, 142106, 144180, 159279, 142730, 28222, 71735, 56520, 99787, 5041, 172205, 114066, 77104, 144909, 60382, 3813, 108211, 61707, 31120, 92641]",229,"[5.0, 4.0, 3.0, 4.0, 4.0, 0.0, 5.0, 4.0, 5.0, 5.0, 5.0, 4.0, 2.0, 4.0, 4.0, 5.0, 5.0, 5.0, 5.0, 5.0, 4.0, 5.0, 4.0, 5.0, 5.0, 5.0, 4.0, 4.0, 5.0, 5.0, 4.0, 4.0, 4.0, 4.0, 4.0, 5.0, 5.0, 4.0, 5.0, 5.0, 3.0, 4.0, 4.0, 5.0, 4.0, 4.0, 5.0, 4.0, 5.0, 4.0, 5.0, 4.0, 0.0, 5.0, 5.0, 4.0, 5.0, 5.0, 5.0, 5.0, 5.0, 4.0, 4.0, 5.0, 5.0, 5.0, 4.0, 4.0, 4.0, 5.0, 4.0, 5.0, 5.0, 4.0, 5.0, 4.0, 4.0, 4.0, 4.0, 5.0, 4.0, 4.0, 5.0, 5.0, 5.0, 4.0, 4.0, 4.0, 5.0, 4.0, 4.0, 5.0, 4.0, 5.0, 4.0, 5.0, 5.0, 5.0, 5.0, 4.0, 5.0, 4.0, 4.0, 5.0, 4.0, 5.0, 4.0, 4.0, 5.0, 4.0, 3.0, 4.0, 5.0, 5.0, 4.0, 4.0, 4.0, 4.0, 4.0, 5.0, 5.0, 4.0, 5.0, 5.0, 4.0, 4.0, 4.0, 5.0, 5.0, 4.0, 4.0, 5.0, 5.0, 4.0, 3.0, 5.0, 5.0, 4.0, 5.0, 5.0, 4.0, 4.0, 5.0, 5.0, 5.0, 4.0, 4.0, 4.0, 4.0, 4.0, 4.0, 3.0, 4.0, 5.0, 4.0, 5.0, 5.0, 4.0, 4.0, 4.0, 4.0, 0.0, 4.0, 5.0, 4.0, 4.0, 5.0, 5.0, 4.0, 4.0, 0.0, 5.0, 5.0, 4.0, 4.0, 4.0, 5.0, 5.0, 5.0, 4.0, 4.0, 4.0, 4.0, 5.0, 4.0, 4.0, 3.0, 5.0, 4.0, 4.0, 4.0, 4.0, 4.0, 5.0, 5.0, 4.0, 4.0, 5.0, 0.0, 3.0, 4.0, 3.0, 4.0, 5.0, 4.0, 5.0, 4.0, 4.0, 3.0, 4.0, 5.0, 5.0, 2.0, 4.0, 3.0, 5.0, 4.0, 4.0, 5.0, 5.0, 4.0, 4.0, 5.0, 5.0, 5.0, 5.0, 5.0, 3.0, 5.0]",229
22129,"[4, 0, 0, 0, 0, 0, 0, 0, 0, 3, 0, 0, 0, 0, 0, 0, 2, 0, 0, 0, 1, 0, 0, 0, 0, 0, 0, 0, 0, 1, 0, 0, 0, 1, 0, 0, 1, 0, 0, 0, 0, 0, 0, 2, 0, 0, 2, 0, 0, 0, 0, 0, 0, 1, 0, 0, 1, 0]","[155208, 79175, 45968, 63400, 100459, 130682, 44557]",7,"[5.0, 5.0, 5.0, 5.0, 4.0, 5.0, 5.0]",7
1394,"[4, 0, 0, 0, 2, 0, 0, 1, 0, 2, 0, 0, 0, 0, 0, 0, 2, 0, 0, 2, 2, 1, 0, 0, 0, 0, 0, 0, 1, 2, 0, 0, 0, 1, 0, 0, 1, 0, 0, 0, 1, 0, 2, 1, 0, 0, 1, 0, 0, 0, 0, 0, 0, 0, 0, 2, 0, 0]","[165343, 123336, 120664, 532, 100101, 176663, 47318]",7,"[4.0, 5.0, 5.0, 5.0, 5.0, 5.0, 5.0]",7
7313,"[8, 0, 0, 3, 6, 0, 0, 0, 0, 11, 1, 0, 0, 0, 0, 0, 2, 0, 0, 0, 0, 0, 0, 0, 1, 0, 0, 0, 5, 0, 0, 0, 0, 4, 0, 1, 1, 0, 1, 0, 0, 1, 3, 4, 1, 0, 1, 0, 0, 0, 0, 0, 0, 0, 0, 0, 1, 2]","[80859, 154689, 34287, 21720, 69324, 4441, 5864, 97066, 4126, 140533, 76615, 176861, 116979, 49271, 145359, 178043]",16,"[0.0, 4.0, 4.0, 0.0, 5.0, 5.0, 4.0, 4.0, 5.0, 4.0, 5.0, 3.0, 4.0, 4.0, 5.0, 4.0]",16
6081,"[20, 0, 0, 7, 12, 0, 0, 1, 0, 20, 0, 0, 0, 0, 0, 0, 4, 0, 0, 4, 2, 0, 0, 1, 1, 0, 1, 3, 4, 6, 0, 0, 0, 13, 0, 1, 4, 0, 2, 0, 0, 1, 4, 6, 0, 0, 8, 0, 0, 1, 0, 1, 0, 3, 3, 2, 1, 7]","[68794, 59467, 128929, 152951, 36827, 70431, 3194, 136285, 101990, 38601, 155306, 22062, 7671, 106538, 4468, 141639, 66961, 34049, 3415, 121658, 117664, 143971, 144290, 58587, 3470, 45732, 67936, 160358, 156230, 70953, 131403, 10503, 92804, 70713, 142508, 88024, 77472, 9544, 94006, 66537, 167285, 46386, 66172]",43,"[4.0, 5.0, 4.0, 3.0, 4.0, 5.0, 4.0, 5.0, 5.0, 4.0, 5.0, 4.0, 5.0, 5.0, 5.0, 5.0, 5.0, 0.0, 5.0, 5.0, 0.0, 5.0, 4.0, 0.0, 4.0, 5.0, 4.0, 4.0, 4.0, 5.0, 3.0, 5.0, 5.0, 5.0, 5.0, 4.0, 4.0, 5.0, 4.0, 0.0, 0.0, 4.0, 0.0]",43
12627,"[1, 0, 0, 0, 4, 0, 0, 0, 0, 4, 0, 0, 0, 0, 0, 0, 6, 0, 0, 0, 1, 0, 0, 0, 0, 0, 0, 0, 0, 0, 0, 1, 0, 1, 0, 0, 0, 1, 1, 0, 0, 2, 2, 3, 0, 0, 2, 0, 0, 0, 0, 0, 0, 2, 0, 1, 0, 0]","[32424, 91238, 90427, 10735, 108072, 43602, 74804]",7,"[5.0, 3.0, 3.0, 4.0, 5.0, 3.0, 5.0]",7
9915,"[7, 0, 0, 3, 5, 0, 0, 0, 0, 5, 1, 1, 0, 0, 0, 0, 3, 0, 0, 0, 1, 1, 0, 0, 0, 0, 0, 0, 3, 0, 0, 0, 0, 8, 0, 0, 1, 1, 2, 0, 0, 0, 3, 3, 1, 0, 1, 1, 0, 0, 0, 0, 0, 2, 0, 3, 1, 3]","[11395, 107385, 6732, 153533, 91684, 106151, 170004, 22895, 8735, 129444, 31008, 69920, 132375, 165935, 77714, 52237]",16,"[1.0, 5.0, 3.0, 0.0, 5.0, 4.0, 4.0, 5.0, 4.0, 5.0, 4.0, 0.0, 0.0, 1.0, 4.0, 4.0]",16
22292,"[4, 0, 0, 2, 1, 0, 0, 0, 0, 5, 1, 0, 0, 0, 0, 0, 2, 0, 0, 0, 0, 0, 0, 1, 0, 0, 1, 0, 1, 2, 0, 0, 0, 6, 0, 0, 3, 0, 1, 0, 0, 0, 0, 2, 0, 0, 1, 0, 0, 0, 0, 0, 0, 0, 1, 3, 1, 3]","[73956, 49384, 122379, 99937, 143213, 145299, 45950, 136329, 116414, 86923]",10,"[5.0, 5.0, 3.0, 4.0, 5.0, 5.0, 5.0, 4.0, 0.0, 0.0]",10
21628,"[7, 0, 0, 2, 0, 0, 0, 0, 0, 6, 0, 0, 0, 0, 0, 0, 0, 0, 0, 0, 0, 1, 0, 0, 0, 0, 0, 1, 1, 0, 0, 1, 0, 2, 0, 0, 1, 1, 0, 0, 0, 0, 1, 0, 0, 0, 1, 0, 0, 0, 0, 2, 0, 1, 0, 0, 0, 0]","[92977, 81049, 95864, 86379, 93182, 40876, 95442, 74913, 49523]",9,"[4.0, 5.0, 5.0, 5.0, 4.0, 5.0, 5.0, 4.0, 5.0]",9
2433,"[16, 1, 0, 15, 19, 0, 0, 1, 0, 30, 0, 2, 1, 0, 2, 0, 13, 0, 0, 3, 14, 2, 1, 8, 1, 0, 6, 2, 10, 3, 0, 1, 0, 18, 0, 3, 8, 4, 10, 0, 1, 5, 14, 10, 0, 1, 6, 4, 0, 0, 0, 2, 0, 7, 6, 16, 1, 7]","[24024, 95040, 122661, 117117, 147416, 5952, 36775, 96861, 101530, 11915, 126854, 22524, 88817, 118371, 28447, 16935, 103601, 131202, 1563, 37893, 119024, 69927, 171306, 136227, 45261, 127167, 154604, 79018, 53273, 146384, 110981, 145317, 119253, 13569, 96677, 11355, 169000, 151377, 35502, 71444, 20304, 141169, 19669, 73339, 44423, 4014, 20910, 116491, 43184, 28640, 167366, 113698, 156666, 157836, 174802, 47321, 96209, 118032, 2125, 122415, 56240, 129265, 23980, 163412, 126484, 139320, 44504, 6146, 71811, 11187, 14100, 96459, 165406, 97409, 90586, 120385, 164568, 43150, 923, 8382, 29262, 124981, 16706, 107594, 63474, 128329, 139531]",87,"[5.0, 4.0, 4.0, 4.0, 5.0, 4.0, 1.0, 4.0, 5.0, 5.0, 4.0, 4.0, 4.0, 5.0, 5.0, 5.0, 5.0, 5.0, 4.0, 4.0, 5.0, 5.0, 5.0, 4.0, 4.0, 5.0, 5.0, 5.0, 4.0, 4.0, 4.0, 5.0, 5.0, 5.0, 5.0, 5.0, 5.0, 5.0, 5.0, 5.0, 5.0, 4.0, 5.0, 5.0, 5.0, 5.0, 4.0, 5.0, 4.0, 5.0, 4.0, 5.0, 5.0, 5.0, 4.0, 5.0, 4.0, 5.0, 5.0, 5.0, 5.0, 4.0, 4.0, 5.0, 5.0, 5.0, 4.0, 5.0, 5.0, 5.0, 5.0, 5.0, 5.0, 5.0, 5.0, 5.0, 5.0, 5.0, 5.0, 4.0, 5.0, 5.0, 5.0, 5.0, 5.0, 4.0, 4.0]",87
13386,"[6, 0, 0, 4, 6, 0, 0, 1, 0, 8, 0, 1, 0, 0, 0, 0, 3, 0, 0, 0, 3, 1, 1, 1, 0, 0, 3, 0, 2, 0, 0, 0, 0, 7, 0, 1, 1, 0, 1, 0, 0, 0, 7, 3, 0, 1, 2, 0, 0, 1, 0, 1, 0, 1, 1, 1, 2, 1]","[161211, 41404, 55292, 84856, 12139, 150713, 39749, 21499, 46049, 136711, 39976, 44622, 12023, 38356, 151371, 50312, 118358, 54949, 75942, 13988, 85053, 99998]",22,"[5.0, 4.0, 5.0, 5.0, 5.0, 5.0, 4.0, 5.0, 5.0, 5.0, 5.0, 4.0, 5.0, 5.0, 5.0, 5.0, 5.0, 5.0, 5.0, 4.0, 5.0, 5.0]",22
16838,"[3, 0, 0, 0, 5, 0, 0, 0, 0, 4, 0, 1, 0, 0, 0, 0, 0, 0, 0, 0, 0, 0, 0, 0, 1, 0, 0, 1, 1, 1, 0, 0, 0, 1, 0, 0, 0, 0, 1, 0, 0, 0, 4, 0, 0, 0, 2, 0, 0, 1, 0, 2, 0, 0, 0, 0, 0, 0]","[19874, 103853, 144859, 60378, 69670, 62885, 96194, 70709]",8,"[5.0, 4.0, 5.0, 5.0, 5.0, 5.0, 5.0, 5.0]",8
14738,"[4, 0, 0, 0, 2, 0, 0, 1, 0, 3, 2, 1, 1, 0, 2, 0, 4, 0, 0, 0, 1, 1, 0, 1, 0, 0, 0, 0, 2, 1, 0, 1, 0, 3, 0, 0, 1, 0, 1, 0, 0, 0, 1, 3, 0, 0, 1, 0, 0, 0, 0, 0, 0, 1, 0, 0, 0, 2]","[65988, 35229, 14655, 150368, 80753, 47952, 84733, 38001, 43637, 131084]",10,"[4.0, 4.0, 5.0, 5.0, 5.0, 4.0, 5.0, 5.0, 5.0, 5.0]",10
3065,"[11, 0, 0, 8, 14, 0, 0, 0, 0, 15, 0, 0, 0, 0, 0, 0, 8, 0, 0, 0, 1, 1, 1, 5, 2, 0, 0, 2, 5, 0, 0, 0, 0, 7, 0, 2, 7, 1, 4, 0, 0, 3, 10, 4, 0, 0, 7, 1, 0, 0, 1, 2, 0, 5, 0, 4, 3, 2]","[81517, 160084, 1224, 175228, 99338, 25240, 172404, 158588, 142940, 41144, 45946, 55066, 85346, 89924, 129978, 90589, 51508, 114652, 121513, 2733, 62341, 148506, 21532, 79691, 32452, 23221, 130399, 90536, 150171, 36115, 36266, 25912, 158443, 96934, 124549, 160737, 8524, 71592, 63569]",39,"[5.0, 5.0, 5.0, 5.0, 5.0, 5.0, 5.0, 5.0, 5.0, 5.0, 5.0, 5.0, 5.0, 3.0, 5.0, 5.0, 5.0, 5.0, 5.0, 5.0, 5.0, 4.0, 5.0, 5.0, 5.0, 5.0, 5.0, 5.0, 5.0, 5.0, 5.0, 4.0, 5.0, 5.0, 5.0, 5.0, 5.0, 5.0, 5.0]",39
3582,"[24, 0, 0, 10, 3, 0, 0, 2, 0, 16, 0, 0, 0, 0, 0, 0, 0, 0, 0, 3, 0, 0, 0, 2, 0, 0, 2, 2, 1, 3, 0, 0, 0, 13, 0, 1, 1, 0, 1, 0, 0, 0, 2, 1, 0, 0, 3, 3, 0, 0, 0, 0, 0, 0, 1, 1, 0, 5]","[174722, 94006, 1483, 29415, 22282, 58790, 50217, 135963, 167743, 28159, 123389, 106014, 43978, 87037, 30965, 49619, 127567, 144952, 65283, 165853, 130214, 135649, 103986, 54499, 42599, 42495, 170131, 167843, 55985, 71577, 118223, 162727, 10069, 177451, 139238, 42080, 19701, 53391, 97450, 35791]",40,"[4.0, 5.0, 5.0, 5.0, 5.0, 4.0, 5.0, 5.0, 4.0, 4.0, 3.0, 3.0, 4.0, 5.0, 5.0, 3.0, 3.0, 5.0, 5.0, 5.0, 3.0, 4.0, 4.0, 4.0, 5.0, 5.0, 2.0, 4.0, 5.0, 4.0, 4.0, 3.0, 5.0, 4.0, 5.0, 5.0, 5.0, 5.0, 5.0, 5.0]",40
10714,"[2, 0, 0, 1, 2, 0, 0, 0, 0, 5, 1, 0, 0, 0, 1, 0, 0, 0, 0, 1, 1, 0, 0, 2, 0, 0, 0, 0, 1, 0, 0, 0, 0, 0, 0, 0, 0, 2, 0, 0, 0, 0, 3, 2, 1, 0, 1, 0, 0, 0, 0, 0, 0, 0, 0, 2, 0, 1]","[86852, 30405, 37666, 58000, 25014, 20036, 7818, 101215]",8,"[5.0, 4.0, 5.0, 5.0, 5.0, 1.0, 4.0, 3.0]",8
17070,"[6, 0, 0, 1, 2, 0, 0, 0, 1, 3, 1, 1, 0, 0, 0, 0, 1, 0, 0, 1, 1, 0, 0, 0, 0, 0, 0, 0, 0, 0, 0, 0, 0, 2, 0, 0, 1, 2, 2, 0, 0, 2, 0, 2, 0, 0, 1, 0, 0, 1, 0, 0, 0, 1, 2, 5, 0, 0]","[48388, 51574, 20789, 100337, 56106, 44308, 100510, 137639, 159663, 35630, 20765]",11,"[0.0, 5.0, 5.0, 5.0, 1.0, 0.0, 5.0, 5.0, 5.0, 0.0, 5.0]",11
22657,"[4, 0, 0, 2, 2, 0, 0, 0, 0, 4, 0, 0, 0, 0, 0, 0, 2, 0, 0, 0, 0, 1, 0, 0, 1, 0, 0, 0, 1, 2, 0, 0, 0, 2, 0, 1, 1, 0, 1, 0, 0, 0, 0, 0, 0, 0, 2, 0, 0, 0, 0, 0, 0, 0, 0, 0, 0, 1]","[140476, 157740, 49734, 57299, 130064, 120118, 58438]",7,"[5.0, 5.0, 5.0, 5.0, 5.0, 5.0, 5.0]",7
16270,"[3, 0, 0, 3, 3, 0, 0, 0, 0, 6, 0, 0, 0, 1, 0, 0, 1, 0, 0, 1, 2, 1, 0, 0, 0, 0, 0, 2, 1, 1, 0, 0, 0, 7, 0, 1, 2, 0, 1, 0, 0, 0, 3, 2, 0, 0, 2, 1, 0, 1, 0, 1, 0, 1, 0, 0, 1, 0]","[165010, 82611, 130417, 33310, 39011, 146033, 54752, 17916, 84031, 125637, 55772]",11,"[5.0, 5.0, 5.0, 5.0, 4.0, 5.0, 5.0, 5.0, 5.0, 5.0, 5.0]",11
21653,"[4, 1, 0, 2, 2, 0, 0, 0, 0, 2, 1, 0, 0, 0, 0, 0, 2, 0, 0, 2, 0, 0, 0, 0, 0, 0, 0, 2, 2, 0, 0, 0, 0, 3, 0, 0, 0, 0, 1, 0, 0, 2, 3, 1, 0, 0, 2, 1, 0, 0, 0, 0, 0, 1, 0, 0, 0, 0]","[118107, 144458, 89113, 55772, 134452, 135636, 97466, 41063]",8,"[5.0, 5.0, 5.0, 5.0, 5.0, 5.0, 5.0, 5.0]",8
8155,"[3, 0, 0, 1, 2, 0, 0, 0, 0, 4, 0, 0, 0, 0, 0, 0, 2, 0, 0, 0, 1, 0, 0, 0, 0, 0, 0, 0, 2, 0, 0, 0, 0, 2, 0, 0, 2, 0, 2, 0, 0, 0, 1, 1, 0, 0, 1, 0, 0, 0, 0, 0, 0, 0, 0, 0, 0, 0]","[4954, 110975, 111853, 45600, 143321, 6976, 165026, 75064, 52108]",9,"[5.0, 5.0, 5.0, 5.0, 5.0, 5.0, 5.0, 5.0, 2.0]",9
4797,"[6, 1, 0, 0, 5, 0, 0, 1, 0, 5, 1, 0, 0, 0, 0, 0, 4, 0, 0, 1, 1, 0, 0, 3, 0, 0, 2, 2, 4, 3, 0, 0, 0, 4, 0, 0, 2, 0, 4, 1, 0, 0, 5, 5, 0, 0, 3, 0, 0, 0, 1, 0, 0, 0, 0, 2, 0, 4]","[58677, 107203, 30076, 45321, 108522, 90189, 172561, 8665, 22265, 12126, 91255, 94636, 34042, 116310, 946, 104619, 71074, 47489, 33403, 155867, 21122, 23295]",22,"[5.0, 5.0, 5.0, 5.0, 5.0, 2.0, 5.0, 5.0, 5.0, 5.0, 5.0, 5.0, 5.0, 5.0, 5.0, 4.0, 5.0, 5.0, 0.0, 5.0, 5.0, 5.0]",22
19932,"[5, 0, 0, 2, 6, 0, 0, 0, 0, 6, 1, 0, 0, 0, 0, 0, 4, 0, 0, 0, 4, 0, 0, 0, 0, 0, 0, 1, 2, 0, 0, 0, 0, 4, 0, 0, 1, 2, 1, 0, 0, 0, 2, 3, 3, 0, 4, 0, 0, 1, 0, 0, 0, 4, 1, 2, 0, 2]","[171693, 81211, 46732, 92292, 63435, 127398, 78551, 137184, 51248, 124857, 31938, 164685, 111684, 147344]",14,"[5.0, 5.0, 5.0, 5.0, 5.0, 5.0, 1.0, 3.0, 4.0, 4.0, 2.0, 5.0, 1.0, 5.0]",14
2734,"[7, 0, 0, 3, 13, 0, 0, 2, 0, 9, 0, 0, 0, 0, 0, 0, 8, 0, 0, 0, 0, 1, 0, 3, 1, 0, 1, 1, 7, 2, 0, 0, 0, 5, 0, 1, 2, 0, 6, 0, 0, 1, 8, 11, 0, 1, 3, 2, 0, 0, 1, 0, 0, 3, 1, 6, 0, 5]","[43672, 139928, 122147, 51364, 8670, 18527, 135629, 147090, 2438, 167505, 124918, 56274, 33782, 127317, 131467, 78085, 134742, 64123, 34671, 122452, 6725, 3478, 121162, 117470, 23044, 1016, 8727, 39715, 2756, 47546]",30,"[5.0, 4.0, 4.0, 4.0, 4.0, 1.0, 0.0, 4.0, 3.0, 5.0, 5.0, 4.0, 4.0, 5.0, 5.0, 5.0, 5.0, 4.0, 5.0, 5.0, 5.0, 5.0, 5.0, 5.0, 5.0, 5.0, 5.0, 5.0, 5.0, 5.0]",30
11164,"[5, 1, 0, 2, 1, 0, 0, 0, 0, 1, 1, 0, 0, 0, 0, 0, 1, 0, 0, 0, 0, 0, 0, 1, 0, 0, 1, 0, 3, 0, 0, 0, 0, 0, 0, 0, 1, 1, 0, 0, 0, 0, 1, 0, 0, 0, 1, 0, 0, 0, 0, 0, 0, 0, 0, 2, 0, 2]","[150229, 95442, 127080, 134610, 97711, 93698, 97488, 109485, 2949]",9,"[4.0, 5.0, 5.0, 5.0, 3.0, 5.0, 4.0, 4.0, 0.0]",9
16075,"[6, 0, 0, 1, 1, 0, 0, 1, 0, 3, 0, 0, 0, 0, 0, 0, 0, 0, 0, 1, 0, 0, 0, 0, 0, 0, 0, 1, 2, 1, 0, 0, 0, 2, 0, 0, 0, 0, 0, 0, 0, 0, 0, 1, 0, 0, 0, 0, 0, 0, 0, 0, 0, 0, 0, 0, 0, 1]","[53595, 23539, 147473, 88165, 101486, 136833, 54439, 167020, 45660]",9,"[0.0, 5.0, 5.0, 5.0, 5.0, 1.0, 5.0, 2.0, 5.0]",9
152,"[75, 1, 2, 30, 45, 0, 0, 3, 4, 73, 1, 6, 2, 0, 6, 0, 34, 0, 0, 10, 18, 4, 0, 1, 6, 0, 5, 3, 31, 7, 0, 0, 0, 53, 0, 6, 30, 11, 27, 0, 1, 7, 28, 28, 0, 1, 27, 5, 0, 4, 3, 5, 0, 17, 8, 27, 4, 18]","[44275, 146399, 145460, 112021, 96213, 26504, 122958, 124002, 77528, 9520, 147182, 160256, 95829, 93785, 52522, 155968, 1055, 91414, 75569, 83134, 96383, 137447, 103027, 114155, 36053, 54080, 164296, 65240, 123613, 62, 149827, 89113, 72624, 103336, 119837, 163337, 23540, 144534, 118575, 52085, 65752, 65108, 33038, 77619, 163275, 147349, 155859, 64404, 99091, 62815, 69596, 34174, 82929, 22539, 36554, 122782, 85166, 57084, 78678, 53091, 45697, 61713, 164414, 144458, 59114, 83, 148683, 19297, 82605, 120403, 147018, 80146, 60513, 103047, 99511, 20674, 73879, 74360, 104937, 120988, 112274, 120178, 168861, 95442, 174964, 173554, 105755, 84433, 6683, 95487, 13108, 28834, 80376, 4091, 3613, 104316, 166517, 123237, 79816, 55545, 44513, 55641, 10218, 61583, 5502, 150213, 29585, 75108, 142915, 38735, 97609, 157550, 23675, 67273, 62493, 114852, 106485, 44925, 1839, 173997, 138555, 74195, 28951, 25564, 141461, 146325, 18590, 14451, 82934, 143344, 32114, 78074, 1149, 108896, 153842, 45668, 155636, 163625, 47142, 84035, 136051, 142052, 128274, 156306, 151213, 162416, 114795, 155923, 88145, 172118, 152258, 172853, 31601, 56963, 94337, 62180, 172070, 15178, 100004, 42387, 115750, 160154, 92772, 122697, 12897, 158177, 61309, 69052, 26949, 25281, 98364, 3607, 81126, 118826, 59776, 108229, 54753, 168652, 140597, 93908, 165439, 166913, 107970, 51885, 28259, 50909, 128554, 112836, 144317]",189,"[4.0, 5.0, 5.0, 5.0, 5.0, 5.0, 5.0, 5.0, 5.0, 4.0, 4.0, 4.0, 5.0, 4.0, 4.0, 5.0, 5.0, 5.0, 5.0, 5.0, 4.0, 5.0, 5.0, 5.0, 5.0, 5.0, 5.0, 5.0, 4.0, 5.0, 5.0, 5.0, 5.0, 5.0, 5.0, 5.0, 5.0, 5.0, 5.0, 5.0, 5.0, 4.0, 5.0, 5.0, 5.0, 5.0, 5.0, 5.0, 5.0, 5.0, 5.0, 4.0, 4.0, 5.0, 5.0, 5.0, 5.0, 5.0, 5.0, 5.0, 5.0, 4.0, 5.0, 5.0, 5.0, 5.0, 5.0, 5.0, 5.0, 5.0, 5.0, 5.0, 4.0, 5.0, 4.0, 4.0, 5.0, 4.0, 4.0, 4.0, 5.0, 5.0, 5.0, 5.0, 5.0, 5.0, 5.0, 4.0, 5.0, 4.0, 5.0, 4.0, 4.0, 5.0, 5.0, 4.0, 5.0, 4.0, 4.0, 4.0, 5.0, 5.0, 5.0, 5.0, 5.0, 5.0, 5.0, 5.0, 5.0, 4.0, 5.0, 4.0, 4.0, 5.0, 5.0, 5.0, 5.0, 5.0, 1.0, 5.0, 5.0, 2.0, 5.0, 5.0, 5.0, 5.0, 5.0, 5.0, 5.0, 5.0, 5.0, 5.0, 5.0, 5.0, 5.0, 5.0, 5.0, 5.0, 5.0, 4.0, 5.0, 5.0, 5.0, 5.0, 5.0, 5.0, 4.0, 5.0, 4.0, 4.0, 5.0, 5.0, 5.0, 5.0, 5.0, 5.0, 4.0, 5.0, 5.0, 5.0, 5.0, 4.0, 5.0, 5.0, 0.0, 5.0, 0.0, 4.0, 5.0, 5.0, 5.0, 5.0, 5.0, 5.0, 4.0, 5.0, 5.0, 5.0, 5.0, 1.0, 5.0, 5.0, 4.0, 4.0, 5.0, 5.0, 4.0, 5.0, 5.0]",189
10851,"[2, 0, 0, 2, 2, 0, 0, 0, 0, 3, 1, 1, 0, 0, 1, 0, 1, 0, 0, 0, 0, 0, 0, 0, 1, 0, 0, 1, 0, 0, 0, 0, 0, 2, 0, 0, 1, 1, 3, 0, 0, 0, 3, 2, 0, 0, 1, 0, 0, 0, 0, 0, 0, 1, 0, 1, 0, 0]","[68512, 124386, 69172, 82568, 8022, 16219, 32889, 116622, 102310, 157974]",10,"[4.0, 4.0, 5.0, 5.0, 4.0, 4.0, 5.0, 5.0, 5.0, 4.0]",10
552,"[470, 22, 21, 296, 532, 1, 2, 86, 12, 668, 33, 40, 2, 5, 58, 0, 417, 2, 0, 41, 189, 76, 20, 178, 15, 1, 67, 92, 307, 64, 2, 12, 6, 451, 0, 64, 220, 117, 266, 5, 6, 50, 325, 384, 25, 14, 152, 54, 0, 69, 10, 15, 0, 124, 104, 396, 42, 197]","[114570, 122568, 59949, 141260, 12506, 18168, 169851, 71524, 135592, 88769, 117356, 133732, 85318, 176265, 177148, 105582, 98813, 1998, 105731, 5155, 75772, 29542, 11421, 77301, 42974, 149736, 147472, 15916, 53536, 108099, 11371, 125727, 67897, 74277, 49015, 86960, 79467, 80481, 162476, 52067, 73254, 87181, 58917, 88869, 153495, 92709, 26533, 102764, 140366, 158587, 176212, 21773, 170102, 59230, 135582, 41347, 128375, 170885, 62400, 22734, 30607, 82900, 127801, 92217, 50291, 19652, 93555, 127437, 74344, 74633, 43464, 160770, 174563, 142877, 78417, 82105, 171848, 175020, 37961, 13799, 3936, 112488, 14492, 167405, 9299, 91867, 49741, 102716, 41622, 6734, 87462, 169184, 60959, 172939, 156793, 116935, 62533, 82088, 4400, 117075, 140266, 127500, 4298, 161880, 114577, 47910, 94207, 172593, 3689, 117001, 65932, 98345, 72742, 173034, 32972, 66193, 169534, 44870, 89825, 16625, 21660, 52410, 4194, 140761, 159800, 27765, 84470, 68341, 60406, 125603, 115886, 42450, 115778, 87466, 71873, 157989, 95540, 53477, 49117, 96728, 161024, 155734, 50366, 138174, 6701, 88548, 120157, 138931, 3055, 156978, 146160, 112875, 64212, 45738, 167757, 125064, 84882, 166562, 55208, 25599, 167435, 27886, 94547, 14987, 142346, 164110, 24506, 104494, 57966, 1963, 154171, 175558, 93841, 82428, 126512, 32685, 34337, 132322, 77335, 173895, 120724, 136084, 133615, 137490, 168561, 40039, 146403, 61145, 5151, 128073, 18847, 80752, 71084, 89924, 4640, 88425, 49684, 86072, 28186, 9614, 140942, 136789, 171408, 102608, 32792, 106476, 169662, 17720, 29666, 69897, 32720, 80069, 147615, 113132, 93076, 77195, 42417, 106603, 129397, 95879, 119107, 148043, 146706, 171684, 52883, 44337, 67928, 72540, 118859, 117411, 44480, 56794, 166472, 87452, 94443, 132836, 106859, 27026, 173782, 24393, 101137, 153940, 32254, 76591, 46289, 66712, 26827, 133437, 101640, 127506, 67663, 38734, 143497, 112866, 146662, 60487, 57438, 131728, 69955, 173409, 85066, 103336, 102699, 22462, 58702, 65697, 111182, 151693, 141249, 113559, 141740, 25119, 68958, 75721, 70147, 86395, 167391, 56257, 104567, 168579, 127322, 27610, 80578, 42621, 11108, 164438, 152257, 171462, 32541, 4970, 45196, 91850, 148905, 49982, 68311, 116989, 49916, 21180, 114335, 130896, 78283, 15062, 81517, 70057, 101819, 102112, 8776, 74013, 147460, 170735, 173504, 53953, 163831, 93695, 28666, 10747, 65019, 99089, 123745, 132088, 34828, 45312, 88600, 54279, 57580, 160613, 139932, 30419, 129950, 9545, 142636, 119643, 126659, 31472, 46850, 84844, 80962, 27930, 120504, 62006, 74645, 29972, 165163, 37142, 65237, 18010, 84705, 61366, 171233, 28552, 56059, 113658, 22342, 28994, 122133, 163335, 49781, 69595, 95660, 150787, 31629, 80942, 155214, 54984, 17453, 92208, 7899, 115502, 176522, 72479, 79525, 148318, 118645, 26828, 28009, 53312, 67662, 68663, 101942, 67844, 175878, 13836, 154317, 75079, 26957, 166983, 10860, 73256, 83878, 146578, 29248, 113352, 65728, 122285, 146382, 26254, 4708, 95106, 21898, 124356, 47680, 118907, 80718, 11222, 54875, 43474, 85576, 114024, 160599, 86731, 93442, 79606, 135431, 20363, 103661, 26324, 162995, 3122, 146961, 152834, 143208, 80175, 70289, 107398, 137779, 112943, 153273, 64213, 4110, 26410, 78380, 90038, 8560, 41739, 124930, 103378, 145979, 9946, 139618, 79213, 145617, 162031, 63145, 37809, 50697, 137506, 141617, 78725, 163292, 72264, 43092, 139305, 148767, 33065, 177850, 7482, 16896, 126645, 128961, 38535, 171213, 62174, 80922, 46102, 91328, 99135, 151425, 47181, 128556, 31889, 30962, 34968, 157516, 74443, 70672, 136766, 123468, 10386, 107663, 119302, 118092, 17998, 140844, 137353, 152806, 79319, 162622, 94195, 152495, 143436, 2747, 8471, 37345, 45302, 108722, 32423, 151075, 150965, 153456, 161107, 11032, 78815, 71137, 41242, 93793, 89082, 144720, 165329, 125531, 26285, 141358, 133213, 168914, 36265, 43130, 71522, 145282, 93313, 115884, 106484, 32959, 28500, 104417, 37118, 46374, 6683, 65807, 160839, 94182, 158443, 174082, 157138, 104404, 86165, 39497, 12839, 175223, 161271, 52463, 31827, 159360, 35990, 165439, 145613, 142962, 163107, 167656, 133383, 89478, 43336, 22769, 171977, 132314, 3146, 142882, 82095, 69500, 135017, 105634, 33261, 125474, 127316, 111922, 20873, 17047, 168698, 152196, 166841, 4091, 87832, 23803, 46383, 135112, 42566, 1753, 37047, 155363, 89710, 125780, 108484, 70498, 73306, 29551, 104627, 119223, 66180, 167460, 121536, 36793, 158282, 178084, 140638, 51345, 69223, 13688, 143974, 33109, 54698, 120240, 167467, 37395, 119256, 164225, 95682, 135045, 156450, 105866, 158806, 99789, 38061, 109347, 148835, 10901, 13584, 128544, 9302, 171475, 170593, 89931, 40062, 159045, 8533, 134737, 44855, 43301, 68321, 114728, 90082, 51570, 91687, 177966, 78172, 45573, 122187, 73967, 28906, 154502, 154185, 51995, 40518, 104823, 10195, 139325, 89385, 126064, 124969, 103361, 46699, 15932, 126517, 153399, 127000, 16292, 67053, 164771, 50874, 137063, 115268, 91247, 121137, 178090, 89018, 34338, 17253, 22911, 48883, 143716, 58019, 22137, 118297, 116926, 48157, 4142, 53128, 107443, 50793, 54248, 39838, 175541, 101910, 57629, 32977, 13603, 19511, 120013, 28772, 11979, 106650, 175861, 28037, 68547, 23607, 17864, 22275, 10006, 115703, 123216, 145230, 175795, 119837, 134822, 78993, 21424, 124301, 41248, 132266, 46117, 174694, 111333, 70430, 165282, 114945, 76686, 175798, 81543, 59075, 70136, 17670, 170076, 13322, 120577, 104583, 61458, 139394, 71578, 30189, 155736, 142571, 131724, 49271, 135049, 1448, 157718, 32629, 153590, 134167, 148376, 85575, 106498, 35249, 142491, 20075, 122995, 117373, 83137, 120392, 59702, 17279, 45236, 13193, 98825, 91848, 77451, 116611, 122744, 85697, 148753, 102118, 157040, 167548, 112839, 151285, 11115, 117852, 162865, 136062, 41169, 149317, 79604, 35155, 145875, 63899, 46866, 31414, 146620, 78103, 154034, 121409, 108731, 29895, 75082, 171328, 3823, 58907, 159486, 101723, 125734, 115479, 150544, 151323, 23043, 90100, 98193, 14901, 65986, 47704, 20782, 38644, 164561, 75397, 41319, 163619, 46242, 50444, 168970, 71336, 87730, 48058, 115443, 160055, 36503, 141777, 98117, 134373, 32315, 31398, 167021, 84002, 40828, 110892, 37111, 69240, 70347, 61603, 109117, 123131, 93999, 143385, 176237, 176589, 61902, 86796, 124985, 58599, 92060, 15946, 62918, 155526, 151108, 75384, 7248, 88401, 16553, 60036, 973, 171588, 71436, 7826, 167072, 161664, 64911, 22547, 58243, 97208, 130223, 71477, 109145, 125499, 75565, 47629, 51184, 121169, 95662, 133956, 8648, 56844, 146145, 121814, 104745, 100520, 171645, 124938, 30313, 136634, 38800, 139653, 36161, 107199, 61309, 5952, 53438, 79091, 92686, 11006, 58831, 141822, 140979, 58931, 116410, 33864, 7560, 112721, 165465, 100255, 88653, 11963, 35203, 51432, 17322, 105409, 44922, 37740, 93193, 137800, 167070, 11139, 80157, 3987, 122331, 40054, 168399, 1602, 13690, 99983, 153638, 21856, 27325, 165145, 94541, 129564, 79360, 111955, 43446, 46150, 59131, 115130, 68552, 76669, 130864, 157732, 78410, 84357, 145965, 11895, 22318, 84887, 70741, 87565, 168824, 155447, 69715, 161376, 145417, 79425, 117291, 80168, 67932, 37287, 119895, 77572, 35363, 79518, 114108, 54232, 30818, 89188, 111545, 26851, 49649, 28182, 70681, 45712, 6845, 42647, 27549, 143710, 25912, 44502, 91243, 129894, 67753, 174950, 139354, 94615, 34630, 166282, 71006, 139992, 98585, 35510, 104787, 173951, 79041, 111601, 47754, 76579, 130533, 142605, 29583, 104920, 160545, 55788, 74809, 39850, 104036, 22601, 111079, 48435, 105340, 113522, 37754, 148395, 114438, 36908, 122361, 117557, 139990, 135152, 87881, 155055, 38031, 27489, 42411, 2335, 84730, 6523, 91936, 123993, 132382, 143550, 167443, 49474, 82846, 79354, 161696, 103604, 36536, 41276, 135018, 20789, 93168, 125887, 40355, 88116, 89832, 26544, 47153, 65434, 129214, 68824, 121728, 114066, 121620, 91696, 129763, 5645, 111150, 60308, 88150, 104261, 9457, 45622, 90587, 84367, 39832, 5200, 68190, 99725, 6291, 168103, 127497, 175643, 38571, 117744, 2246, 100083, 116885, 41108, 151694, 75525, 124665, 95129, 121406, 61932, 120191, 123968, 3778, 79979, 137310, 31666, 55132, 116646, 83068, 119919, 41203, 3187, 104622, 126380, 134073, 49792, 32850, 155380, 24002, 117429, 80160, 61801, 3210, 158637, 45267, 128892, 129126, 93589, 45362, 78961, 27569, 178081, 146229, 170286, 76324, 134374, 83067, 88035, 99944, 171271, 107741, 44684, 67627, 132705, 64655, 154555, 58318, 72278, 156373, 152459, 172780, 132426, 117553, 87263, 134420, 102900, 39715, 62357, 32836, 25279, 23831, 3777, 142757, 107061, 104323, 90345, 166012, 103100, 28779, 52473, 72677, 143449, 164108, 70767, 45049, 44713, 121047, 22390, 117514, 169304, 74599, 84774, 89743, 71015, 2944, 21620, 175566, 201, 18971, 174770, 94039, 27013, 158092, 85106, 25458, 171922, 65355, 54021, 106720, 162468, 30851, 109278, 106641, 85274, 37408, 72765, 28946, 79682, 26306, 101084, 135579, 58307, 48436, 69521, 49168, 26292, 114643, 60366, 135889, 78418, 13923, 17672, 70001, 131672, 24871, 29950, 160493, 162502, 18416, 143213, 3025, 124257, 71554, 108850, 20460, 129864, 133404, 55850, 78454, 126916, 165013, 162189, 52798, 37046, 6997, 133588, 20212, 150625, 104262, 121758, 119175, 158162, 58170, 96304, 29746, 29834, 65855, 43444, 86432, 174275, 136910, 89212, 113376, 158829, 153165, 32638, 80036, 168209, 13479, 153344, 121737, 14049, 87566, 40235, 108794, 175394, 147185, 59637, 125955, 146922, 173110, 171522, 111481, 96819, 176937, 131088, 94317, 158461, 76245, 131044, 11557, 97933, 44551, 166484, 169047, 171245, 55891, 150412, 111729, 102388, 138799, 86522, 9677, 81399, 177647, 175559, 174016, 38758, 109096, 154689, 135963, 3753, 107602, 98741, 88074, 93421, 82390, 38979, 98843, 130270, 139667, 130893, 37762, 119597, 69980, 134231, 3350, 86986, 177399, 26171, 108708, 122303, 169021, 29710, 79223, 40002, 20578, 123263, 107795, 89131, 127634, 165721, 95369, 139093, 51870, 35116, 101004, 78015, 16297, 47414, 133787, 162049, 126812, 162182, 105403, 74148, 20208, 100296, 38210, 31055, 90186, 67782, 70399, 119309, 152234, 116769, 18742, 90261, 177521, 119281, 12306, 111249, 53925, 37476, 130440, 117958, 69433, 4906, 87797, 75343, 97025, 123917, 91002, 38937, 122147, 54903, 144187, 116251, 25538, 164275, 14913, 66129, 21258, 174544, 143476, 65536, 148114, 138275, 144220, 119021, 48287, 112978, 194, 123857, 90899, 65727, 79119, 165909, 162411, 116258, 145928, 103526, 121202, 107520, 151226, 35284, 8238, 88399, 135532, 107662, 27897, 39145, 103681, 164162, 102999, 27712, 46292, 89618, 159211, 13565, 39847, 22629, 166558, 6061, 30812, 151388, 119136, 137360, 35495, 60569, 72779, 174430, 39712, 173921, 177961, 48693, 144528, 98835, 32561, 27873, 57984, 18514, 140453, 60158, 76301, 86368, 141341, 81605, 89741, 150453, 52048, 37114, 32879, 41081, 125393, 154451, 90737, 158052, 7500, 100632, 114448, 81103, 161535, 164775, 79122, 15552, 143900, 22622, 13071, 166275, 148994, 68660, 114047, 128711, 10120, 22497, 157010, 29709, 162267, 151852, 140587, 67042, 65724, 132508, 41500, 152031, 17866, 81408, 129676, 47137, 168926, 105416, 66116, 60033, 134362, 158083, 31822, 172552, 100218, 134319, 20203, 158450, 75133, 10314, 133736, 85788, 1653, 19677, 116998, 157073, 137300, 71592, 160362, 12245, 32476, 150742, 73814, 136768, 122353, 37972, 172398, 119051, 69130, 176583, 62534, 103437, 99624, 125933, 114168, 53914, 75279, 27696, 94405, 15468, 115125, 175980, 110917, 86882, 89823, 78989, 133220, 23098, 11079, 13044, 42326, 20757, 78829, 175796, 112203, 97369, 23625, 43006, 135003, 53307, 1169, 88999, 47017, 27577, 146608, 64316, 89564, 15727, 175972, 160765, 4723, 117399, 94943, 114708, 103542, 163917, 5069, 168214, 15361, 1198, 160847, 74897, 156975, 16426, 15171, 157749, 82245, 58650, 23061, 23133, 26299, 38399, 98543, 23672, 72906, 151769, 55862, 106628, 42780, 133309, 144366, 65782, 43499, 90058, 171826, 132816, 164460, 162358, 77595, 168925, 165286, 68448, 90548, 118660, 113991, 157840, 44697, 154377, 32844, 117918, 65729, 106710, 69180, 135561, 73865, 94160, 74869, 82130, 72781, 138155, 161390, 97202, 15004, 64325, 81272, 171699, 176134, 21305, 34747, 54693, 17328, 97189, 160071, 10130, 87480, 61635, 114209, 112859, 168883, 49376, 66397, 117325, 177568, 145948, 48623, 55456, 13560, 56684, 126984, 15223, 93209, 142281, 130966, 159245, 34860, 77666, 78419, 12181, 30914, 107376, 95811, 83100, 113698, 75215, 59116, 36925, 87641, 16013, 49228, 129258, 78953, 62669, 114131, 53907, 98280, 46380, 132023, 26987, 46129, 105437, 60048, 53401, 170732, 162378, 142854, 12804, 147278, 107967, 131178, 122869, 6191, 143085, 23573, 27664, 46848, 109048, 51595, 153007, 159152, 51201, 47392, 155483, 99368, 22278, 59963, 28140, 25283, 89209, 46750, 114075, 67273, 44656, 9779, 86568, 40533, 23398, 153736, 11957, 130772, 176768, 131022, 163923, 103057, 61725, 14531, 105494, 132259, 70646, 82398, 63818, 124609, 159005, 61034, 107942, 21453, 169927, 173920, 157852, 175189, 6073, 15225, 29727, 56395, 72703, 113270, 136445, 177937, 70745, 109747, 84120, 167981, 52262, 42421, 54303, 96514, 145353, 115373, 8867, 146418, 34602, 168746, 4039, 109322, 57203, 22628, 127068, 22438, 80357, 109895, 6249, 113719, 152085, 116382, 60926, 123438, 13497, 148819, 80859, 91374, 72401, 111442, 16813, 8571, 59540, 151999, 40810, 84940, 131496, 47532, 155655, 93596, 63226, 50887, 169857, 40644, 155816, 107653, 27909, 47214, 14877, 176703, 172697, 13660, 139074, 176587, 120740, 20103, 176062, 27264, 55091, 16501, 69093, 62884, 55266, 38027, 175683, 15822, 118670, 50572, 13404, 170276, 58002, 103605, 113236, 23855, 157106, 133479, 100665, 120826, 95649, 159490, 168537, 72483, 120457, 9437, 99697, 119991, 161462, 84560, 41258, 6791, 44058, 157959, 1698, 29074, 90352, 155383, 41493, 83359, 174816, 109999, 138304, 133207, 154336, 19859, 106980, 82570, 39944, 1860, 17415, 35299, 117906, 148255, 57611, 49930, 48497, 141436, 139224, 11278, 100260, 111684, 19402, 13891, 14387, 80991, 132989, 150484, 93441, 647, 123337, 167362, 123875, 147444, 130650, 103129, 82340, 54111, 142371, 12399, 6029, 57400, 141156, 125576, 20146, 20627, 116890, 98167, 102533, 89102, 152366, 152484, 117996, 29290, 48909, 1522, 57182, 89727, 120900, 16084, 120224, 8197, 137174, 177111, 83131, 101720, 101899, 61971, 27701, 118487, 78836, 30761, 146858, 31609, 85427, 28935, 154524, 140691, 157587, 163017, 96096, 109557, 53780, 173459, 5825, 634, 4352, 71222, 73381, 152089, 117809, 176635, 35499, 155311, 3557, 144453, 24513, 83029, 103033, 170673, 156278, 100001, 9985, 96119, 64944, 46606, 175699, 171476, 107458, 47516, 100133, 47837, 2298, 94283, 89143, 138908, 19913, 70938, 91192, 83887, 8998, 100265, 31662, 135105, 34777, 24753, 149347, 95061, 97824, 64097, 74346, 38511, 122258, 6746, 59143, 20184, 13080, 162804, 128802, 132066, 12734, 52574, 61829, 138915, 151782, 42927, 150209, 152526, 50298, 156127, 143397, 84577, 36028, 122421, 155443, 37855, 5706, 62066, 14322, 157553, 103317, 109602, 73154, 105205, 86939, 169077, 154321, 24045, 93888, 175911, 123854, 130089, 96342, 28031, 133986, 144495, 50505, 128165, 135711, 93482, 47814, 114422, 104110, 174742, 96259, 7833, 21148]",2024,"[5.0, 5.0, 5.0, 5.0, 5.0, 2.0, 5.0, 4.0, 5.0, 3.0, 5.0, 2.0, 3.0, 5.0, 5.0, 5.0, 5.0, 4.0, 0.0, 4.0, 4.0, 5.0, 3.0, 4.0, 3.0, 5.0, 5.0, 5.0, 5.0, 5.0, 2.0, 3.0, 2.0, 5.0, 0.0, 5.0, 5.0, 5.0, 4.0, 5.0, 5.0, 5.0, 5.0, 5.0, 5.0, 4.0, 5.0, 3.0, 5.0, 5.0, 5.0, 5.0, 0.0, 5.0, 0.0, 3.0, 5.0, 5.0, 5.0, 5.0, 4.0, 5.0, 5.0, 4.0, 5.0, 3.0, 5.0, 5.0, 3.0, 5.0, 5.0, 0.0, 0.0, 3.0, 5.0, 5.0, 4.0, 5.0, 4.0, 4.0, 4.0, 5.0, 5.0, 5.0, 5.0, 5.0, 5.0, 4.0, 5.0, 5.0, 5.0, 5.0, 5.0, 4.0, 4.0, 5.0, 4.0, 5.0, 5.0, 5.0, 5.0, 5.0, 5.0, 5.0, 5.0, 5.0, 5.0, 5.0, 5.0, 5.0, 4.0, 5.0, 5.0, 5.0, 4.0, 4.0, 5.0, 3.0, 4.0, 5.0, 5.0, 5.0, 5.0, 5.0, 3.0, 5.0, 5.0, 5.0, 5.0, 4.0, 5.0, 5.0, 5.0, 5.0, 5.0, 5.0, 5.0, 5.0, 5.0, 4.0, 5.0, 4.0, 4.0, 5.0, 5.0, 5.0, 4.0, 4.0, 5.0, 4.0, 5.0, 5.0, 5.0, 5.0, 5.0, 5.0, 5.0, 5.0, 5.0, 5.0, 5.0, 5.0, 3.0, 5.0, 5.0, 5.0, 5.0, 5.0, 5.0, 4.0, 4.0, 5.0, 5.0, 5.0, 5.0, 5.0, 5.0, 5.0, 5.0, 2.0, 5.0, 5.0, 4.0, 5.0, 5.0, 5.0, 5.0, 5.0, 5.0, 5.0, 4.0, 5.0, 5.0, 5.0, 5.0, 5.0, 4.0, 5.0, 5.0, 5.0, 5.0, 5.0, 5.0, 4.0, 5.0, 5.0, 5.0, 5.0, 5.0, 5.0, 4.0, 5.0, 5.0, 5.0, 5.0, 5.0, 5.0, 5.0, 5.0, 5.0, 5.0, 5.0, 5.0, 5.0, 5.0, 5.0, 5.0, 5.0, 5.0, 5.0, 5.0, 5.0, 5.0, 5.0, 5.0, 5.0, 5.0, 5.0, 5.0, 5.0, 5.0, 5.0, 5.0, 5.0, 5.0, 5.0, 5.0, 5.0, 4.0, 5.0, 4.0, 5.0, 5.0, 5.0, 4.0, 5.0, 5.0, 5.0, 3.0, 3.0, 5.0, 5.0, 5.0, 5.0, 5.0, 3.0, 5.0, 5.0, 5.0, 5.0, 5.0, 5.0, 3.0, 5.0, 5.0, 5.0, 5.0, 5.0, 5.0, 5.0, 5.0, 5.0, 5.0, 5.0, 5.0, 5.0, 5.0, 5.0, 5.0, 5.0, 5.0, 5.0, 5.0, 5.0, 5.0, 5.0, 4.0, 5.0, 5.0, 5.0, 5.0, 5.0, 5.0, 5.0, 5.0, 5.0, 5.0, 5.0, 4.0, 5.0, 5.0, 5.0, 5.0, 5.0, 5.0, 5.0, 5.0, 4.0, 5.0, 4.0, 4.0, 5.0, 5.0, 5.0, 5.0, 5.0, 5.0, 4.0, 5.0, 5.0, 4.0, 5.0, 5.0, 5.0, 5.0, 3.0, 4.0, 5.0, 5.0, 4.0, 5.0, 5.0, 5.0, 5.0, 5.0, 4.0, 5.0, 5.0, 5.0, 5.0, 5.0, 4.0, 5.0, 5.0, 5.0, 5.0, 5.0, 4.0, 3.0, 4.0, 4.0, 5.0, 5.0, 3.0, 5.0, 3.0, 5.0, 5.0, 5.0, 5.0, 5.0, 5.0, 4.0, 5.0, 5.0, 4.0, 5.0, 5.0, 5.0, 5.0, 5.0, 3.0, 5.0, 5.0, 5.0, 5.0, 5.0, 5.0, 5.0, 5.0, 5.0, 5.0, 5.0, 5.0, 5.0, 3.0, 3.0, 5.0, 5.0, 5.0, 5.0, 5.0, 5.0, 5.0, 5.0, 5.0, 5.0, 5.0, 5.0, 5.0, 5.0, 5.0, 5.0, 4.0, 5.0, 4.0, 5.0, 5.0, 4.0, 5.0, 5.0, 5.0, 5.0, 5.0, 5.0, 5.0, 5.0, 3.0, 5.0, 5.0, 5.0, 5.0, 5.0, 5.0, 5.0, 5.0, 5.0, 5.0, 2.0, 5.0, 5.0, 5.0, 4.0, 5.0, 5.0, 5.0, 4.0, 5.0, 5.0, 0.0, 5.0, 5.0, 5.0, 5.0, 4.0, 5.0, 4.0, 4.0, 5.0, 5.0, 5.0, 5.0, 5.0, 5.0, 5.0, 5.0, 5.0, 5.0, 5.0, 5.0, 5.0, 5.0, 5.0, 5.0, 5.0, 3.0, 5.0, 5.0, 5.0, 5.0, 5.0, 5.0, 5.0, 5.0, 4.0, 5.0, 5.0, 4.0, 0.0, 5.0, 5.0, 5.0, 5.0, 5.0, 3.0, 5.0, 4.0, 5.0, 5.0, 5.0, 5.0, 5.0, 5.0, 4.0, 5.0, 5.0, 5.0, 5.0, 5.0, 5.0, 5.0, 5.0, 5.0, 5.0, 5.0, 4.0, 5.0, 5.0, 5.0, 5.0, 5.0, 5.0, 5.0, 4.0, 5.0, 5.0, 5.0, 5.0, 3.0, 5.0, 5.0, 5.0, 4.0, 5.0, 5.0, 5.0, 5.0, 0.0, 5.0, 5.0, 5.0, 5.0, 4.0, 3.0, 5.0, 5.0, 5.0, 5.0, 5.0, 5.0, 5.0, 5.0, 5.0, 5.0, 5.0, 0.0, 0.0, 5.0, 5.0, 5.0, 5.0, 5.0, 0.0, 5.0, 5.0, 5.0, 5.0, 5.0, 5.0, 5.0, 5.0, 5.0, 5.0, 5.0, 5.0, 0.0, 0.0, 5.0, 5.0, 5.0, 5.0, 5.0, 0.0, 5.0, 5.0, 5.0, 5.0, 5.0, 5.0, 5.0, 5.0, 5.0, 5.0, 0.0, 5.0, 5.0, 5.0, 5.0, 5.0, 5.0, 5.0, 5.0, 5.0, 5.0, 5.0, 5.0, 5.0, 5.0, 5.0, 5.0, 5.0, 5.0, 5.0, 5.0, 5.0, 0.0, 5.0, 5.0, 5.0, 5.0, 5.0, 5.0, 5.0, 5.0, 5.0, 5.0, 5.0, 5.0, 4.0, 5.0, 5.0, 5.0, 5.0, 5.0, 0.0, 5.0, 5.0, 5.0, 0.0, 5.0, 5.0, 5.0, 5.0, 4.0, 5.0, 5.0, 5.0, 5.0, 5.0, 4.0, 5.0, 5.0, 5.0, 5.0, 5.0, 5.0, 5.0, 5.0, 5.0, 5.0, 5.0, 5.0, 5.0, 5.0, 5.0, 0.0, 5.0, 5.0, 5.0, 5.0, 5.0, 5.0, 5.0, 5.0, 0.0, 5.0, 5.0, 5.0, 4.0, 5.0, 5.0, 5.0, 5.0, 5.0, 5.0, 5.0, 0.0, 5.0, 0.0, 0.0, 5.0, 5.0, 5.0, 5.0, 5.0, 5.0, 5.0, 5.0, 5.0, 5.0, 4.0, 5.0, 5.0, 5.0, 5.0, 0.0, 5.0, 5.0, 5.0, 5.0, 5.0, 5.0, 4.0, 5.0, 5.0, 5.0, 5.0, 4.0, 5.0, 5.0, 5.0, 5.0, 5.0, 4.0, 5.0, 5.0, 5.0, 5.0, 5.0, 5.0, 5.0, 5.0, 5.0, 5.0, 5.0, 5.0, 5.0, 5.0, 5.0, 5.0, 5.0, 5.0, 4.0, 5.0, 5.0, 4.0, 5.0, 5.0, 5.0, 5.0, 5.0, 5.0, 5.0, 5.0, 5.0, 5.0, 4.0, 5.0, 5.0, 5.0, 4.0, 5.0, 5.0, 0.0, 5.0, 4.0, 5.0, 5.0, 4.0, 5.0, 5.0, 0.0, 2.0, 5.0, 5.0, 5.0, 5.0, 5.0, 5.0, 5.0, 5.0, 5.0, 5.0, 4.0, 5.0, 5.0, 4.0, 5.0, 5.0, 5.0, 5.0, 5.0, 5.0, 5.0, 5.0, 5.0, 5.0, 5.0, 5.0, 5.0, 5.0, 5.0, 5.0, 5.0, 5.0, 5.0, 5.0, 5.0, 5.0, 5.0, 5.0, 5.0, 4.0, 5.0, 5.0, 5.0, 5.0, 5.0, 5.0, 5.0, 5.0, 5.0, 5.0, 5.0, 5.0, 5.0, 0.0, 5.0, 5.0, 5.0, 5.0, 5.0, 5.0, 5.0, 0.0, 4.0, 5.0, 5.0, 0.0, 0.0, 5.0, 5.0, 5.0, 5.0, 5.0, 5.0, 5.0, 4.0, 5.0, 5.0, 5.0, 5.0, 5.0, 3.0, 4.0, 0.0, 5.0, 5.0, 5.0, 5.0, 5.0, 5.0, 5.0, 5.0, 5.0, 5.0, 5.0, 5.0, 5.0, 5.0, 5.0, 5.0, 5.0, 0.0, 5.0, 5.0, 5.0, 5.0, 5.0, 5.0, 5.0, 5.0, 5.0, 5.0, 5.0, 5.0, 5.0, 5.0, 5.0, 5.0, 5.0, 5.0, 5.0, 5.0, 5.0, 5.0, 5.0, 5.0, 5.0, 0.0, 5.0, 5.0, 5.0, 5.0, 5.0, 5.0, 5.0, 5.0, 5.0, 5.0, 5.0, 5.0, 5.0, 0.0, 5.0, 5.0, 5.0, 5.0, 0.0, 5.0, 5.0, 5.0, 5.0, 4.0, 5.0, 5.0, 5.0, 5.0, 5.0, 5.0, 5.0, 5.0, 0.0, 5.0, 5.0, 4.0, 5.0, 5.0, 5.0, 5.0, 3.0, 5.0, 5.0, 5.0, 5.0, 5.0, 4.0, 5.0, 5.0, 4.0, 4.0, 5.0, 5.0, 5.0, 5.0, 5.0, 5.0, 5.0, 5.0, 5.0, 5.0, 5.0, 5.0, 5.0, 5.0, 5.0, 5.0, 5.0, 5.0, 5.0, 5.0, 5.0, 5.0, 0.0, 5.0, 5.0, 5.0, 5.0, 5.0, 5.0, 5.0, 5.0, 5.0, 4.0, 0.0, 5.0, 5.0, 5.0, 5.0, 5.0, 5.0, 5.0, 5.0, 5.0, 5.0, 5.0, 5.0, 5.0, 5.0, 3.0, 5.0, 5.0, 5.0, 5.0, 5.0, 5.0, 5.0, 5.0, 5.0, 4.0, 5.0, 5.0, 0.0, 4.0, 5.0, 5.0, 0.0, 5.0, 5.0, 0.0, 5.0, 5.0, 5.0, 5.0, 5.0, 5.0, 5.0, 5.0, 5.0, 5.0, 5.0, 5.0, 4.0, 5.0, 5.0, 4.0, 5.0, 5.0, 5.0, 4.0, 5.0, 5.0, 5.0, 5.0, 5.0, 5.0, 5.0, 5.0, 5.0, 4.0, 5.0, 5.0, 5.0, 5.0, 5.0, 5.0, 5.0, 5.0, 5.0, 5.0, 3.0, 5.0, 5.0, 5.0, 5.0, 5.0, 5.0, 5.0, 5.0, 5.0, 0.0, 5.0, 5.0, 4.0, 5.0, 5.0, 4.0, 5.0, 5.0, 5.0, 5.0, 5.0, 5.0, 5.0, 4.0, 3.0, 5.0, 5.0, 5.0, 5.0, 5.0, 4.0, 5.0, 5.0, 5.0, 0.0, 5.0, 5.0, 5.0, 5.0, 5.0, 5.0, 5.0, 5.0, 5.0, 3.0, 3.0, 5.0, 0.0, 5.0, 5.0, 5.0, 5.0, 5.0, 5.0, 5.0, 4.0, 5.0, 5.0, 5.0, 5.0, 5.0, 5.0, 5.0, 0.0, 5.0, 5.0, 5.0, 5.0, 5.0, 5.0, 5.0, 5.0, 5.0, 5.0, 4.0, 5.0, 4.0, 5.0, 5.0, 5.0, 5.0, 0.0, 5.0, 5.0, 5.0, 5.0, 5.0, 5.0, 5.0, 5.0, 5.0, 5.0, 5.0, 5.0, 0.0, 5.0, 5.0, 5.0, 5.0, 0.0, 0.0, 5.0, 5.0, 5.0, 5.0, 0.0, 5.0, 5.0, 5.0, 0.0, 5.0, 4.0, 5.0, 5.0, 5.0, 5.0, 5.0, 5.0, 5.0, 5.0, 5.0, 5.0, 5.0, 5.0, 5.0, 5.0, 5.0, 5.0, 5.0, 5.0, 5.0, 5.0, 5.0, 4.0, 5.0, 5.0, 5.0, 4.0, 0.0, 5.0, 3.0, 5.0, 5.0, 4.0, 5.0, 5.0, 5.0, 5.0, 5.0, 5.0, 5.0, 5.0, 0.0, 5.0, 5.0, 3.0, 5.0, 0.0, 5.0, 5.0, 5.0, 5.0, 5.0, 5.0, 5.0, 5.0, 5.0, 5.0, 5.0, 0.0, 5.0, 5.0, 5.0, 5.0, 5.0, 5.0, 0.0, 5.0, 5.0, 5.0, 5.0, 5.0, 5.0, 5.0, 5.0, 5.0, 5.0, 5.0, 5.0, 5.0, 5.0, 5.0, 5.0, 5.0, 5.0, 5.0, 5.0, 5.0, 5.0, 4.0, 5.0, 5.0, 5.0, 5.0, 5.0, 5.0, 5.0, 5.0, 5.0, 5.0, 5.0, 5.0, 5.0, 5.0, 5.0, 5.0, 5.0, 5.0, 5.0, 5.0, 5.0, 5.0, 5.0, 5.0, 5.0, 5.0, 5.0, 5.0, 0.0, 5.0, 4.0, 5.0, 5.0, 0.0, 0.0, 5.0, 5.0, 5.0, 5.0, 5.0, 5.0, 5.0, 5.0, 5.0, 4.0, 5.0, 5.0, 5.0, 5.0, 5.0, 5.0, 5.0, 5.0, 5.0, 5.0, 5.0, 5.0, 5.0, 5.0, 0.0, 5.0, 5.0, 0.0, 5.0, 4.0, 5.0, 5.0, 5.0, 5.0, 0.0, 5.0, 5.0, 0.0, 5.0, 5.0, 5.0, 5.0, 5.0, 0.0, 5.0, 5.0, 5.0, 5.0, 5.0, 5.0, 5.0, 5.0, 5.0, 5.0, 5.0, 0.0, 5.0, 5.0, 5.0, 5.0, 0.0, 5.0, 5.0, 0.0, 0.0, 5.0, 5.0, 5.0, 5.0, 5.0, 5.0, 5.0, 5.0, 5.0, 0.0, 5.0, 5.0, 5.0, 5.0, 5.0, 5.0, 5.0, 5.0, 0.0, 5.0, 5.0, 0.0, 0.0, 5.0, 5.0, 5.0, 5.0, 4.0, 4.0, 4.0, 5.0, 5.0, 5.0, 0.0, 4.0, 5.0, 5.0, 5.0, 5.0, 5.0, 5.0, 0.0, 5.0, 5.0, 0.0, 5.0, 5.0, 5.0, 0.0, 5.0, 5.0, 5.0, 5.0, 5.0, 5.0, 4.0, 5.0, 5.0, 0.0, 0.0, 5.0, 5.0, 0.0, 5.0, 5.0, 5.0, 5.0, 0.0, 5.0, 5.0, 5.0, 5.0, 5.0, 5.0, 5.0, 5.0, 5.0, 5.0, 5.0, 5.0, 5.0, 5.0, 5.0, 5.0, 5.0, 4.0, 5.0, 5.0, 5.0, 5.0, 4.0, 5.0, 5.0, 4.0, 5.0, 5.0, 5.0, 5.0, 5.0, 5.0, 5.0, 5.0, 5.0, 5.0, 5.0, 5.0, 5.0, 5.0, 5.0, 5.0, 5.0, 5.0, 4.0, 5.0, 5.0, 5.0, 5.0, 5.0, 5.0, 5.0, 5.0, 5.0, 5.0, 5.0, 5.0, 5.0, 5.0, 5.0, 5.0, 5.0, 5.0, 5.0, 5.0, 5.0, 5.0, 5.0, 5.0, 5.0, 5.0, 5.0, 5.0, 5.0, 5.0, 5.0, 5.0, 5.0, 5.0, 5.0, 5.0, 5.0, 5.0, 5.0, 5.0, 5.0, 5.0, 5.0, 5.0, 5.0, 5.0, 5.0, 5.0, 5.0, 5.0, 5.0, 5.0, 5.0, 4.0, 5.0, 5.0, 5.0, 5.0, 5.0, 5.0, 5.0, 5.0, 5.0, 5.0, 5.0, 5.0, 5.0, 5.0, 5.0, 5.0, 5.0, 5.0, 5.0, 5.0, 5.0, 5.0, 5.0, 5.0, 5.0, 5.0, 5.0, 5.0, 4.0, 5.0, 5.0, 5.0, 4.0, 5.0, 5.0, 4.0, 5.0, 5.0, 5.0, 0.0, 5.0, 5.0, 5.0, 5.0, 5.0, 5.0, 5.0, 5.0, 5.0, 5.0, 0.0, 5.0, 5.0, 5.0, 5.0, 5.0, 5.0, 5.0, 5.0, 5.0, 5.0, 5.0, 5.0, 5.0, 5.0, 5.0, 5.0, 5.0, 5.0, 5.0, 5.0, 5.0, 5.0, 0.0, 5.0, 5.0, 5.0, 5.0, 5.0, 5.0, 5.0, 5.0, 5.0, 5.0, 5.0, 5.0, 5.0, 5.0, 5.0, 5.0, 5.0, 5.0, 5.0, 5.0, 5.0, 5.0, 5.0, 5.0, 5.0, 5.0, 5.0, 5.0, 5.0, 5.0, 0.0, 5.0, 5.0, 5.0, 5.0, 5.0, 5.0, 5.0, 5.0, 5.0, 5.0, 5.0, 5.0, 5.0, 5.0, 5.0, 5.0, 5.0, 5.0, 5.0, 5.0, 5.0, 5.0, 5.0, 5.0, 5.0, 5.0, 5.0, 5.0, 5.0, 5.0, 0.0, 5.0, 5.0, 5.0, 5.0, 0.0, 5.0, 0.0, 5.0, 5.0, 5.0, 5.0, 5.0, 5.0, 5.0, 5.0, 5.0, 5.0, 5.0, 0.0, 5.0, 5.0, 5.0, 5.0, 5.0, 5.0, 5.0, 5.0, 5.0, 5.0, 5.0, 5.0, 5.0, 3.0, 5.0, 0.0, 5.0, 5.0, 5.0, 5.0, 5.0, 4.0, 5.0, 5.0, 5.0, 5.0, 5.0, 5.0, 5.0, 5.0, 5.0, 4.0, 5.0, 5.0, 5.0, 0.0, 5.0, 5.0, 5.0, 5.0, 5.0, 5.0, 5.0, 5.0, 5.0, 5.0, 5.0, 5.0, 5.0, 5.0, 5.0, 5.0, 5.0, 5.0, 5.0, 5.0, 5.0, 5.0, 5.0, 5.0, 5.0, 5.0, 5.0, 0.0, 5.0, 0.0, 5.0, 5.0, 0.0, 5.0, 5.0, 5.0, 5.0, 5.0, 5.0, 5.0, 5.0, 5.0, 5.0, 5.0, 5.0, 5.0, 5.0, 4.0, 5.0, 5.0, 5.0, 5.0, 5.0, 5.0, 5.0, 5.0, 5.0, 5.0, 5.0, 5.0, 5.0, 0.0, 5.0, 5.0, 5.0, 5.0, 5.0, 0.0, 5.0, 5.0, 5.0, 5.0, 5.0, 5.0, 5.0, 5.0, 5.0, 5.0, 5.0, 0.0, 5.0, 5.0, 5.0, 4.0, 5.0, 5.0, 5.0, 5.0, 5.0, 5.0, 5.0, 5.0, 5.0, 5.0, 5.0, 5.0, 0.0, 5.0, 5.0, 5.0, 5.0, 5.0, 5.0, 5.0, 4.0, 5.0, 5.0, 5.0, 5.0, 5.0, 5.0, 5.0, 5.0, 5.0, 0.0, 5.0, 5.0, 5.0, 0.0, 5.0, 5.0, 5.0, 5.0, 5.0, 5.0, 4.0, 5.0, 5.0, 5.0, 5.0, 5.0, 5.0, 5.0, 5.0, 5.0, 5.0, 5.0, 5.0, 5.0, 5.0, 5.0, 5.0, 5.0, 5.0, 5.0, 5.0, 5.0, 5.0, 5.0, 5.0, 5.0, 5.0, 5.0, 5.0, 5.0, 5.0, 5.0, 5.0, 5.0, 5.0, 5.0, 5.0, 5.0, 0.0, 5.0, 5.0, 5.0, 5.0, 0.0, 0.0, 4.0, 5.0, 5.0, 5.0, 5.0, 5.0, 5.0, 5.0, 5.0, 5.0, 0.0, 5.0, 5.0, 5.0, 5.0, 5.0, 5.0, 4.0, 5.0, 5.0, 5.0, 5.0, 5.0, 5.0, 5.0, 5.0, 5.0, 5.0, 5.0, 5.0, 0.0, 5.0, 5.0, 5.0, 5.0, 5.0, 5.0, 5.0, 5.0, 5.0, 5.0, 5.0, 5.0, 4.0, 4.0, 5.0, 5.0, 5.0, 5.0, 5.0, 5.0, 5.0, 4.0, 5.0, 4.0, 5.0, 5.0, 5.0, 5.0, 5.0, 5.0, 5.0, 5.0, 5.0, 5.0, 5.0, 5.0, 5.0, 5.0, 0.0, 4.0, 5.0, 5.0, 5.0, 5.0, 5.0, 5.0, 5.0, 5.0, 5.0, 5.0, 5.0, 5.0, 5.0, 5.0, 5.0, 5.0, 5.0, 5.0, 5.0, 5.0, 5.0, 5.0, 5.0, 0.0, 5.0, 5.0, 5.0, 5.0, 5.0, 5.0, 5.0, 5.0, 5.0, 0.0, 5.0, 5.0, 5.0, 5.0, 5.0, 5.0, 5.0, 5.0, 5.0, 5.0, 5.0, 5.0, 0.0, 5.0, 0.0, 5.0, 0.0, 5.0, 5.0, 0.0, 5.0, 5.0, 5.0, 5.0, 5.0, 4.0, 0.0, 4.0, 5.0, 5.0]",2024
13296,"[4, 0, 0, 1, 3, 0, 0, 0, 0, 3, 0, 0, 0, 0, 1, 0, 1, 0, 0, 1, 3, 1, 0, 0, 0, 0, 1, 0, 4, 1, 0, 0, 0, 3, 0, 0, 1, 0, 1, 0, 0, 1, 4, 3, 0, 0, 1, 0, 0, 0, 0, 1, 0, 0, 0, 2, 1, 0]","[11814, 117899, 50590, 147180, 92292, 128701, 73956, 172130, 108620, 106061, 67046]",11,"[5.0, 5.0, 5.0, 5.0, 5.0, 4.0, 5.0, 5.0, 5.0, 4.0, 5.0]",11
20838,"[5, 0, 0, 1, 0, 0, 0, 0, 0, 2, 0, 0, 0, 0, 0, 0, 0, 0, 0, 0, 0, 0, 0, 0, 0, 0, 0, 0, 1, 0, 0, 0, 0, 1, 0, 0, 1, 0, 2, 0, 0, 1, 0, 2, 0, 0, 1, 0, 0, 0, 0, 0, 0, 0, 0, 0, 0, 0]","[93120, 101370, 36266, 142571, 102211, 150197]",6,"[5.0, 5.0, 5.0, 2.0, 0.0, 5.0]",6
13222,"[3, 1, 0, 0, 2, 0, 0, 0, 0, 3, 1, 0, 0, 0, 0, 0, 2, 0, 0, 0, 0, 0, 0, 1, 0, 0, 1, 0, 0, 0, 0, 0, 0, 1, 1, 0, 1, 0, 1, 0, 0, 1, 2, 1, 1, 0, 0, 0, 0, 0, 0, 0, 0, 0, 0, 0, 0, 0]","[178237, 87426, 156947, 59992, 11736, 137192, 13937]",7,"[5.0, 5.0, 5.0, 5.0, 4.0, 5.0, 4.0]",7
12555,"[5, 0, 0, 2, 3, 0, 0, 0, 0, 2, 0, 1, 0, 0, 0, 0, 2, 0, 0, 0, 0, 1, 0, 0, 0, 0, 0, 0, 1, 0, 0, 0, 0, 0, 0, 0, 2, 1, 0, 0, 0, 0, 2, 2, 0, 0, 1, 0, 0, 0, 0, 0, 0, 0, 0, 3, 1, 0]","[99965, 79091, 126120, 90536, 29746, 39145, 153133, 114402, 147765]",9,"[5.0, 4.0, 5.0, 5.0, 5.0, 4.0, 5.0, 5.0, 5.0]",9
716,"[129, 0, 0, 36, 37, 0, 0, 5, 2, 104, 4, 4, 4, 0, 3, 0, 22, 0, 0, 14, 10, 4, 1, 19, 11, 0, 6, 10, 48, 16, 0, 0, 0, 62, 0, 2, 29, 19, 19, 1, 1, 4, 27, 38, 2, 2, 31, 2, 0, 6, 0, 5, 0, 14, 4, 33, 9, 25]","[6061, 48999, 74148, 56555, 32977, 135374, 160686, 91200, 57164, 140129, 29746, 157542, 83961, 120435, 100684, 42154, 9369, 21493, 8027, 98141, 173081, 97193, 26324, 104812, 10394, 131299, 81126, 994, 136945, 166767, 125634, 91525, 26686, 110941, 167743, 127948, 165648, 130896, 163739, 96642, 16294, 113716, 96149, 57656, 36170, 117752, 136563, 37723, 65619, 103220, 92341, 67254, 87703, 11152, 12437, 103590, 96881, 158200, 73879, 66029, 14616, 41172, 171100, 174897, 18508, 144458, 85206, 57475, 140898, 103581, 69992, 37111, 76205, 51181, 169785, 161396, 72436, 152159, 82121, 108571, 169901, 59531, 46369, 114081, 8763, 46770, 98047, 48758, 17414, 65511, 105538, 1357, 169470, 19086, 47877, 116465, 152196, 55364, 146740, 173688, 86852, 41828, 79265, 160068, 54770, 9482, 92497, 63312, 62022, 59237, 131454, 19316, 35921, 13090, 143166, 96671, 167342, 49040, 119453, 120226, 5041, 146038, 32267, 67434, 125187, 17819, 99294, 95451, 17679, 65899, 23291, 66598, 19694, 91520, 16179, 154241, 101200, 115337, 53252, 139086, 164973, 17509, 165421, 153953, 136075, 56077, 8487, 63033, 55517, 112180, 101783, 57698, 145326, 7234, 132981, 177024, 100773, 128887, 67419, 155571, 159896, 119809, 71624, 171986, 161316, 53697, 158632, 44551, 71642, 130409, 142845, 31092, 66521, 11324, 149257, 78419, 61925, 126732, 77073, 167944, 78870, 15293, 2305, 169611, 80000, 151058, 134374, 75244, 105094, 71755, 59593, 77788, 177057, 126927, 121480, 31342, 140353, 106264, 147534, 107994, 155102, 84680, 45497, 41436, 134145, 142842, 73953, 170083, 2536, 54849, 49909, 96798, 105699, 134273, 163897, 51200, 46289, 13435, 57747, 51607, 80111, 98408, 29723, 103303, 27441, 119685, 52334, 168471, 132187, 111790, 89385, 90382, 61366, 97432, 82879, 19297, 147570, 249, 21729, 136099, 154054, 37891, 118905, 148499]",244,"[5.0, 5.0, 5.0, 5.0, 5.0, 5.0, 4.0, 5.0, 5.0, 5.0, 4.0, 5.0, 4.0, 4.0, 5.0, 5.0, 5.0, 5.0, 4.0, 5.0, 5.0, 4.0, 3.0, 5.0, 5.0, 5.0, 5.0, 5.0, 5.0, 5.0, 5.0, 5.0, 5.0, 5.0, 4.0, 5.0, 5.0, 5.0, 5.0, 5.0, 4.0, 5.0, 4.0, 4.0, 5.0, 5.0, 0.0, 5.0, 5.0, 5.0, 5.0, 5.0, 5.0, 5.0, 5.0, 4.0, 5.0, 4.0, 5.0, 5.0, 5.0, 4.0, 4.0, 5.0, 5.0, 5.0, 5.0, 0.0, 4.0, 5.0, 5.0, 3.0, 5.0, 4.0, 2.0, 4.0, 4.0, 5.0, 5.0, 4.0, 4.0, 5.0, 4.0, 5.0, 5.0, 5.0, 5.0, 5.0, 5.0, 5.0, 5.0, 5.0, 5.0, 5.0, 5.0, 5.0, 5.0, 5.0, 5.0, 4.0, 0.0, 2.0, 5.0, 4.0, 5.0, 4.0, 5.0, 4.0, 5.0, 5.0, 5.0, 5.0, 5.0, 5.0, 4.0, 4.0, 5.0, 0.0, 5.0, 5.0, 5.0, 5.0, 4.0, 5.0, 5.0, 5.0, 0.0, 5.0, 5.0, 5.0, 5.0, 4.0, 5.0, 4.0, 5.0, 5.0, 4.0, 4.0, 5.0, 5.0, 5.0, 4.0, 5.0, 5.0, 4.0, 4.0, 5.0, 5.0, 4.0, 5.0, 5.0, 4.0, 5.0, 5.0, 5.0, 5.0, 5.0, 4.0, 5.0, 5.0, 0.0, 0.0, 4.0, 5.0, 4.0, 5.0, 5.0, 5.0, 5.0, 5.0, 5.0, 5.0, 5.0, 5.0, 5.0, 5.0, 3.0, 0.0, 5.0, 4.0, 5.0, 5.0, 5.0, 5.0, 5.0, 0.0, 5.0, 5.0, 5.0, 5.0, 5.0, 5.0, 5.0, 4.0, 5.0, 5.0, 5.0, 5.0, 5.0, 5.0, 5.0, 5.0, 5.0, 4.0, 5.0, 4.0, 4.0, 5.0, 5.0, 5.0, 4.0, 5.0, 4.0, 4.0, 5.0, 4.0, 5.0, 5.0, 5.0, 4.0, 5.0, 5.0, 5.0, 5.0, 5.0, 3.0, 5.0, 5.0, 5.0, 5.0, 5.0, 5.0, 5.0, 5.0, 0.0, 5.0, 5.0, 5.0, 5.0, 5.0, 5.0, 5.0, 4.0, 0.0]",244
2143,"[19, 0, 0, 11, 7, 0, 0, 0, 1, 13, 0, 3, 0, 0, 1, 0, 6, 0, 0, 3, 1, 1, 0, 0, 1, 0, 1, 4, 5, 0, 0, 1, 0, 11, 0, 0, 2, 2, 2, 0, 0, 0, 3, 4, 1, 0, 7, 2, 0, 0, 0, 0, 0, 1, 0, 6, 3, 2]","[109984, 56789, 23933, 63660, 152581, 156041, 33252, 5799, 106381, 124252, 75735, 99476, 144568, 151306, 93699, 76562, 20658, 161168, 53507, 115884, 13435, 148114, 87668, 121170, 155754, 74089, 135961, 46902, 92013, 140898, 19297, 161944, 25023, 79996, 50050, 45360, 75098, 75582, 77534, 113525, 69167, 21729, 803]",43,"[5.0, 5.0, 5.0, 5.0, 5.0, 5.0, 5.0, 5.0, 5.0, 5.0, 5.0, 5.0, 5.0, 5.0, 5.0, 5.0, 5.0, 5.0, 5.0, 5.0, 5.0, 5.0, 5.0, 5.0, 5.0, 5.0, 5.0, 5.0, 5.0, 5.0, 5.0, 5.0, 5.0, 5.0, 5.0, 5.0, 5.0, 5.0, 5.0, 5.0, 5.0, 5.0, 5.0]",43
11939,"[8, 0, 0, 5, 13, 0, 0, 0, 0, 7, 0, 2, 0, 0, 3, 0, 10, 0, 0, 0, 3, 1, 0, 3, 0, 0, 3, 1, 6, 0, 0, 0, 0, 11, 0, 2, 1, 1, 1, 0, 0, 2, 8, 6, 0, 3, 5, 3, 0, 0, 0, 0, 0, 1, 1, 6, 1, 3]","[127852, 89184, 14044, 121134, 164198, 92868, 70640, 95586, 102112, 31894, 44367, 43640, 98640, 14739, 30824, 17925, 116266, 149428, 37111, 175589, 9462, 63559, 82785, 46225, 86923, 85309, 23143, 67618, 43745, 153075, 156577, 36255, 40574]",33,"[5.0, 4.0, 5.0, 3.0, 4.0, 4.0, 4.0, 5.0, 5.0, 5.0, 5.0, 4.0, 5.0, 4.0, 4.0, 4.0, 5.0, 5.0, 5.0, 5.0, 5.0, 5.0, 3.0, 5.0, 5.0, 5.0, 5.0, 4.0, 4.0, 5.0, 5.0, 5.0, 5.0]",33
2244,"[15, 0, 0, 7, 8, 0, 0, 3, 0, 11, 0, 2, 0, 0, 0, 0, 3, 0, 0, 1, 4, 0, 0, 3, 2, 0, 2, 1, 1, 0, 0, 0, 0, 9, 0, 2, 1, 2, 4, 0, 0, 0, 6, 7, 1, 0, 5, 1, 0, 1, 0, 2, 0, 2, 0, 4, 1, 4]","[856, 161850, 146606, 146361, 42565, 88965, 162726, 115430, 12126, 81459, 18660, 178063, 55219, 69324, 110158, 77451, 164748, 170077, 40986, 165618, 34071, 20460, 112286, 112752, 11115, 45900, 55228, 2071, 59131, 132314, 50608, 90604, 106586, 62323, 165365]",35,"[3.0, 4.0, 5.0, 4.0, 0.0, 5.0, 4.0, 4.0, 0.0, 4.0, 0.0, 0.0, 2.0, 5.0, 4.0, 5.0, 5.0, 4.0, 5.0, 4.0, 4.0, 4.0, 3.0, 5.0, 5.0, 5.0, 0.0, 4.0, 5.0, 4.0, 5.0, 5.0, 0.0, 5.0, 5.0]",35
9688,"[7, 0, 0, 2, 3, 0, 0, 0, 0, 4, 1, 0, 0, 0, 0, 0, 1, 0, 0, 1, 0, 1, 0, 0, 0, 0, 0, 1, 3, 0, 0, 0, 0, 4, 0, 0, 1, 2, 1, 0, 0, 1, 2, 1, 0, 0, 2, 0, 0, 0, 0, 0, 0, 0, 0, 3, 0, 3]","[135723, 99787, 164596, 150229, 94618, 140898, 62794, 48398, 6486, 29746]",10,"[5.0, 5.0, 5.0, 5.0, 2.0, 0.0, 5.0, 4.0, 5.0, 5.0]",10
17606,"[7, 0, 0, 4, 6, 0, 0, 1, 0, 5, 0, 1, 0, 0, 0, 0, 2, 0, 0, 0, 1, 2, 0, 0, 0, 0, 0, 0, 2, 0, 0, 0, 0, 3, 0, 1, 1, 2, 3, 0, 0, 2, 4, 3, 1, 0, 3, 2, 0, 0, 0, 0, 0, 1, 0, 0, 0, 1]","[114402, 159321, 97738, 46292, 73868, 47877, 64311, 98022, 170668, 27902, 45194, 22399, 39715, 77240, 95593, 150771, 56402, 50106, 46021, 68202, 53659]",21,"[5.0, 5.0, 5.0, 5.0, 5.0, 4.0, 5.0, 5.0, 5.0, 5.0, 5.0, 5.0, 5.0, 5.0, 5.0, 5.0, 5.0, 5.0, 5.0, 5.0, 5.0]",21
16926,"[1, 0, 0, 1, 3, 0, 0, 0, 0, 0, 0, 1, 0, 0, 0, 0, 2, 0, 0, 1, 1, 0, 0, 0, 0, 0, 0, 0, 2, 1, 0, 1, 0, 2, 0, 0, 1, 0, 1, 0, 0, 1, 2, 3, 0, 0, 0, 1, 0, 1, 0, 0, 0, 1, 1, 1, 0, 2]","[113961, 106706, 171328, 54256, 20238, 164596]",6,"[5.0, 5.0, 5.0, 5.0, 5.0, 5.0]",6
4320,"[6, 0, 0, 4, 7, 0, 0, 2, 0, 4, 0, 0, 0, 0, 1, 0, 4, 0, 0, 0, 1, 0, 0, 3, 0, 0, 0, 0, 1, 0, 0, 0, 0, 3, 0, 2, 3, 1, 5, 0, 0, 0, 4, 3, 0, 0, 2, 0, 0, 1, 0, 0, 0, 1, 0, 5, 0, 2]","[150374, 14663, 116769, 137383, 97385, 177496, 143432, 15940, 95331, 128701, 1829, 176007, 90779, 16123, 103450, 74259, 7506, 29746, 2307]",19,"[5.0, 5.0, 5.0, 5.0, 5.0, 5.0, 5.0, 5.0, 5.0, 5.0, 5.0, 5.0, 5.0, 5.0, 5.0, 3.0, 5.0, 5.0, 5.0]",19
7380,"[15, 0, 0, 4, 7, 0, 0, 0, 0, 17, 2, 0, 0, 0, 1, 0, 10, 0, 0, 2, 7, 1, 1, 4, 0, 0, 0, 2, 11, 2, 0, 3, 0, 14, 0, 1, 3, 0, 2, 0, 0, 2, 6, 9, 0, 0, 6, 0, 0, 2, 0, 0, 0, 1, 0, 1, 2, 0]","[117533, 177182, 25279, 55772, 164321, 103556, 107736, 77358, 19887, 20290, 166624, 119044, 138882, 88276, 32211, 108013, 75102, 150292, 64311, 169302, 135400, 28368, 154916, 53558, 16955, 31762, 56077, 119071, 44396, 115883, 46490, 142970, 39762, 13903, 7066, 141747, 160358, 160684, 41263, 54256, 81220, 4169]",42,"[1.0, 5.0, 4.0, 5.0, 5.0, 5.0, 5.0, 5.0, 5.0, 5.0, 5.0, 1.0, 5.0, 5.0, 5.0, 1.0, 4.0, 5.0, 5.0, 5.0, 4.0, 1.0, 5.0, 5.0, 5.0, 5.0, 5.0, 5.0, 5.0, 5.0, 2.0, 1.0, 2.0, 5.0, 5.0, 5.0, 5.0, 5.0, 5.0, 5.0, 5.0, 5.0]",42
5162,"[4, 0, 0, 0, 5, 0, 0, 0, 0, 5, 0, 0, 0, 0, 0, 0, 1, 0, 0, 0, 0, 0, 0, 0, 0, 0, 0, 0, 2, 0, 0, 0, 0, 3, 0, 0, 2, 1, 0, 0, 0, 0, 2, 2, 1, 0, 1, 0, 0, 0, 1, 0, 0, 0, 0, 1, 1, 1]","[126416, 96511, 2376, 81485, 9557, 33803, 18744, 164636, 81462, 150786, 150546]",11,"[4.0, 5.0, 5.0, 5.0, 5.0, 5.0, 5.0, 5.0, 5.0, 5.0, 5.0]",11
20693,"[12, 0, 0, 2, 4, 0, 0, 0, 0, 8, 0, 1, 0, 0, 0, 0, 6, 0, 0, 1, 3, 1, 0, 0, 0, 0, 0, 2, 3, 2, 0, 0, 0, 5, 0, 0, 1, 0, 2, 0, 0, 1, 3, 3, 0, 0, 1, 0, 0, 1, 0, 0, 0, 3, 0, 1, 0, 0]","[138882, 155926, 144602, 106975, 149140, 97269, 108821, 127243, 64311, 44333, 46490, 105376, 81694, 170097, 147180, 154689, 50909, 141694, 52334, 103590]",20,"[4.0, 5.0, 5.0, 5.0, 4.0, 5.0, 5.0, 5.0, 4.0, 4.0, 5.0, 5.0, 3.0, 5.0, 4.0, 4.0, 5.0, 4.0, 5.0, 4.0]",20
19848,"[7, 1, 0, 2, 2, 0, 0, 1, 0, 4, 2, 1, 0, 0, 0, 0, 2, 0, 0, 2, 1, 0, 0, 1, 2, 0, 0, 0, 2, 0, 0, 0, 0, 4, 0, 0, 0, 0, 0, 0, 0, 1, 2, 1, 0, 0, 1, 0, 0, 0, 0, 0, 0, 1, 0, 0, 1, 0]","[31796, 36951, 90952, 73664, 97466, 178034, 57809, 65788, 45922, 157740, 174280, 91745, 89096]",13,"[5.0, 4.0, 5.0, 5.0, 5.0, 4.0, 3.0, 4.0, 5.0, 5.0, 5.0, 5.0, 5.0]",13
3141,"[11, 0, 0, 0, 4, 0, 0, 0, 0, 6, 1, 1, 0, 0, 0, 0, 4, 0, 0, 7, 0, 0, 0, 0, 0, 0, 0, 1, 1, 2, 0, 0, 0, 3, 0, 1, 2, 0, 1, 0, 0, 1, 5, 2, 1, 0, 2, 0, 0, 0, 0, 0, 0, 0, 0, 0, 0, 0]","[89113, 55253, 164837, 151327, 1477, 118122, 89382, 125432, 147298, 119925, 16263, 21993, 24842, 146315, 1261, 254, 127442, 34602]",18,"[5.0, 4.0, 5.0, 5.0, 4.0, 4.0, 4.0, 4.0, 3.0, 4.0, 5.0, 5.0, 3.0, 5.0, 4.0, 5.0, 4.0, 4.0]",18
20052,"[2, 0, 0, 2, 1, 0, 0, 0, 0, 4, 2, 0, 0, 0, 0, 0, 3, 0, 0, 0, 2, 0, 0, 1, 0, 0, 1, 0, 2, 1, 0, 0, 0, 2, 1, 0, 1, 0, 0, 0, 0, 0, 1, 3, 1, 0, 2, 0, 0, 0, 0, 0, 1, 0, 0, 1, 0, 0]","[32388, 76859, 163130, 125155, 110941, 49110, 89471, 98401]",8,"[3.0, 5.0, 5.0, 0.0, 5.0, 5.0, 5.0, 5.0]",8
3930,"[8, 0, 0, 2, 5, 0, 0, 1, 1, 7, 1, 1, 0, 0, 1, 0, 6, 0, 0, 1, 2, 1, 0, 0, 1, 0, 1, 1, 3, 1, 0, 1, 0, 4, 0, 0, 2, 3, 3, 0, 0, 1, 7, 2, 2, 0, 3, 0, 0, 1, 0, 0, 0, 1, 0, 2, 1, 1]","[1690, 97738, 139025, 20264, 45418, 51784, 82451, 114188, 47132, 27953, 171237, 121494, 16349, 158472, 134610, 175370, 10124, 82128, 53194, 143710, 150612, 147374, 49677, 6350, 175765, 81220]",26,"[5.0, 5.0, 5.0, 5.0, 5.0, 3.0, 5.0, 5.0, 5.0, 5.0, 5.0, 5.0, 5.0, 5.0, 5.0, 5.0, 5.0, 5.0, 5.0, 5.0, 5.0, 5.0, 5.0, 5.0, 5.0, 5.0]",26
4971,"[6, 0, 0, 3, 0, 0, 0, 0, 0, 2, 0, 1, 0, 0, 0, 0, 0, 0, 0, 1, 0, 0, 0, 0, 0, 0, 0, 0, 4, 0, 0, 0, 0, 2, 0, 0, 1, 0, 0, 0, 0, 0, 0, 0, 1, 0, 2, 0, 0, 1, 0, 0, 0, 1, 1, 1, 0, 0]","[103297, 84742, 2267, 166665, 166340, 115195, 161419, 147765, 85614, 167003]",10,"[5.0, 5.0, 5.0, 5.0, 5.0, 5.0, 5.0, 5.0, 5.0, 5.0]",10
506,"[437, 8, 3, 111, 259, 2, 2, 39, 4, 326, 18, 26, 4, 0, 18, 0, 191, 1, 0, 19, 97, 47, 7, 55, 6, 0, 19, 62, 190, 24, 2, 5, 0, 289, 0, 11, 94, 37, 103, 3, 2, 16, 169, 155, 8, 3, 89, 4, 0, 28, 4, 4, 4, 90, 25, 91, 30, 76]","[60594, 38042, 130865, 121029, 36476, 127921, 94469, 106975, 68119, 27561, 111110, 1074, 24677, 85523, 143506, 151644, 141404, 124212, 57068, 26516, 8523, 132589, 1335, 127852, 31765, 113959, 163704, 103767, 117945, 147317, 69058, 19612, 162578, 27578, 62999, 39038, 165331, 165431, 124277, 45029, 822, 102532, 13474, 133515, 53851, 69137, 48899, 24086, 121513, 164474, 13489, 98232, 123722, 100846, 136789, 1783, 74197, 47843, 116687, 46467, 150558, 30834, 110334, 40591, 7080, 35421, 155034, 135960, 30973, 25772, 156373, 86922, 95338, 124744, 162810, 65265, 36531, 153044, 53837, 163083, 171701, 33887, 107883, 143003, 11132, 54033, 101542, 87580, 129753, 86216, 102653, 138916, 55263, 140179, 16457, 92868, 132323, 73051, 61936, 8748, 22528, 122340, 3225, 28879, 167714, 86651, 9677, 163619, 24565, 95316, 39821, 135657, 110317, 64314, 152751, 52349, 52521, 20777, 151953, 49963, 23295, 49749, 24615, 13555, 141290, 92216, 20140, 99998, 48398, 44664, 167256, 64511, 10355, 57186, 96787, 135883, 136059, 169768, 437, 72352, 44551, 169041, 14516, 100922, 117821, 155776, 1367, 4126, 165944, 160231, 151446, 143777, 96908, 38016, 61011, 133138, 125468, 93932, 160571, 61299, 81523, 148697, 79335, 163411, 4990, 137394, 97647, 156605, 45567, 133672, 9641, 74198, 5326, 117895, 34583, 85072, 3517, 38167, 93562, 59116, 46646, 155955, 145307, 4132, 55559, 132263, 21876, 79089, 88951, 158727, 168560, 104518, 5787, 151311, 64268, 50723, 166858, 120579, 149048, 165265, 118418, 104484, 87802, 30506, 101739, 66447, 168469, 135028, 143238, 91100, 102795, 67898, 68245, 160270, 98148, 18097, 83867, 59193, 22794, 132601, 175612, 168038, 146969, 83359, 155169, 4233, 107012, 106058, 138471, 79958, 29972, 191, 86420, 89113, 15059, 50312, 111640, 95213, 157308, 107374, 18505, 59542, 17654, 150833, 157585, 21908, 11498, 133888, 75521, 20681, 68893, 104761, 161553, 130213, 170511, 69097, 166643, 166867, 97328, 144020, 96721, 132439, 115884, 89839, 7713, 165774, 142946, 31395, 111163, 30586, 138082, 106967, 120400, 123040, 105062, 131154, 71537, 18264, 177119, 5228, 90143, 32321, 32358, 53982, 124388, 115879, 42044, 14570, 28552, 6445, 9005, 123952, 5482, 66995, 53417, 153014, 167355, 29898, 135041, 48455, 155654, 170575, 130154, 50200, 105599, 160005, 154238, 63314, 165701, 38364, 24262, 5872, 92769, 62200, 139534, 44177, 151579, 138868, 83049, 75494, 116811, 22259, 97344, 19662, 60843, 110226, 88884, 144951, 30108, 37515, 154775, 111626, 142791, 86337, 43441, 140864, 83568, 49181, 62922, 151967, 165647, 164675, 62597, 17940, 94169, 1277, 156149, 71682, 159843, 97331, 56594, 946, 104039, 119044, 69922, 164827, 56425, 92521, 139934, 103230, 4867, 112793, 24183, 167584, 22619, 58403, 127612, 142220, 43838, 115826, 6893, 4894, 132336, 12198, 48505, 43440, 22649, 2536, 78169, 166985, 127728, 31030, 27942, 143311, 130288, 164015, 110852, 35987, 617, 52537, 15173, 154800, 80222, 13831, 155308, 46950, 150450, 41713, 66315, 40701, 58002, 65019, 62117, 37662, 99537, 162529, 119546, 147911, 70630, 129425, 152662, 87555, 71102, 62344, 91341, 96575, 8763, 6506, 130017, 77429, 57086, 9383, 19652, 124353, 4708, 66352, 53666, 101840, 148114, 163130, 82495, 92054, 154637, 176014, 111544, 150570, 70635, 103415, 8524, 145652, 20429, 64098, 175176, 32541, 15300, 14492, 108092, 73982, 26464, 76697, 20032, 89840, 25919, 125610, 39735, 107309, 147036, 69678, 71398, 130475, 122806, 154832, 19257, 79279, 40169, 59526, 56359, 91675, 71594, 152030, 81126, 173313, 153977, 155239, 76384, 23703, 76514, 92340, 685, 136849, 63534, 26686, 50899, 124610, 3676, 171328, 157128, 147486, 161391, 114752, 86747, 154268, 88407, 105239, 7524, 83273, 120072, 126649, 594, 160702, 20635, 104569, 3592, 68565, 3814, 60504, 57207, 156438, 21036, 46085, 103012, 67185, 154562, 108091, 130890, 48592, 70587, 140930, 9280, 62636, 107569, 68852, 12055, 54232, 79522, 142123, 76442, 61145, 133896, 138392, 162407, 114402, 52237, 84267, 14311, 157051, 98839, 61970, 178139, 47313, 34494, 102267, 100387, 142687, 37047, 54819, 74986, 4195, 5291, 126064, 105431, 37075, 52638, 143203, 82067, 5529, 66084, 166212, 100447, 166208, 23052, 76265, 142269, 12976, 52950, 26540, 128575, 52411, 157174, 58685, 167901, 103361, 65435, 89672, 101183, 127869, 152806, 70907, 114500, 113937, 35380, 133976, 89942, 114657, 108255, 138288, 155009, 150136, 48673, 6018, 37003, 18849, 52206, 55337, 43844, 36007, 44592, 150579, 12648, 147927, 67212, 162222, 109302, 49621, 118583, 160781, 80797, 120740, 15950, 169477, 175469, 75244, 120016, 29289, 90086, 77937, 20299, 101121, 43565, 33816, 75291, 167774, 120570, 36161, 122186, 33065, 45652, 114954, 117109, 56615, 154054, 15377, 133161, 33196, 143165, 111487, 144239, 119225, 122121, 9107, 48354, 16150, 170520, 15993, 101772, 38669, 81049, 130470, 151500, 112286, 131785, 105634, 60918, 6384, 118845, 88701, 169682, 20822, 23813, 86859, 128688, 82444, 52473, 176527, 34236, 24837, 70001, 103337, 98791, 4401, 55862, 66559, 75551, 107366, 44967, 55808, 74699, 36207, 35292, 136873, 102495, 155745, 34059, 51861, 163199, 130387, 54149, 87053, 26341, 98825, 148125, 92377, 117915, 54421, 122347, 122535, 134610, 82299, 21746, 145092, 268, 125338, 145965, 134757, 88919, 166821, 114421, 112721, 155820, 160710, 3352, 94203, 130876, 61519, 21072, 99914, 68008, 72147, 29904, 69708, 24194, 79284, 97530, 15870, 106536, 140919, 57006, 89063, 11025, 171961, 79316, 177218, 154029, 39895, 9822, 47255, 82205, 109341, 141114, 65453, 121169, 97980, 1479, 99575, 19514, 91692, 10949, 58847, 53419, 135965, 92227, 45111, 2446, 26132, 58562, 45649, 147423, 4177, 63855, 112534, 175328, 49137, 76245, 113962, 161096, 43072, 139849, 103960, 52142, 49274, 161152, 124525, 138807, 131068, 41087, 62008, 122900, 82309, 15307, 164812, 105863, 96883, 146349, 85787, 104680, 97780, 97563, 149729, 26660, 106489, 92755, 116132, 123105, 107214, 105643, 173110, 27360, 89875, 169021, 113406, 142252, 18248, 24579, 49085, 81929, 37473, 143117, 83799, 127845, 20923, 135767, 72674, 142989, 1712, 149039, 40860, 7372, 2568, 143828, 134170, 30666, 64657, 138727, 31606, 170806, 34789, 66643, 117460, 114188, 107512, 24869, 165222, 97178, 117072, 79042, 89863, 112042, 64929, 48189, 5015, 29025, 48439, 28597, 151032, 67190, 126848, 62890, 10666, 150864, 97013, 63522, 137597, 118802, 131467, 7752, 74994, 146636, 114050, 85414, 77703, 127023, 171612, 2756, 87078, 79270, 138320, 51452, 148618, 81266, 58781, 70898, 10728, 142941, 51200, 12394, 27880, 131890, 178109, 90196, 15192, 94679, 113961, 86173, 87460, 86035, 4337, 64659, 134324, 136097, 16043, 150460, 85008, 112943, 33669, 38124, 23803, 159573, 21273, 7130, 8407, 157603, 171213, 116471, 175462, 68574, 100297, 103294, 172034, 78584, 26501, 50503, 162723, 6428, 106969, 156223, 72555, 24371, 100958, 175630, 96094, 80292, 58617, 170924, 176259, 46150, 139167, 138589, 136718, 67617, 131163, 172542, 79357, 30947, 17098, 2083, 121499, 39976, 136496, 50882, 164023, 162641, 109080, 174457, 6791, 116307, 113987, 175682, 45578, 131837, 9771, 168072, 153741, 168500, 96096, 83941, 10571, 54333, 84417, 107387, 19959, 32780, 72220, 125933, 129885, 92730, 96944, 118158, 85700, 143078, 67745, 62560, 155752, 110420, 110566, 117725, 42718, 104529, 158486, 170362, 123188, 38923, 44728, 124503, 57713, 134925, 85831, 54070, 41360, 148366, 56437, 119543, 125637, 56418, 124439, 38505, 46934, 105403, 106899, 12912, 82408, 131860, 78940, 149330, 65594, 133352, 99492, 108024, 131037, 174920, 158632, 116386, 43741, 120620, 141843, 53142, 144855, 70197, 128724, 164880, 16869, 8733, 65237, 64367, 69903, 102169, 105098, 92047, 107175, 58502, 64647, 164097, 133530, 96318, 176557, 56462, 97564, 16366, 4807, 108385, 128649, 50788, 173411, 6756, 35296, 59908, 131088, 107831, 146248]",1048,"[4.0, 5.0, 5.0, 4.0, 4.0, 3.0, 5.0, 5.0, 5.0, 4.0, 5.0, 5.0, 5.0, 5.0, 5.0, 5.0, 5.0, 3.0, 4.0, 5.0, 5.0, 5.0, 5.0, 5.0, 5.0, 5.0, 5.0, 5.0, 4.0, 4.0, 5.0, 4.0, 5.0, 5.0, 5.0, 5.0, 5.0, 3.0, 5.0, 4.0, 5.0, 5.0, 5.0, 5.0, 4.0, 5.0, 5.0, 4.0, 4.0, 5.0, 5.0, 5.0, 5.0, 5.0, 5.0, 5.0, 5.0, 5.0, 5.0, 3.0, 5.0, 5.0, 5.0, 5.0, 5.0, 5.0, 5.0, 5.0, 5.0, 5.0, 5.0, 4.0, 5.0, 4.0, 5.0, 5.0, 5.0, 5.0, 5.0, 5.0, 5.0, 3.0, 5.0, 5.0, 4.0, 5.0, 5.0, 5.0, 5.0, 4.0, 5.0, 5.0, 3.0, 5.0, 5.0, 5.0, 4.0, 0.0, 5.0, 5.0, 5.0, 5.0, 5.0, 5.0, 5.0, 4.0, 5.0, 5.0, 4.0, 5.0, 5.0, 5.0, 5.0, 5.0, 4.0, 5.0, 5.0, 5.0, 4.0, 5.0, 5.0, 5.0, 5.0, 4.0, 5.0, 5.0, 4.0, 5.0, 5.0, 4.0, 5.0, 5.0, 5.0, 5.0, 5.0, 5.0, 5.0, 5.0, 5.0, 5.0, 5.0, 4.0, 5.0, 5.0, 5.0, 5.0, 4.0, 5.0, 5.0, 5.0, 5.0, 5.0, 5.0, 5.0, 5.0, 5.0, 5.0, 4.0, 4.0, 4.0, 4.0, 5.0, 5.0, 5.0, 5.0, 5.0, 5.0, 4.0, 5.0, 5.0, 0.0, 5.0, 5.0, 5.0, 4.0, 5.0, 5.0, 4.0, 4.0, 4.0, 5.0, 5.0, 4.0, 5.0, 5.0, 5.0, 5.0, 5.0, 4.0, 4.0, 5.0, 5.0, 5.0, 5.0, 4.0, 5.0, 5.0, 5.0, 5.0, 5.0, 5.0, 5.0, 5.0, 5.0, 5.0, 5.0, 5.0, 4.0, 4.0, 5.0, 5.0, 5.0, 4.0, 5.0, 4.0, 4.0, 5.0, 5.0, 4.0, 5.0, 5.0, 5.0, 5.0, 5.0, 5.0, 5.0, 5.0, 5.0, 4.0, 4.0, 5.0, 5.0, 5.0, 4.0, 4.0, 5.0, 5.0, 4.0, 5.0, 5.0, 5.0, 5.0, 5.0, 4.0, 5.0, 4.0, 5.0, 5.0, 5.0, 4.0, 5.0, 4.0, 4.0, 4.0, 5.0, 5.0, 5.0, 5.0, 5.0, 5.0, 4.0, 5.0, 5.0, 5.0, 5.0, 5.0, 5.0, 5.0, 5.0, 5.0, 5.0, 4.0, 5.0, 4.0, 5.0, 5.0, 5.0, 5.0, 5.0, 5.0, 5.0, 5.0, 4.0, 5.0, 5.0, 5.0, 5.0, 5.0, 5.0, 5.0, 5.0, 5.0, 5.0, 5.0, 5.0, 5.0, 5.0, 5.0, 5.0, 5.0, 5.0, 5.0, 5.0, 5.0, 4.0, 5.0, 4.0, 5.0, 5.0, 5.0, 4.0, 5.0, 5.0, 5.0, 5.0, 5.0, 5.0, 5.0, 5.0, 5.0, 5.0, 5.0, 5.0, 5.0, 5.0, 4.0, 4.0, 5.0, 5.0, 5.0, 5.0, 5.0, 5.0, 5.0, 4.0, 4.0, 5.0, 5.0, 5.0, 5.0, 5.0, 5.0, 4.0, 5.0, 5.0, 5.0, 5.0, 4.0, 5.0, 5.0, 4.0, 5.0, 5.0, 5.0, 5.0, 4.0, 5.0, 5.0, 5.0, 4.0, 5.0, 5.0, 5.0, 5.0, 5.0, 5.0, 5.0, 5.0, 5.0, 5.0, 5.0, 5.0, 5.0, 5.0, 5.0, 5.0, 5.0, 5.0, 5.0, 5.0, 5.0, 4.0, 5.0, 5.0, 4.0, 5.0, 5.0, 5.0, 5.0, 5.0, 5.0, 5.0, 5.0, 5.0, 5.0, 5.0, 5.0, 5.0, 5.0, 4.0, 5.0, 5.0, 5.0, 5.0, 5.0, 5.0, 5.0, 5.0, 5.0, 5.0, 5.0, 5.0, 5.0, 5.0, 5.0, 5.0, 4.0, 5.0, 5.0, 5.0, 4.0, 5.0, 5.0, 5.0, 5.0, 5.0, 5.0, 5.0, 5.0, 5.0, 5.0, 5.0, 5.0, 5.0, 5.0, 5.0, 5.0, 5.0, 5.0, 5.0, 5.0, 5.0, 5.0, 5.0, 5.0, 5.0, 5.0, 5.0, 5.0, 5.0, 5.0, 5.0, 5.0, 5.0, 5.0, 5.0, 5.0, 5.0, 5.0, 5.0, 5.0, 3.0, 5.0, 5.0, 5.0, 5.0, 5.0, 5.0, 5.0, 5.0, 5.0, 4.0, 5.0, 4.0, 5.0, 5.0, 5.0, 5.0, 5.0, 5.0, 5.0, 5.0, 5.0, 4.0, 5.0, 5.0, 5.0, 5.0, 5.0, 5.0, 5.0, 4.0, 5.0, 5.0, 5.0, 5.0, 5.0, 5.0, 5.0, 4.0, 5.0, 5.0, 5.0, 5.0, 5.0, 5.0, 4.0, 5.0, 5.0, 5.0, 5.0, 5.0, 5.0, 5.0, 5.0, 5.0, 4.0, 5.0, 5.0, 5.0, 5.0, 5.0, 4.0, 5.0, 5.0, 5.0, 5.0, 5.0, 5.0, 5.0, 5.0, 5.0, 5.0, 5.0, 5.0, 3.0, 5.0, 5.0, 4.0, 5.0, 4.0, 5.0, 5.0, 4.0, 5.0, 5.0, 5.0, 5.0, 5.0, 5.0, 5.0, 5.0, 5.0, 5.0, 5.0, 5.0, 5.0, 5.0, 5.0, 5.0, 4.0, 5.0, 4.0, 5.0, 5.0, 5.0, 5.0, 4.0, 5.0, 5.0, 5.0, 5.0, 4.0, 5.0, 5.0, 5.0, 5.0, 4.0, 5.0, 5.0, 5.0, 5.0, 5.0, 4.0, 5.0, 5.0, 5.0, 5.0, 5.0, 4.0, 5.0, 5.0, 5.0, 4.0, 5.0, 5.0, 5.0, 5.0, 5.0, 5.0, 5.0, 5.0, 5.0, 5.0, 5.0, 5.0, 5.0, 5.0, 5.0, 5.0, 5.0, 5.0, 4.0, 5.0, 5.0, 5.0, 5.0, 5.0, 5.0, 5.0, 5.0, 5.0, 5.0, 5.0, 5.0, 5.0, 5.0, 5.0, 5.0, 5.0, 5.0, 5.0, 5.0, 5.0, 5.0, 5.0, 5.0, 5.0, 5.0, 5.0, 5.0, 5.0, 5.0, 5.0, 5.0, 5.0, 5.0, 5.0, 5.0, 5.0, 5.0, 5.0, 5.0, 5.0, 5.0, 5.0, 5.0, 5.0, 5.0, 5.0, 4.0, 5.0, 5.0, 5.0, 5.0, 5.0, 5.0, 5.0, 5.0, 5.0, 5.0, 5.0, 5.0, 5.0, 5.0, 5.0, 5.0, 5.0, 5.0, 5.0, 5.0, 5.0, 5.0, 5.0, 4.0, 5.0, 5.0, 5.0, 5.0, 5.0, 5.0, 5.0, 5.0, 5.0, 4.0, 5.0, 5.0, 5.0, 4.0, 5.0, 5.0, 5.0, 5.0, 5.0, 5.0, 5.0, 4.0, 5.0, 5.0, 5.0, 5.0, 5.0, 5.0, 5.0, 5.0, 5.0, 5.0, 5.0, 5.0, 5.0, 5.0, 5.0, 5.0, 5.0, 5.0, 5.0, 5.0, 5.0, 5.0, 5.0, 5.0, 5.0, 5.0, 5.0, 5.0, 5.0, 5.0, 5.0, 5.0, 5.0, 5.0, 5.0, 5.0, 3.0, 5.0, 5.0, 5.0, 5.0, 5.0, 5.0, 5.0, 5.0, 5.0, 4.0, 5.0, 5.0, 5.0, 5.0, 5.0, 5.0, 5.0, 5.0, 4.0, 5.0, 5.0, 5.0, 5.0, 5.0, 5.0, 5.0, 5.0, 5.0, 5.0, 5.0, 5.0, 4.0, 5.0, 5.0, 5.0, 5.0, 4.0, 5.0, 5.0, 5.0, 5.0, 4.0, 5.0, 5.0, 4.0, 5.0, 5.0, 5.0, 5.0, 4.0, 5.0, 4.0, 4.0, 5.0, 4.0, 5.0, 5.0, 5.0, 5.0, 5.0, 4.0, 5.0, 5.0, 5.0, 5.0, 5.0, 5.0, 5.0, 5.0, 5.0, 5.0, 5.0, 5.0, 5.0, 5.0, 5.0, 5.0, 5.0, 5.0, 5.0, 5.0, 5.0, 5.0, 5.0, 5.0, 5.0, 4.0, 5.0, 5.0, 5.0, 5.0, 5.0, 5.0, 5.0, 4.0, 5.0, 5.0, 5.0, 5.0, 5.0, 5.0, 5.0, 5.0, 5.0, 5.0, 5.0, 5.0, 5.0, 5.0, 5.0, 5.0, 5.0, 5.0, 3.0, 5.0, 5.0, 5.0, 5.0, 5.0, 5.0, 5.0, 5.0, 5.0, 5.0, 4.0, 5.0, 4.0, 4.0, 5.0, 5.0, 5.0, 5.0, 5.0, 5.0, 5.0, 5.0, 5.0, 5.0, 5.0, 5.0, 5.0, 5.0, 5.0, 5.0, 5.0, 5.0, 5.0, 5.0, 5.0, 5.0, 5.0, 5.0, 5.0, 5.0, 5.0, 5.0, 5.0, 5.0, 5.0, 5.0, 4.0, 5.0, 5.0, 5.0, 5.0, 5.0, 5.0, 5.0, 5.0, 5.0, 5.0, 5.0, 5.0, 5.0, 5.0, 5.0, 5.0, 5.0, 4.0, 5.0, 5.0, 5.0, 5.0, 5.0, 3.0, 5.0, 5.0, 5.0, 5.0, 5.0, 5.0, 5.0, 5.0, 5.0, 5.0, 5.0, 5.0, 5.0, 4.0, 5.0, 5.0, 5.0, 5.0, 5.0, 5.0, 5.0, 5.0, 5.0, 5.0, 5.0, 5.0, 4.0, 5.0, 4.0, 4.0, 5.0, 5.0, 5.0, 5.0, 4.0, 5.0, 5.0, 5.0, 5.0, 5.0, 4.0, 5.0, 5.0, 5.0, 5.0, 4.0, 5.0, 5.0, 5.0, 5.0, 5.0, 5.0, 5.0, 5.0, 5.0, 5.0, 5.0, 4.0, 5.0, 3.0, 5.0, 0.0, 5.0, 5.0, 5.0, 5.0, 5.0, 5.0, 5.0, 5.0, 5.0, 5.0, 5.0, 4.0, 5.0, 5.0, 4.0, 5.0, 5.0, 4.0, 5.0, 4.0, 4.0, 5.0, 5.0, 5.0, 5.0, 5.0, 5.0, 5.0, 5.0, 5.0, 4.0, 5.0, 5.0, 5.0, 5.0, 5.0, 5.0, 5.0, 5.0, 4.0, 5.0, 5.0, 5.0, 5.0, 5.0, 5.0, 5.0, 5.0, 5.0, 5.0, 5.0, 5.0, 5.0, 5.0, 5.0, 5.0, 5.0]",1048
12554,"[4, 0, 0, 1, 2, 0, 0, 1, 0, 3, 0, 0, 0, 0, 0, 0, 3, 0, 0, 1, 2, 1, 0, 0, 0, 0, 0, 1, 0, 0, 0, 0, 0, 1, 0, 0, 1, 0, 0, 0, 0, 0, 0, 1, 0, 0, 0, 0, 0, 0, 0, 0, 0, 0, 0, 1, 1, 2]","[117252, 30698, 51784, 61495, 127125, 173842, 118418, 10535, 62583]",9,"[5.0, 5.0, 5.0, 5.0, 5.0, 5.0, 5.0, 5.0, 5.0]",9
22545,"[4, 0, 0, 1, 0, 0, 0, 0, 0, 2, 3, 0, 0, 0, 0, 0, 2, 0, 0, 0, 0, 1, 0, 2, 0, 0, 1, 0, 1, 0, 0, 0, 0, 6, 0, 0, 1, 1, 2, 0, 0, 2, 1, 3, 0, 0, 0, 0, 0, 0, 1, 0, 0, 1, 0, 0, 0, 1]","[58150, 114097, 143291, 48437, 157765, 63335, 98739, 163767, 108687, 161086]",10,"[5.0, 4.0, 4.0, 2.0, 4.0, 5.0, 5.0, 5.0, 4.0, 5.0]",10
13611,"[5, 0, 0, 3, 7, 0, 0, 2, 0, 6, 0, 0, 0, 0, 0, 0, 1, 0, 0, 0, 2, 0, 0, 4, 0, 0, 1, 0, 5, 0, 0, 0, 0, 7, 0, 1, 4, 1, 2, 0, 0, 0, 4, 1, 0, 1, 1, 0, 0, 0, 0, 1, 0, 1, 1, 1, 0, 1]","[23116, 106706, 146982, 110064, 122121, 99740, 169899, 149428, 112181, 39353, 69675, 144033, 12406, 77499, 171477, 19634, 41436, 135961, 37208, 100200]",20,"[5.0, 5.0, 5.0, 5.0, 4.0, 4.0, 5.0, 5.0, 5.0, 5.0, 4.0, 4.0, 5.0, 5.0, 5.0, 5.0, 5.0, 5.0, 5.0, 5.0]",20
2396,"[3, 0, 0, 1, 1, 0, 0, 0, 0, 3, 0, 1, 0, 0, 0, 0, 1, 0, 0, 0, 0, 0, 0, 0, 0, 0, 0, 1, 1, 0, 0, 0, 0, 2, 0, 0, 0, 2, 0, 0, 0, 3, 1, 0, 2, 0, 1, 0, 0, 0, 0, 0, 0, 1, 0, 0, 0, 0]","[66747, 128213, 81501, 89113, 130591, 172814, 903]",7,"[0.0, 5.0, 4.0, 5.0, 2.0, 0.0, 5.0]",7
14332,"[4, 0, 0, 0, 0, 0, 0, 0, 0, 5, 0, 1, 0, 0, 0, 0, 0, 0, 0, 0, 0, 0, 0, 1, 0, 0, 0, 0, 1, 2, 0, 0, 0, 2, 0, 0, 2, 1, 0, 0, 0, 0, 0, 0, 0, 0, 2, 1, 0, 0, 0, 0, 0, 0, 2, 1, 1, 1]","[150229, 139822, 72539, 13778, 151590, 46915, 36885, 175008, 27367, 45824]",10,"[5.0, 5.0, 5.0, 5.0, 5.0, 5.0, 5.0, 5.0, 5.0, 5.0]",10
11026,"[4, 0, 0, 3, 2, 0, 0, 1, 0, 3, 1, 0, 0, 0, 0, 0, 0, 0, 0, 0, 1, 1, 0, 0, 0, 0, 0, 0, 3, 1, 0, 0, 0, 5, 0, 1, 0, 1, 3, 0, 0, 0, 2, 3, 0, 0, 3, 0, 0, 1, 0, 0, 0, 1, 1, 1, 0, 1]","[101200, 92130, 101542, 8240, 63569, 131506, 25868, 99787, 68033, 159031, 61970]",11,"[5.0, 5.0, 5.0, 5.0, 5.0, 5.0, 1.0, 5.0, 0.0, 5.0, 5.0]",11
5716,"[3, 0, 0, 5, 11, 0, 0, 0, 0, 5, 0, 0, 0, 0, 3, 0, 4, 0, 0, 2, 4, 3, 0, 2, 0, 0, 0, 4, 1, 1, 0, 0, 0, 7, 0, 2, 1, 0, 1, 0, 0, 3, 5, 3, 0, 0, 5, 5, 0, 1, 0, 2, 0, 1, 2, 2, 0, 0]","[86815, 94993, 8699, 27922, 67746, 105082, 129085, 118101, 63608, 31603, 152849, 13185, 132569, 93500, 125532, 113621, 139907, 133805, 139838, 2824, 118170]",21,"[2.0, 4.0, 4.0, 3.0, 4.0, 5.0, 5.0, 5.0, 5.0, 4.0, 4.0, 4.0, 5.0, 5.0, 5.0, 5.0, 4.0, 5.0, 5.0, 5.0, 4.0]",21
12448,"[1, 0, 0, 1, 2, 0, 0, 1, 0, 2, 1, 0, 0, 0, 0, 0, 1, 0, 0, 0, 1, 0, 0, 0, 0, 0, 0, 0, 2, 0, 0, 0, 0, 2, 0, 0, 2, 0, 2, 0, 0, 0, 1, 2, 0, 0, 2, 0, 0, 0, 0, 0, 0, 1, 0, 3, 0, 1]","[86118, 163625, 10303, 113970, 53363, 97415]",6,"[5.0, 5.0, 5.0, 5.0, 4.0, 5.0]",6
19395,"[3, 0, 0, 0, 1, 0, 0, 0, 1, 2, 0, 0, 0, 0, 0, 0, 0, 0, 0, 0, 0, 0, 0, 0, 0, 0, 0, 0, 0, 1, 0, 0, 0, 2, 0, 0, 0, 0, 0, 0, 0, 1, 0, 0, 1, 0, 0, 0, 0, 0, 0, 0, 0, 0, 1, 0, 0, 0]","[129109, 103175, 99816, 104261, 66680, 57484]",6,"[5.0, 5.0, 5.0, 5.0, 5.0, 5.0]",6
4587,"[22, 0, 1, 12, 12, 0, 0, 0, 0, 16, 1, 3, 0, 0, 0, 0, 8, 0, 0, 3, 2, 1, 0, 1, 1, 0, 5, 0, 6, 0, 0, 0, 0, 18, 0, 3, 5, 2, 5, 0, 0, 0, 4, 7, 0, 0, 8, 2, 0, 0, 1, 1, 0, 3, 2, 4, 1, 4]","[58863, 109643, 104017, 79070, 122043, 110718, 127227, 167980, 59851, 108387, 85126, 72352, 93053, 125987, 2825, 170497, 149175, 48975, 53945, 165771, 79320, 66337, 108410, 16596, 66806, 169496, 77263, 100387, 118212, 154916, 169556, 136854, 130740, 108819, 76042, 45144, 19103, 25767, 159188, 99174, 166155, 170601, 2032, 16627, 113380, 174124, 137984, 75797, 26908]",49,"[4.0, 2.0, 4.0, 3.0, 3.0, 4.0, 5.0, 5.0, 5.0, 5.0, 4.0, 2.0, 4.0, 4.0, 5.0, 5.0, 4.0, 5.0, 0.0, 5.0, 5.0, 5.0, 5.0, 4.0, 4.0, 4.0, 4.0, 5.0, 4.0, 5.0, 5.0, 5.0, 5.0, 5.0, 5.0, 5.0, 4.0, 5.0, 5.0, 5.0, 5.0, 5.0, 5.0, 5.0, 5.0, 4.0, 5.0, 5.0, 5.0]",49
441,"[3, 0, 0, 2, 4, 0, 0, 1, 0, 8, 1, 1, 0, 0, 0, 0, 3, 0, 0, 2, 3, 2, 2, 3, 0, 0, 3, 0, 2, 2, 0, 0, 0, 5, 0, 0, 4, 1, 1, 0, 0, 0, 2, 4, 0, 1, 3, 0, 0, 0, 0, 1, 0, 2, 0, 2, 1, 7]","[101819, 173270, 122697, 68092, 106973, 34860, 145920, 6486, 174552, 2280, 28710, 85382, 97975, 96642, 156, 66593, 71592, 76308, 98926]",19,"[5.0, 5.0, 5.0, 5.0, 5.0, 5.0, 5.0, 5.0, 5.0, 5.0, 5.0, 4.0, 4.0, 5.0, 5.0, 5.0, 5.0, 4.0, 3.0]",19
10260,"[8, 0, 0, 8, 1, 0, 0, 2, 0, 3, 0, 0, 0, 0, 0, 0, 0, 0, 0, 2, 0, 1, 0, 0, 0, 0, 0, 0, 1, 1, 0, 0, 0, 5, 0, 0, 6, 0, 0, 0, 0, 0, 1, 0, 1, 0, 3, 0, 0, 1, 0, 0, 0, 1, 1, 1, 0, 2]","[36819, 79410, 16039, 159937, 31378, 72081, 7225, 127207, 74648, 58439, 89409, 72857, 35663]",13,"[3.0, 4.0, 4.0, 5.0, 4.0, 4.0, 5.0, 5.0, 3.0, 5.0, 4.0, 0.0, 0.0]",13
14423,"[5, 0, 0, 2, 1, 0, 0, 0, 0, 5, 1, 0, 0, 0, 0, 0, 1, 0, 0, 0, 1, 0, 0, 0, 0, 0, 0, 0, 3, 0, 0, 0, 0, 2, 0, 0, 1, 0, 1, 0, 0, 0, 2, 2, 1, 0, 2, 0, 0, 0, 0, 0, 0, 1, 0, 0, 0, 2]","[32114, 147654, 28552, 157752, 158019, 112978, 13886, 18248, 169731, 59997]",10,"[5.0, 5.0, 2.0, 5.0, 4.0, 4.0, 4.0, 4.0, 4.0, 5.0]",10
7843,"[2, 0, 0, 0, 0, 0, 0, 0, 0, 2, 1, 0, 0, 0, 1, 0, 2, 0, 0, 0, 1, 0, 0, 1, 0, 0, 1, 0, 0, 0, 0, 0, 0, 3, 0, 0, 1, 1, 0, 0, 0, 0, 2, 0, 0, 2, 0, 0, 0, 0, 0, 0, 0, 0, 0, 1, 1, 0]","[35259, 152042, 68463, 4671, 101895, 148535]",6,"[4.0, 5.0, 4.0, 5.0, 5.0, 5.0]",6
3153,"[9, 0, 0, 3, 6, 0, 0, 0, 0, 4, 1, 0, 0, 0, 1, 0, 5, 0, 0, 2, 1, 1, 0, 1, 1, 0, 0, 0, 1, 1, 0, 0, 0, 1, 0, 2, 4, 1, 4, 0, 0, 0, 7, 5, 0, 0, 3, 1, 0, 0, 0, 0, 0, 2, 2, 1, 0, 2]","[10864, 162352, 36804, 54299, 13953, 697, 121569, 124918, 5622, 162865, 117402, 55234, 136931, 135443, 75898, 22654, 87112, 105589, 79091]",19,"[1.0, 5.0, 5.0, 5.0, 5.0, 5.0, 5.0, 5.0, 4.0, 5.0, 5.0, 5.0, 5.0, 5.0, 4.0, 5.0, 5.0, 5.0, 2.0]",19
17386,"[4, 0, 0, 2, 4, 0, 0, 2, 0, 2, 0, 2, 0, 0, 0, 0, 4, 0, 0, 0, 1, 2, 0, 0, 0, 0, 0, 0, 3, 0, 0, 0, 0, 2, 0, 1, 2, 0, 2, 0, 0, 1, 5, 1, 0, 0, 1, 0, 0, 0, 0, 1, 0, 0, 0, 1, 0, 0]","[161821, 127246, 26923, 26470, 101819, 21554, 37715, 108005, 106969]",9,"[5.0, 4.0, 5.0, 5.0, 5.0, 5.0, 5.0, 5.0, 5.0]",9
310,"[157, 7, 0, 46, 71, 1, 0, 7, 1, 132, 5, 14, 0, 0, 4, 0, 60, 0, 0, 14, 20, 10, 1, 15, 1, 0, 7, 11, 88, 20, 0, 2, 1, 109, 0, 1, 43, 15, 13, 0, 0, 17, 33, 41, 5, 1, 45, 0, 0, 3, 0, 4, 0, 21, 13, 28, 40, 16]","[46260, 130320, 113852, 99787, 39305, 2627, 87620, 3350, 154797, 1756, 22645, 74318, 119147, 136376, 154323, 130480, 122578, 176422, 163030, 129659, 88542, 93052, 131459, 138463, 55226, 39320, 148727, 53353, 22723, 76521, 71836, 56030, 169051, 19225, 82316, 7971, 103590, 67056, 38430, 2295, 165687, 95023, 62068, 4457, 112876, 53753, 97167, 11102, 150779, 129505, 177056, 31123, 150762, 42154, 122946, 38787, 79375, 135337, 129071, 29091, 9541, 120554, 99604, 150380, 38772, 136792, 3554, 9314, 150120, 171531, 82310, 177442, 93249, 90364, 20728, 620, 166093, 129198, 93582, 130734, 1652, 136896, 86281, 33224, 171024, 27512, 101430, 141281, 124557, 39032, 31865, 159088, 62482, 129247, 81641, 106926, 118238, 177182, 7598, 25348, 32128, 52341, 49352, 177585, 36330, 44902, 153339, 5349, 105584, 102322, 104510, 117725, 139477, 82325, 49884, 118322, 40176, 102534, 161378, 114698, 66378, 112392, 136874, 39736, 164763, 118973, 72611, 37981, 25688, 152107, 122948, 163755, 133717, 145411, 155356, 13694, 5430, 127408, 168030, 6622, 105345, 93985, 6747, 145756, 138315, 105139, 98094, 159639, 40942, 50738, 84991, 58254, 135202, 124277, 50735, 175673, 140636, 157631, 147186, 21964, 172249, 130426, 20219, 9201, 86393, 29686, 48010, 91812, 23121, 85261, 15988, 154335, 162200, 171477, 47687, 118543, 89820, 103386, 26688, 123803, 95114, 120937, 43986, 98654, 60214, 687, 4505, 175275, 40339, 64797, 119, 95892, 49662, 47877, 56425, 146697, 101767, 83003, 109643, 15408, 138058, 95643, 152895, 51142, 69838, 160558, 20346, 133880, 91540, 173841, 43278, 95426, 101446, 136383, 65630, 75691, 44632, 131553, 121759, 57570, 143841, 155236, 156527, 81238, 19026, 143834, 115798, 16188, 2571, 8970, 28364, 170786, 96331, 39478, 60926, 39773, 54015, 128146, 69183, 14554, 109346, 148187, 114525, 108243, 34854, 52274, 69221, 25035, 62499, 17812, 168355, 78752, 57443, 9832, 60764, 41966, 159148, 4830, 36416, 89807, 46045, 78804, 21617, 3906, 128119, 42538, 46139, 36358, 49518, 104708, 124492, 62095, 54264, 90165, 160878, 157209, 109978, 26545, 141889, 16688, 124794, 83851, 105251, 154471, 85559, 126436, 122818, 89536, 139592, 58339, 21441, 13209, 145525, 114385, 168797, 6829, 47214, 107978, 108577, 22048, 6283, 4751, 152790, 86427, 50668, 163016, 81589, 137749, 105618, 155642, 25719, 85719, 6412, 13211, 58073, 115756, 109429, 111487, 166390, 135610, 39486, 132723, 130399, 110043, 110229, 80618, 160595, 8787, 109422, 19308, 48104, 91272, 86990, 149831, 27752, 158209, 37758, 175380, 123356, 92414, 104936, 10404, 170648, 44182, 41263, 7409, 149838, 26799, 157550, 79862, 59052, 97923, 36431, 168036, 129774, 83380, 113450, 99895, 28032, 177414, 112095, 82841, 110407, 174775, 52895, 5706, 105170, 117297, 152373, 116741, 170704, 29878, 7894, 162442, 46401, 91510, 128726, 75244, 144305, 21288]",380,"[5.0, 5.0, 4.0, 5.0, 4.0, 5.0, 5.0, 5.0, 5.0, 5.0, 5.0, 5.0, 5.0, 4.0, 4.0, 5.0, 5.0, 4.0, 4.0, 5.0, 5.0, 5.0, 4.0, 5.0, 5.0, 5.0, 5.0, 4.0, 4.0, 4.0, 5.0, 5.0, 5.0, 4.0, 5.0, 5.0, 5.0, 5.0, 5.0, 5.0, 5.0, 5.0, 5.0, 5.0, 5.0, 4.0, 5.0, 5.0, 5.0, 5.0, 4.0, 5.0, 4.0, 5.0, 5.0, 5.0, 5.0, 2.0, 5.0, 5.0, 5.0, 5.0, 5.0, 4.0, 5.0, 5.0, 5.0, 5.0, 5.0, 5.0, 5.0, 5.0, 4.0, 5.0, 4.0, 5.0, 5.0, 5.0, 5.0, 5.0, 5.0, 5.0, 5.0, 5.0, 5.0, 5.0, 5.0, 5.0, 5.0, 5.0, 5.0, 5.0, 4.0, 5.0, 5.0, 3.0, 4.0, 5.0, 5.0, 5.0, 5.0, 5.0, 5.0, 5.0, 5.0, 5.0, 5.0, 5.0, 5.0, 5.0, 5.0, 5.0, 5.0, 4.0, 5.0, 5.0, 4.0, 4.0, 4.0, 5.0, 5.0, 5.0, 5.0, 5.0, 5.0, 5.0, 5.0, 5.0, 5.0, 5.0, 5.0, 5.0, 5.0, 5.0, 5.0, 5.0, 5.0, 5.0, 5.0, 5.0, 5.0, 5.0, 5.0, 5.0, 5.0, 5.0, 5.0, 5.0, 5.0, 5.0, 5.0, 5.0, 5.0, 5.0, 5.0, 5.0, 5.0, 5.0, 5.0, 5.0, 5.0, 5.0, 5.0, 5.0, 5.0, 5.0, 5.0, 5.0, 5.0, 5.0, 5.0, 5.0, 5.0, 5.0, 5.0, 5.0, 4.0, 3.0, 5.0, 5.0, 5.0, 5.0, 5.0, 5.0, 4.0, 5.0, 5.0, 5.0, 5.0, 5.0, 5.0, 5.0, 5.0, 5.0, 5.0, 5.0, 5.0, 5.0, 5.0, 5.0, 5.0, 5.0, 5.0, 5.0, 5.0, 4.0, 5.0, 5.0, 5.0, 4.0, 5.0, 5.0, 4.0, 5.0, 5.0, 5.0, 5.0, 5.0, 5.0, 4.0, 4.0, 5.0, 5.0, 5.0, 5.0, 5.0, 4.0, 4.0, 4.0, 4.0, 4.0, 5.0, 4.0, 5.0, 5.0, 5.0, 5.0, 5.0, 5.0, 5.0, 4.0, 5.0, 5.0, 5.0, 5.0, 4.0, 5.0, 5.0, 5.0, 5.0, 5.0, 4.0, 5.0, 5.0, 5.0, 5.0, 5.0, 5.0, 5.0, 5.0, 5.0, 4.0, 5.0, 5.0, 5.0, 5.0, 5.0, 5.0, 5.0, 5.0, 5.0, 5.0, 4.0, 5.0, 4.0, 5.0, 5.0, 5.0, 5.0, 5.0, 4.0, 5.0, 4.0, 5.0, 5.0, 5.0, 5.0, 5.0, 5.0, 5.0, 5.0, 5.0, 5.0, 5.0, 5.0, 5.0, 4.0, 5.0, 4.0, 4.0, 5.0, 5.0, 5.0, 5.0, 4.0, 5.0, 5.0, 4.0, 5.0, 5.0, 5.0, 5.0, 5.0, 5.0, 4.0, 5.0, 5.0, 5.0, 5.0, 5.0, 5.0, 5.0, 5.0, 5.0, 5.0, 0.0, 5.0, 5.0, 5.0, 5.0, 5.0, 5.0, 5.0, 5.0, 5.0, 5.0, 5.0, 4.0, 5.0, 5.0, 5.0, 5.0, 5.0, 3.0, 5.0, 5.0, 5.0, 2.0, 5.0, 5.0, 5.0, 4.0, 3.0, 4.0, 5.0, 5.0, 5.0, 5.0, 5.0, 5.0, 5.0, 5.0, 4.0, 5.0, 5.0, 4.0, 5.0, 5.0, 5.0, 5.0, 3.0, 5.0, 4.0, 5.0, 5.0, 5.0, 5.0, 5.0, 5.0, 5.0]",380
4576,"[7, 0, 0, 4, 0, 0, 0, 0, 0, 2, 0, 0, 0, 0, 1, 0, 0, 0, 0, 0, 0, 0, 0, 0, 1, 0, 0, 1, 0, 0, 0, 0, 0, 2, 0, 0, 0, 0, 0, 0, 0, 0, 0, 0, 0, 0, 1, 1, 0, 0, 0, 0, 0, 0, 1, 1, 0, 1]","[48200, 151451, 2031, 118459, 26535, 156312, 17429, 28124]",8,"[5.0, 4.0, 5.0, 5.0, 5.0, 5.0, 5.0, 5.0]",8
11804,"[8, 0, 0, 7, 6, 0, 0, 1, 0, 6, 1, 1, 0, 0, 1, 0, 4, 0, 0, 1, 0, 0, 0, 1, 1, 0, 0, 0, 5, 0, 0, 0, 0, 4, 0, 0, 3, 2, 1, 0, 0, 1, 2, 1, 0, 0, 1, 1, 0, 2, 1, 0, 0, 4, 0, 6, 0, 2]","[149547, 164882, 161678, 52334, 153427, 151021, 79935, 172780, 9325, 113987, 50909, 35593, 30629, 80352, 33232, 75302, 14714, 164596, 49970]",19,"[5.0, 5.0, 5.0, 3.0, 5.0, 5.0, 5.0, 5.0, 5.0, 5.0, 5.0, 5.0, 5.0, 5.0, 5.0, 5.0, 5.0, 5.0, 5.0]",19
6970,"[2, 0, 0, 1, 1, 0, 0, 1, 0, 1, 1, 0, 0, 0, 1, 0, 0, 0, 0, 0, 0, 0, 0, 0, 0, 0, 2, 0, 0, 0, 0, 0, 0, 2, 0, 0, 1, 0, 2, 0, 0, 0, 2, 1, 0, 0, 0, 0, 0, 0, 0, 0, 0, 0, 0, 1, 0, 0]","[97415, 3869, 136212, 149405, 28794, 8666]",6,"[5.0, 1.0, 3.0, 5.0, 5.0, 5.0]",6
2044,"[16, 0, 0, 10, 4, 0, 0, 0, 0, 10, 0, 1, 0, 0, 0, 0, 2, 0, 0, 1, 0, 0, 1, 1, 1, 0, 0, 3, 13, 1, 0, 0, 0, 14, 0, 1, 0, 0, 0, 0, 0, 1, 3, 4, 0, 0, 6, 0, 0, 1, 0, 0, 0, 3, 0, 2, 1, 3]","[87134, 96443, 80863, 134359, 43513, 167715, 133263, 162627, 62925, 114238, 88824, 42717, 90890, 43726, 168476, 163313, 150292, 79095, 88490, 93685, 86217, 154251, 121520, 114520, 5574, 72352, 178034, 56077, 743, 82067, 141431, 71364]",32,"[5.0, 5.0, 2.0, 5.0, 3.0, 4.0, 4.0, 3.0, 5.0, 5.0, 5.0, 5.0, 5.0, 5.0, 5.0, 5.0, 4.0, 3.0, 4.0, 5.0, 4.0, 5.0, 4.0, 5.0, 5.0, 5.0, 5.0, 5.0, 5.0, 5.0, 4.0, 0.0]",32
14671,"[3, 0, 0, 1, 0, 0, 0, 0, 0, 2, 0, 0, 0, 0, 0, 0, 0, 0, 0, 0, 0, 0, 0, 0, 0, 0, 0, 0, 1, 0, 0, 0, 0, 3, 0, 0, 2, 1, 0, 0, 0, 0, 1, 1, 0, 0, 2, 0, 0, 0, 0, 0, 0, 0, 0, 0, 0, 0]","[157298, 102949, 46940, 45080, 78452, 14451]",6,"[0.0, 4.0, 5.0, 5.0, 4.0, 5.0]",6
347,"[431, 18, 3, 194, 232, 2, 2, 31, 10, 423, 12, 31, 7, 3, 20, 0, 161, 1, 1, 52, 91, 42, 12, 79, 22, 0, 36, 37, 200, 59, 2, 6, 1, 318, 1, 21, 161, 32, 76, 2, 3, 19, 135, 158, 12, 4, 137, 19, 0, 22, 4, 26, 1, 84, 42, 105, 74, 113]","[117534, 64108, 76139, 101622, 72105, 61693, 95267, 101985, 9152, 38899, 113688, 58820, 136919, 6191, 83355, 149126, 2206, 12406, 69167, 90953, 51219, 128975, 106384, 141876, 99521, 103074, 118835, 49870, 111808, 33965, 24790, 50571, 167755, 66726, 45306, 4948, 87600, 153807, 68464, 122685, 132492, 17973, 174407, 147654, 8246, 142508, 109287, 127345, 105367, 49922, 55869, 14172, 84375, 35529, 158214, 36926, 59884, 90887, 123840, 56815, 14681, 98779, 136916, 125004, 123832, 38307, 14032, 167478, 170126, 13705, 73380, 123394, 102501, 126571, 32084, 126186, 143587, 59252, 114798, 157232, 174282, 1010, 157862, 154927, 156278, 130073, 97170, 118746, 118509, 20389, 76358, 109469, 103916, 111741, 113295, 11407, 53980, 56287, 107490, 123112, 121831, 19919, 43877, 5347, 166164, 155498, 91566, 33705, 96642, 56859, 92486, 173109, 107530, 69655, 98542, 110079, 32330, 122976, 62365, 20621, 71143, 108209, 34663, 165552, 165004, 143683, 143964, 170910, 92354, 159682, 2274, 171540, 48187, 103530, 55643, 137068, 71899, 163932, 36602, 7805, 127401, 18313, 115472, 132111, 98042, 75821, 17156, 149456, 153076, 88658, 170258, 105762, 33364, 90003, 125809, 12781, 55738, 77584, 130170, 150763, 101721, 110502, 17321, 171958, 46654, 146318, 90030, 107014, 34834, 137762, 87532, 54530, 116841, 50867, 119300, 160824, 57716, 145504, 3325, 81269, 128373, 122074, 141139, 2306, 25142, 125978, 108493, 57004, 160255, 152026, 151703, 95399, 78334, 88773, 38594, 104872, 124066, 140092, 84743, 56231, 66593, 13383, 118115, 66575, 150105, 18393, 31346, 148387, 54237, 740, 136654, 154983, 170446, 139707, 103819, 118958, 122100, 22112, 69854, 90569, 171382, 66370, 44809, 36769, 20557, 78441, 40965, 60814, 44231, 48498, 6489, 38291, 12608, 81212, 19092, 17606, 131323, 42084, 76681, 140452, 79265, 44392, 39939, 67136, 126228, 159978, 153635, 151415, 138203, 143806, 60370, 66120, 166384, 127896, 80636, 18665, 32656, 94978, 84297, 130542, 789, 157205, 150950, 16219, 45532, 12740, 35604, 151213, 101009, 83456, 128145, 48347, 4800, 63076, 52379, 35500, 82235, 51931, 52339, 161202, 3492, 44883, 29813, 79614, 131089, 96335, 99409, 47921, 41734, 139802, 80678, 37776, 112349, 157889, 95544, 35373, 57113, 73797, 12570, 117921, 19196, 22643, 76326, 23947, 60080, 65715, 110496, 175526, 4243, 98034, 56364, 9485, 32181, 146968, 70455, 6142, 136943, 89565, 135772, 86774, 143215, 117276, 75340, 83161, 60137, 130375, 153890, 11831, 134742, 34363, 13646, 86501, 119226, 170701, 133033, 113588, 22341, 90854, 72375, 135108, 9465, 31224, 89548, 43745, 87742, 101396, 83938, 84028, 98609, 81383, 59355, 56321, 174767, 31644, 107874, 61037, 81029, 90026, 113887, 65740, 173354, 51402, 69116, 84211, 34016, 9132, 20689, 174632, 3906, 125835, 130577, 27559, 38946, 93610, 107946, 23942, 79652, 78139, 151618, 141334, 22360, 90235, 110765, 78779, 6843, 60677, 121275, 166105, 43426, 150473, 138558, 41237, 151855, 166994, 39340, 158643, 8033, 96451, 155639, 102720, 83838, 22565, 124668, 19114, 127574, 166480, 167156, 90377, 95734, 127741, 111279, 165066, 24045, 115803, 138631, 343, 142582, 55741, 29629, 162704, 65961, 158457, 10783, 94576, 17696, 127050, 45426, 12844, 167199, 113865, 99152, 129824, 103964, 68862, 34148, 935, 118020, 126854, 35549, 106961, 46422, 86219, 21729, 165964, 133687, 159337, 128782, 45402, 138546, 58064, 13599, 138599, 63038, 23610, 105617, 134443, 75719, 66665, 6538, 154218, 22232, 176034, 3271, 71776, 137572, 163223, 81345, 98061, 134849, 75412, 103471, 22945, 6829, 21546, 46314, 12628, 73536, 138748, 114966, 87236, 70334, 39634, 31607, 110097, 121494, 51261, 148710, 114073, 123491, 148572, 108314, 161410, 106939, 63349, 148444, 35345, 23060, 170578, 136973, 157844, 58765, 17409, 149348, 99461, 106975, 112642, 146542, 66364, 59113, 133062, 148146, 76801, 13134, 82433, 132674, 37172, 60016, 60044, 176561, 15650, 94174, 83347, 168595, 25620, 89323, 177587, 55767, 116667, 130209, 63198, 24304, 149606, 21733, 102802, 128087, 156746, 82764, 173830, 103617, 124110, 155990, 120697, 77885, 112873, 81237, 83035, 87984, 25741, 110389, 37265, 139283, 114620, 108235, 61479, 118365, 111441, 159953, 167045, 143740, 164037, 137716, 133354, 159412, 128966, 103350, 46068, 159659, 170830, 93145, 98839, 128054, 163300, 102100, 15189, 165551, 150608, 89702, 31860, 132242, 26041, 173617, 95419, 67413, 58591, 145269, 31237, 126578, 74183, 124773, 56791, 12579, 42724, 72142, 9223, 86782, 32891, 144908, 56839, 18335, 130610, 111297, 140170, 93475, 96816, 168149, 40937, 33338, 59749, 141087, 29831, 113691, 26247, 141453, 41392, 144261, 145517, 154946, 115836, 169592, 21961, 36462, 97229, 67330, 86160, 96504, 155828, 151674, 151220, 156915, 61512, 64615, 131428, 25881, 133160, 1253, 146588, 73905, 13640, 82024, 52975, 52666, 72501, 164883, 90139, 10284, 94819, 25882, 33684, 42579, 34101, 69574, 47445, 62543, 50004, 143731, 78898, 164830, 111131, 9677, 98617, 108498, 6282, 80613, 57759, 130595, 14258, 2468, 41902, 29223, 167195, 19442, 140934, 62335, 4722, 137193, 176577, 64526, 93294, 16901, 62438, 16984, 41387, 158815, 47567, 42876, 164795, 88522, 9788, 156339, 6519, 100419, 44826, 36599, 46986, 37868, 114975, 171773, 156468, 159583, 131465, 48013, 166935, 94670, 50249, 119342, 139663, 1984, 122463, 138896, 3093, 5045, 123555, 20149, 15775, 130419, 68228, 118035, 125341, 126474, 126766, 79655, 47644, 23109, 73099, 64259, 112747, 23474, 154916, 48811, 153256, 90694, 11870, 167004, 123224, 41725, 16730, 93537, 23704, 14926, 164054, 159508, 64768, 16845, 158550, 131286, 95975, 130133, 121803, 133759, 143843, 139445, 97513, 1595, 113145, 148192, 12419, 114116, 122763, 133585, 69194, 71328, 94226, 167447, 73363, 84009, 98350, 59026, 75383, 14225, 34136, 129569, 115012, 50283, 116179, 152889, 120858, 51647, 107938, 20559, 109757, 85348, 146466, 139, 100761, 42542, 72006, 69532, 149602, 84870, 53780, 122748, 8504, 44726, 2563, 38117, 138373, 18366, 32131, 132751, 46082, 19423, 16570, 151373, 113729, 56190, 154432, 168189, 119151, 98020, 68193, 11665, 103957, 118076, 125381, 52122, 64827, 32776, 161434, 109441, 92405, 70154, 85667, 162195, 130997, 161455, 25991, 161223, 170669, 8222, 73245, 147675, 143895, 104381, 111899, 43916, 86576, 84507, 27370, 129626, 54978, 26614, 48578, 39431, 1436, 67315, 11696, 49156, 10705, 134270, 50241, 160788, 92241, 177191, 148608, 155710, 7159, 94989, 23352, 20893, 153499, 12417, 24040, 20461, 112172, 130164, 116778, 6379, 122968, 64606, 62503, 20548, 110569, 132007, 174555, 92217, 49334, 61526, 1574, 124537, 73689, 158236, 76332, 96766, 33441, 47664, 123806, 173894, 108078, 66521, 73594, 47284, 176870, 72344, 36000, 120942, 175435, 1622, 54407, 154545, 151098, 163356, 164877, 90376, 61810, 2755, 67097, 113329, 127112, 64090, 115298, 78668, 114304, 126708, 29730, 46392, 106856, 82265, 35207, 100238, 42359, 153687, 67861, 98223, 92341, 63794, 9507, 95221, 175598, 32275, 75562, 71980, 161029, 145989, 1188, 44790, 100161, 9856, 39587, 685, 5810, 44470, 45223, 16885, 18135, 16818, 104765, 71868, 52862, 118387, 20870, 6025, 172182, 34607, 172145, 131274, 171669, 134218, 4658, 68470, 31639, 64820, 140127, 70549, 54246, 110013, 169361, 168514, 82203, 42684, 167659, 103881, 87308, 56289, 163378, 62274, 31643, 141507, 45939, 123458, 138049, 44323, 161830, 176976, 21907, 82498, 54394, 36644, 82532, 164769, 132754, 125707, 24537, 146450, 144871, 65180, 5074, 174144, 97580, 72701, 43689, 154771, 16670, 14423, 56313, 82344, 89101, 131152, 48358, 160501, 26677, 158924, 139807, 36976, 40546, 137104, 152722, 13953, 54688, 74210, 148351, 81742, 149110, 100300, 80708, 19605, 5584, 38118, 73779, 115934, 99071, 171962, 122707, 61273, 65185, 152654, 149071, 123298, 52636, 98051, 111506, 133890, 89288, 33462, 55608, 149603, 136716, 56144, 76347, 136538, 126237, 96703, 151525, 167174, 69642, 167703, 5454, 79367, 25487, 172671, 50058, 117477, 74546, 132644, 174774, 7366, 63473, 71036, 168198, 8293, 143084, 73624, 165341, 65855, 142013, 145277, 31760, 116525, 126513, 140256, 74448, 31529, 83815, 88434, 115319, 123670, 161071, 88586, 101295, 30234, 49052, 127722, 148452, 159982, 17962, 53052, 92975, 165334, 63644, 94368, 17789, 144081, 19338, 93476, 61591, 90800, 48660, 144291, 121590, 59829, 59714, 8164, 121200]",1112,"[5.0, 4.0, 5.0, 4.0, 4.0, 2.0, 5.0, 4.0, 2.0, 5.0, 1.0, 5.0, 5.0, 5.0, 5.0, 4.0, 5.0, 1.0, 2.0, 5.0, 5.0, 1.0, 4.0, 4.0, 3.0, 3.0, 4.0, 5.0, 3.0, 4.0, 5.0, 4.0, 4.0, 4.0, 4.0, 3.0, 4.0, 5.0, 4.0, 3.0, 4.0, 3.0, 4.0, 4.0, 4.0, 5.0, 4.0, 4.0, 5.0, 4.0, 5.0, 5.0, 4.0, 5.0, 4.0, 5.0, 4.0, 5.0, 4.0, 3.0, 5.0, 4.0, 4.0, 5.0, 5.0, 4.0, 4.0, 5.0, 5.0, 4.0, 4.0, 3.0, 5.0, 4.0, 4.0, 5.0, 5.0, 5.0, 5.0, 4.0, 5.0, 4.0, 4.0, 5.0, 5.0, 4.0, 4.0, 4.0, 3.0, 5.0, 4.0, 4.0, 4.0, 5.0, 3.0, 4.0, 5.0, 5.0, 5.0, 5.0, 5.0, 5.0, 5.0, 5.0, 5.0, 5.0, 5.0, 5.0, 5.0, 5.0, 5.0, 5.0, 5.0, 5.0, 5.0, 5.0, 5.0, 5.0, 5.0, 4.0, 4.0, 4.0, 4.0, 5.0, 5.0, 4.0, 3.0, 5.0, 5.0, 5.0, 5.0, 5.0, 4.0, 3.0, 4.0, 3.0, 4.0, 5.0, 5.0, 4.0, 3.0, 5.0, 4.0, 2.0, 4.0, 5.0, 3.0, 5.0, 5.0, 3.0, 3.0, 2.0, 5.0, 4.0, 4.0, 4.0, 4.0, 4.0, 4.0, 2.0, 0.0, 5.0, 5.0, 5.0, 5.0, 4.0, 4.0, 5.0, 2.0, 3.0, 5.0, 5.0, 3.0, 5.0, 0.0, 0.0, 4.0, 4.0, 1.0, 4.0, 5.0, 4.0, 4.0, 4.0, 4.0, 4.0, 4.0, 5.0, 5.0, 5.0, 4.0, 4.0, 4.0, 4.0, 4.0, 4.0, 3.0, 4.0, 3.0, 3.0, 4.0, 4.0, 5.0, 4.0, 5.0, 4.0, 3.0, 4.0, 3.0, 4.0, 0.0, 4.0, 5.0, 4.0, 5.0, 3.0, 5.0, 0.0, 4.0, 0.0, 0.0, 5.0, 5.0, 4.0, 5.0, 4.0, 4.0, 5.0, 5.0, 5.0, 4.0, 5.0, 5.0, 4.0, 4.0, 5.0, 4.0, 4.0, 5.0, 5.0, 4.0, 5.0, 5.0, 5.0, 5.0, 5.0, 5.0, 5.0, 4.0, 5.0, 4.0, 4.0, 5.0, 2.0, 3.0, 4.0, 5.0, 5.0, 4.0, 4.0, 5.0, 5.0, 2.0, 4.0, 5.0, 5.0, 5.0, 4.0, 4.0, 4.0, 4.0, 4.0, 3.0, 5.0, 4.0, 4.0, 4.0, 4.0, 4.0, 5.0, 4.0, 4.0, 5.0, 5.0, 5.0, 5.0, 4.0, 4.0, 5.0, 4.0, 5.0, 5.0, 5.0, 4.0, 3.0, 4.0, 5.0, 4.0, 5.0, 5.0, 4.0, 5.0, 2.0, 5.0, 5.0, 5.0, 4.0, 5.0, 4.0, 4.0, 4.0, 4.0, 4.0, 5.0, 3.0, 4.0, 4.0, 5.0, 5.0, 3.0, 5.0, 4.0, 3.0, 4.0, 4.0, 4.0, 5.0, 5.0, 5.0, 4.0, 5.0, 5.0, 4.0, 4.0, 4.0, 5.0, 2.0, 5.0, 4.0, 4.0, 5.0, 5.0, 5.0, 4.0, 5.0, 4.0, 4.0, 4.0, 4.0, 5.0, 4.0, 4.0, 5.0, 5.0, 4.0, 5.0, 4.0, 4.0, 4.0, 3.0, 4.0, 5.0, 4.0, 5.0, 2.0, 4.0, 4.0, 4.0, 4.0, 4.0, 4.0, 5.0, 5.0, 4.0, 5.0, 5.0, 4.0, 4.0, 0.0, 5.0, 4.0, 4.0, 5.0, 5.0, 5.0, 5.0, 5.0, 5.0, 5.0, 4.0, 5.0, 4.0, 5.0, 5.0, 5.0, 5.0, 3.0, 5.0, 4.0, 5.0, 4.0, 5.0, 3.0, 5.0, 5.0, 4.0, 5.0, 4.0, 5.0, 4.0, 4.0, 5.0, 5.0, 5.0, 5.0, 4.0, 4.0, 4.0, 3.0, 4.0, 3.0, 4.0, 4.0, 5.0, 5.0, 4.0, 5.0, 4.0, 4.0, 5.0, 5.0, 4.0, 5.0, 4.0, 4.0, 5.0, 5.0, 5.0, 5.0, 5.0, 5.0, 5.0, 5.0, 4.0, 4.0, 5.0, 3.0, 4.0, 3.0, 4.0, 5.0, 5.0, 5.0, 5.0, 4.0, 5.0, 4.0, 5.0, 5.0, 4.0, 4.0, 5.0, 5.0, 4.0, 5.0, 5.0, 4.0, 3.0, 5.0, 4.0, 5.0, 4.0, 5.0, 4.0, 5.0, 4.0, 3.0, 5.0, 5.0, 4.0, 4.0, 5.0, 5.0, 4.0, 5.0, 5.0, 5.0, 5.0, 5.0, 4.0, 5.0, 4.0, 4.0, 5.0, 5.0, 4.0, 5.0, 5.0, 5.0, 4.0, 5.0, 5.0, 5.0, 3.0, 5.0, 4.0, 5.0, 4.0, 5.0, 4.0, 4.0, 4.0, 3.0, 5.0, 4.0, 4.0, 5.0, 5.0, 5.0, 4.0, 5.0, 5.0, 4.0, 5.0, 5.0, 3.0, 5.0, 5.0, 4.0, 4.0, 5.0, 5.0, 4.0, 4.0, 5.0, 5.0, 5.0, 4.0, 4.0, 3.0, 5.0, 3.0, 5.0, 4.0, 5.0, 3.0, 5.0, 4.0, 4.0, 5.0, 5.0, 5.0, 5.0, 5.0, 5.0, 5.0, 4.0, 5.0, 5.0, 5.0, 5.0, 4.0, 5.0, 5.0, 5.0, 4.0, 5.0, 4.0, 4.0, 3.0, 4.0, 5.0, 5.0, 5.0, 5.0, 5.0, 5.0, 4.0, 5.0, 4.0, 5.0, 5.0, 4.0, 3.0, 5.0, 4.0, 5.0, 5.0, 5.0, 3.0, 5.0, 3.0, 5.0, 5.0, 5.0, 5.0, 5.0, 5.0, 4.0, 4.0, 5.0, 5.0, 5.0, 4.0, 4.0, 5.0, 5.0, 5.0, 5.0, 2.0, 5.0, 5.0, 5.0, 5.0, 5.0, 5.0, 5.0, 5.0, 5.0, 5.0, 5.0, 5.0, 5.0, 5.0, 5.0, 5.0, 5.0, 5.0, 5.0, 4.0, 5.0, 5.0, 5.0, 5.0, 4.0, 5.0, 4.0, 5.0, 5.0, 5.0, 5.0, 3.0, 5.0, 3.0, 3.0, 4.0, 5.0, 4.0, 4.0, 4.0, 4.0, 4.0, 5.0, 5.0, 3.0, 4.0, 4.0, 4.0, 5.0, 5.0, 5.0, 4.0, 4.0, 4.0, 5.0, 5.0, 5.0, 4.0, 5.0, 5.0, 5.0, 5.0, 5.0, 5.0, 4.0, 5.0, 4.0, 5.0, 3.0, 5.0, 5.0, 4.0, 4.0, 4.0, 5.0, 5.0, 5.0, 4.0, 5.0, 4.0, 4.0, 4.0, 5.0, 5.0, 5.0, 4.0, 4.0, 5.0, 4.0, 5.0, 5.0, 5.0, 4.0, 5.0, 4.0, 5.0, 5.0, 5.0, 4.0, 4.0, 5.0, 3.0, 4.0, 5.0, 5.0, 4.0, 5.0, 4.0, 5.0, 3.0, 5.0, 5.0, 4.0, 4.0, 5.0, 4.0, 4.0, 5.0, 3.0, 5.0, 4.0, 5.0, 4.0, 5.0, 4.0, 4.0, 4.0, 5.0, 4.0, 5.0, 0.0, 0.0, 4.0, 4.0, 5.0, 4.0, 4.0, 4.0, 4.0, 4.0, 4.0, 4.0, 5.0, 4.0, 4.0, 4.0, 5.0, 4.0, 4.0, 5.0, 4.0, 4.0, 0.0, 5.0, 4.0, 5.0, 4.0, 5.0, 4.0, 5.0, 4.0, 4.0, 5.0, 5.0, 5.0, 5.0, 5.0, 4.0, 4.0, 5.0, 5.0, 4.0, 4.0, 4.0, 5.0, 5.0, 4.0, 5.0, 5.0, 5.0, 4.0, 4.0, 4.0, 4.0, 5.0, 5.0, 4.0, 4.0, 5.0, 3.0, 4.0, 4.0, 4.0, 5.0, 3.0, 4.0, 5.0, 5.0, 4.0, 3.0, 5.0, 5.0, 4.0, 4.0, 4.0, 3.0, 2.0, 5.0, 4.0, 4.0, 5.0, 3.0, 4.0, 5.0, 4.0, 5.0, 5.0, 4.0, 5.0, 4.0, 4.0, 4.0, 4.0, 4.0, 5.0, 5.0, 5.0, 5.0, 5.0, 5.0, 5.0, 5.0, 5.0, 4.0, 4.0, 4.0, 4.0, 5.0, 0.0, 5.0, 5.0, 4.0, 5.0, 5.0, 5.0, 5.0, 5.0, 5.0, 5.0, 4.0, 4.0, 4.0, 4.0, 5.0, 4.0, 5.0, 4.0, 5.0, 3.0, 5.0, 5.0, 3.0, 5.0, 4.0, 4.0, 5.0, 3.0, 4.0, 5.0, 4.0, 4.0, 4.0, 5.0, 5.0, 5.0, 5.0, 4.0, 0.0, 5.0, 5.0, 3.0, 5.0, 4.0, 4.0, 3.0, 4.0, 4.0, 4.0, 5.0, 5.0, 5.0, 5.0, 5.0, 5.0, 5.0, 5.0, 5.0, 5.0, 5.0, 5.0, 5.0, 5.0, 5.0, 4.0, 5.0, 5.0, 5.0, 4.0, 5.0, 4.0, 4.0, 4.0, 5.0, 3.0, 5.0, 4.0, 5.0, 4.0, 5.0, 5.0, 5.0, 4.0, 5.0, 4.0, 1.0, 5.0, 4.0, 4.0, 0.0, 4.0, 0.0, 1.0, 5.0, 5.0, 5.0, 5.0, 5.0, 4.0, 5.0, 3.0, 4.0, 4.0, 3.0, 5.0, 4.0, 5.0, 5.0, 4.0, 5.0, 4.0, 4.0, 4.0, 3.0, 5.0, 5.0, 5.0, 4.0, 4.0, 5.0, 5.0, 4.0, 5.0, 5.0, 4.0, 4.0, 5.0, 4.0, 3.0, 5.0, 4.0, 4.0, 5.0, 4.0, 5.0, 4.0, 5.0, 4.0, 5.0, 4.0, 4.0, 5.0, 5.0, 5.0, 4.0, 5.0, 5.0, 5.0, 3.0, 5.0, 5.0, 4.0, 4.0, 4.0, 5.0, 3.0, 5.0, 5.0, 5.0, 5.0, 4.0, 4.0, 4.0, 5.0, 5.0, 4.0, 5.0, 4.0, 4.0, 5.0, 4.0, 4.0, 4.0, 5.0, 5.0, 5.0, 4.0, 5.0, 4.0, 4.0, 5.0, 2.0, 5.0, 4.0, 4.0, 5.0, 5.0, 5.0, 4.0, 4.0, 4.0, 4.0, 5.0, 5.0, 4.0, 5.0, 5.0, 4.0, 5.0, 5.0, 5.0, 5.0, 4.0, 4.0, 4.0, 4.0, 5.0, 5.0, 4.0, 5.0, 4.0, 4.0, 4.0, 3.0, 5.0, 5.0, 4.0, 5.0, 4.0, 5.0, 5.0, 5.0, 5.0, 4.0, 4.0, 4.0, 5.0, 5.0, 4.0, 4.0, 5.0, 5.0, 4.0, 4.0, 4.0, 5.0, 5.0, 4.0, 5.0, 4.0, 4.0, 4.0, 5.0, 4.0, 4.0, 4.0, 5.0, 4.0, 5.0, 5.0, 5.0, 4.0, 5.0, 5.0, 5.0, 5.0, 5.0, 3.0, 4.0, 4.0, 5.0, 4.0, 5.0]",1112
2089,"[16, 0, 0, 0, 1, 0, 0, 0, 0, 10, 0, 1, 0, 0, 0, 0, 3, 0, 0, 0, 0, 0, 0, 0, 3, 0, 0, 1, 6, 1, 0, 0, 0, 9, 0, 0, 3, 0, 1, 1, 0, 0, 0, 6, 0, 0, 3, 0, 0, 0, 0, 0, 0, 0, 0, 2, 1, 2]","[160541, 71871, 15728, 117899, 31305, 132156, 77616, 99338, 168397, 153530, 43565, 97306, 29273, 64601, 51728, 164410, 124491, 156158, 57910, 85851, 39631, 143914, 104304, 48671, 9677, 769]",26,"[5.0, 5.0, 5.0, 5.0, 5.0, 5.0, 5.0, 5.0, 5.0, 5.0, 5.0, 5.0, 5.0, 5.0, 5.0, 5.0, 5.0, 4.0, 5.0, 5.0, 5.0, 5.0, 5.0, 5.0, 5.0, 5.0]",26
12945,"[4, 0, 0, 1, 0, 0, 0, 0, 0, 3, 0, 0, 0, 0, 1, 0, 2, 0, 0, 1, 0, 0, 0, 0, 0, 0, 0, 0, 3, 0, 0, 0, 0, 3, 0, 0, 1, 0, 1, 0, 0, 0, 1, 0, 0, 0, 1, 0, 0, 0, 0, 0, 0, 0, 0, 1, 0, 0]","[84644, 41717, 11209, 31411, 60381, 171016, 25495]",7,"[4.0, 4.0, 4.0, 4.0, 5.0, 4.0, 5.0]",7
16383,"[2, 0, 0, 2, 1, 0, 0, 0, 0, 3, 0, 0, 0, 0, 0, 0, 1, 0, 0, 0, 0, 0, 0, 0, 1, 0, 0, 0, 2, 0, 0, 0, 0, 2, 0, 0, 1, 0, 0, 0, 0, 0, 0, 1, 0, 0, 0, 0, 0, 0, 0, 0, 0, 0, 0, 0, 1, 1]","[47229, 100105, 84407, 88401, 18266, 93410, 63236, 110785]",8,"[5.0, 5.0, 5.0, 5.0, 5.0, 5.0, 5.0, 5.0]",8
9537,"[5, 0, 0, 3, 1, 0, 0, 0, 0, 3, 0, 0, 0, 0, 0, 0, 0, 0, 0, 0, 0, 0, 0, 0, 0, 0, 0, 0, 2, 0, 0, 0, 0, 3, 0, 0, 0, 0, 0, 0, 0, 0, 0, 0, 0, 0, 0, 0, 0, 0, 0, 0, 0, 0, 0, 0, 0, 2]","[123664, 32114, 6389, 36112, 81094, 26279, 71534, 39976]",8,"[5.0, 5.0, 5.0, 5.0, 4.0, 5.0, 5.0, 5.0]",8
643,"[8, 0, 0, 5, 7, 0, 0, 1, 0, 3, 0, 0, 0, 0, 1, 0, 2, 0, 0, 2, 2, 1, 0, 1, 0, 0, 1, 0, 5, 0, 0, 1, 0, 11, 0, 0, 3, 0, 0, 0, 0, 0, 4, 1, 0, 0, 3, 0, 0, 0, 1, 1, 0, 1, 0, 2, 0, 1]","[48085, 16791, 99809, 84204, 61982, 13103, 224, 60113, 40919, 69221, 63569, 19812, 89274, 1611, 164321, 174298, 100269]",17,"[4.0, 4.0, 5.0, 3.0, 5.0, 3.0, 2.0, 5.0, 3.0, 5.0, 5.0, 5.0, 4.0, 5.0, 5.0, 5.0, 5.0]",17
5642,"[5, 0, 0, 4, 3, 0, 0, 0, 0, 12, 1, 2, 0, 0, 2, 0, 7, 0, 0, 2, 5, 1, 1, 2, 0, 0, 0, 0, 3, 0, 0, 0, 0, 10, 0, 1, 6, 1, 2, 0, 0, 2, 3, 6, 1, 1, 1, 1, 0, 1, 0, 1, 0, 0, 1, 3, 1, 2]","[9343, 98825, 139159, 129146, 117827, 153556, 80236, 77206, 32297, 60446, 65854, 146788, 35180, 98177, 37409, 119416, 22413, 155664, 173110, 145695, 2756, 71574, 130559, 33272, 35347]",25,"[5.0, 2.0, 3.0, 5.0, 5.0, 5.0, 5.0, 5.0, 5.0, 5.0, 5.0, 5.0, 5.0, 3.0, 3.0, 5.0, 5.0, 4.0, 4.0, 4.0, 5.0, 5.0, 5.0, 5.0, 5.0]",25
9834,"[5, 0, 0, 2, 0, 0, 0, 0, 0, 0, 1, 0, 0, 0, 0, 0, 0, 0, 0, 0, 0, 0, 0, 0, 0, 0, 0, 0, 2, 0, 0, 0, 0, 0, 0, 0, 2, 0, 1, 0, 0, 0, 0, 0, 0, 0, 2, 0, 0, 0, 0, 0, 0, 1, 0, 1, 0, 0]","[155736, 115916, 52779, 90536, 92681, 110062, 143020]",7,"[5.0, 5.0, 5.0, 5.0, 5.0, 5.0, 5.0]",7
2467,"[18, 0, 0, 4, 5, 0, 0, 1, 0, 12, 0, 0, 0, 0, 0, 0, 4, 0, 0, 0, 0, 0, 0, 1, 1, 0, 0, 2, 3, 1, 0, 0, 0, 10, 0, 0, 0, 0, 1, 0, 0, 1, 1, 1, 1, 0, 3, 0, 0, 0, 0, 0, 0, 0, 0, 2, 1, 2]","[27513, 113960, 89924, 12209, 74332, 90949, 3534, 72072, 123601, 945, 115148, 7673, 34602, 140898, 83648, 50519, 113937, 126965, 109557, 21510, 57192, 13435, 79953, 66613, 118496]",25,"[5.0, 5.0, 5.0, 4.0, 5.0, 4.0, 5.0, 5.0, 5.0, 5.0, 5.0, 4.0, 5.0, 5.0, 5.0, 5.0, 5.0, 5.0, 5.0, 5.0, 5.0, 5.0, 5.0, 5.0, 5.0]",25
3411,"[33, 0, 0, 7, 18, 0, 0, 0, 1, 22, 5, 1, 0, 0, 0, 0, 14, 0, 0, 6, 3, 2, 0, 1, 0, 0, 2, 4, 13, 1, 0, 0, 0, 24, 0, 0, 6, 6, 3, 0, 0, 3, 10, 8, 0, 0, 9, 0, 0, 1, 1, 1, 0, 7, 1, 7, 6, 5]","[114795, 147344, 89113, 134610, 58960, 127080, 33305, 27749, 64311, 69439, 158587, 6061, 147374, 86041, 101819, 21781, 145841, 33143, 58497, 24611, 154689, 52334, 87422, 169283, 137542, 47538, 151843, 136931, 145695, 72285, 91255, 42117, 119307, 20264, 105709, 87670, 100436, 147180, 14230, 106014, 132617, 19812, 117899, 39832, 163529, 167395, 89924, 35381, 34971, 45824, 129214, 37047, 125637, 81021, 164596, 51784, 99787, 118107, 107780, 66332, 147645, 1334, 90160, 170734, 45833, 88276, 164752, 114411, 9325, 53780]",70,"[5.0, 3.0, 4.0, 4.0, 4.0, 5.0, 4.0, 4.0, 3.0, 4.0, 3.0, 5.0, 3.0, 3.0, 4.0, 4.0, 4.0, 3.0, 5.0, 4.0, 3.0, 1.0, 1.0, 3.0, 4.0, 4.0, 5.0, 3.0, 4.0, 4.0, 4.0, 4.0, 4.0, 3.0, 4.0, 4.0, 4.0, 3.0, 3.0, 3.0, 5.0, 5.0, 4.0, 5.0, 5.0, 5.0, 3.0, 3.0, 5.0, 5.0, 5.0, 3.0, 4.0, 4.0, 5.0, 3.0, 3.0, 1.0, 3.0, 4.0, 5.0, 5.0, 3.0, 5.0, 5.0, 5.0, 5.0, 5.0, 1.0, 4.0]",70
8267,"[6, 0, 0, 3, 1, 0, 0, 0, 0, 7, 0, 1, 0, 0, 0, 0, 1, 0, 0, 0, 0, 0, 0, 1, 0, 0, 1, 1, 3, 0, 0, 0, 0, 1, 0, 0, 1, 0, 3, 0, 0, 0, 1, 2, 0, 0, 1, 0, 0, 1, 0, 0, 0, 1, 1, 0, 0, 0]","[78348, 101819, 75244, 112368, 50909, 31314, 36503, 168964, 103590]",9,"[5.0, 4.0, 4.0, 0.0, 5.0, 5.0, 5.0, 4.0, 5.0]",9
14722,"[3, 0, 0, 1, 0, 0, 0, 1, 0, 0, 0, 0, 0, 0, 0, 0, 0, 0, 0, 0, 2, 0, 0, 0, 1, 0, 0, 0, 0, 0, 0, 0, 0, 1, 0, 0, 0, 0, 0, 0, 0, 0, 0, 0, 0, 0, 0, 0, 0, 0, 0, 0, 0, 0, 1, 0, 0, 2]","[31965, 95627, 38340, 65995, 138713, 14590]",6,"[4.0, 5.0, 5.0, 5.0, 5.0, 4.0]",6
9491,"[12, 0, 0, 2, 11, 0, 0, 2, 0, 12, 3, 1, 0, 0, 1, 0, 8, 0, 0, 2, 3, 0, 0, 1, 1, 0, 3, 1, 4, 1, 0, 1, 0, 10, 0, 0, 5, 6, 2, 0, 0, 2, 5, 5, 1, 1, 6, 1, 0, 1, 0, 1, 0, 3, 1, 0, 2, 5]","[151495, 42408, 20933, 131983, 8666, 96441, 85119, 12437, 171697, 90427, 70236, 14774, 145305, 96723, 6326, 166607, 77962, 136344, 8793, 122130, 82369, 28552, 144172, 23291, 105020, 26419, 14574, 140095, 106220, 176259, 79425, 76845, 176868, 91100, 68420, 111119, 15173]",37,"[4.0, 5.0, 4.0, 5.0, 1.0, 5.0, 4.0, 5.0, 4.0, 5.0, 3.0, 5.0, 5.0, 5.0, 4.0, 4.0, 4.0, 4.0, 5.0, 5.0, 5.0, 5.0, 5.0, 5.0, 5.0, 5.0, 5.0, 4.0, 5.0, 5.0, 5.0, 4.0, 5.0, 4.0, 5.0, 4.0, 5.0]",37
5618,"[10, 0, 0, 4, 1, 0, 0, 1, 0, 7, 1, 0, 0, 0, 0, 0, 0, 0, 0, 2, 0, 0, 0, 0, 0, 0, 0, 1, 4, 2, 0, 0, 0, 4, 0, 0, 0, 0, 0, 0, 0, 0, 0, 0, 0, 0, 2, 0, 0, 0, 0, 0, 0, 0, 1, 0, 1, 0]","[149624, 2756, 14119, 22975, 4961, 139831, 54100, 52861, 148314, 153142, 55772, 83554, 22912]",13,"[5.0, 5.0, 5.0, 4.0, 5.0, 4.0, 5.0, 5.0, 5.0, 5.0, 5.0, 5.0, 5.0]",13
16416,"[5, 0, 0, 1, 1, 0, 0, 0, 0, 5, 0, 0, 0, 0, 0, 0, 1, 0, 0, 1, 1, 0, 0, 0, 0, 0, 0, 1, 2, 0, 0, 0, 0, 1, 0, 1, 0, 1, 0, 0, 0, 0, 1, 0, 0, 0, 1, 0, 0, 0, 0, 0, 0, 1, 0, 0, 0, 1]","[120398, 54293, 150138, 135961, 43057, 109305, 147507, 18390, 36951]",9,"[4.0, 5.0, 5.0, 2.0, 3.0, 5.0, 4.0, 5.0, 5.0]",9
21064,"[4, 0, 0, 0, 1, 0, 0, 0, 0, 2, 0, 0, 0, 0, 0, 0, 4, 0, 0, 0, 0, 0, 0, 2, 0, 0, 1, 0, 2, 0, 0, 0, 0, 2, 0, 0, 1, 0, 1, 0, 0, 0, 2, 1, 0, 0, 0, 0, 0, 0, 0, 0, 0, 1, 0, 0, 0, 1]","[89113, 161086, 154689, 116065, 38205, 37047, 176551]",7,"[5.0, 5.0, 3.0, 5.0, 1.0, 5.0, 5.0]",7
13343,"[2, 0, 0, 1, 8, 0, 0, 0, 0, 2, 0, 0, 0, 0, 0, 0, 5, 0, 0, 1, 1, 2, 0, 0, 0, 0, 0, 0, 1, 3, 0, 0, 0, 2, 0, 0, 2, 1, 3, 0, 0, 1, 4, 5, 0, 0, 1, 0, 0, 0, 1, 0, 0, 2, 3, 6, 0, 2]","[41520, 80383, 102533, 30483, 164596, 11918, 83001, 164013, 163972, 137482, 64742, 25358, 47922, 12511]",14,"[5.0, 4.0, 4.0, 5.0, 4.0, 5.0, 5.0, 5.0, 5.0, 5.0, 5.0, 4.0, 5.0, 4.0]",14
16756,"[1, 0, 0, 3, 4, 0, 0, 0, 0, 4, 0, 0, 0, 0, 0, 0, 0, 0, 0, 0, 1, 0, 1, 1, 0, 0, 0, 0, 3, 0, 0, 0, 0, 2, 0, 1, 1, 0, 0, 0, 0, 1, 2, 1, 0, 0, 1, 0, 0, 1, 0, 0, 0, 2, 0, 0, 0, 0]","[149421, 138555, 71574, 19549, 23056, 128910, 99939, 140364]",8,"[5.0, 0.0, 5.0, 5.0, 5.0, 5.0, 5.0, 3.0]",8
5541,"[11, 0, 0, 1, 5, 0, 0, 1, 0, 5, 1, 1, 0, 0, 0, 0, 4, 0, 0, 0, 1, 0, 0, 1, 0, 0, 0, 1, 6, 0, 0, 0, 0, 5, 0, 0, 2, 1, 2, 0, 1, 1, 5, 4, 0, 0, 0, 0, 0, 0, 0, 0, 0, 0, 1, 0, 1, 3]","[97127, 47005, 131381, 89924, 48999, 10446, 85669, 15361, 159277, 164396, 15652, 2694, 32722, 174255, 108995, 65995, 96528, 159267, 30067, 10608]",20,"[5.0, 5.0, 4.0, 5.0, 5.0, 5.0, 5.0, 5.0, 5.0, 5.0, 5.0, 5.0, 5.0, 5.0, 5.0, 5.0, 5.0, 5.0, 5.0, 5.0]",20
11535,"[1, 0, 0, 2, 6, 0, 0, 0, 0, 3, 0, 1, 0, 0, 0, 0, 4, 0, 0, 0, 10, 0, 0, 0, 0, 0, 3, 1, 2, 0, 0, 0, 0, 3, 0, 1, 2, 0, 2, 0, 0, 0, 3, 0, 0, 0, 2, 1, 0, 0, 0, 0, 1, 0, 1, 3, 0, 1]","[91648, 157358, 40077, 51177, 105785, 113346, 8944, 88592, 74568, 47561, 50762, 78828, 163625, 170556, 48094, 33736, 10209, 148110, 66216, 35890]",20,"[5.0, 5.0, 5.0, 5.0, 5.0, 5.0, 5.0, 5.0, 5.0, 5.0, 5.0, 0.0, 5.0, 5.0, 5.0, 5.0, 5.0, 5.0, 5.0, 5.0]",20
16298,"[4, 0, 0, 1, 1, 0, 0, 0, 0, 6, 0, 0, 0, 0, 0, 0, 0, 0, 0, 0, 0, 1, 0, 0, 0, 0, 0, 0, 1, 0, 0, 0, 0, 2, 0, 0, 1, 0, 1, 0, 0, 0, 2, 0, 0, 0, 0, 0, 0, 0, 0, 0, 0, 0, 0, 3, 0, 2]","[125875, 109735, 66727, 155789, 18001, 30968, 37084, 80510]",8,"[5.0, 4.0, 4.0, 5.0, 4.0, 5.0, 4.0, 5.0]",8
10298,"[7, 0, 0, 3, 1, 0, 0, 0, 0, 5, 0, 0, 0, 0, 0, 0, 3, 0, 0, 0, 1, 0, 0, 0, 0, 0, 0, 0, 4, 0, 0, 0, 0, 6, 0, 0, 1, 1, 1, 0, 0, 0, 2, 2, 0, 0, 1, 0, 0, 0, 0, 0, 0, 1, 0, 2, 0, 1]","[109557, 107197, 141503, 64311, 128854, 7234, 55637, 19167, 92292, 161923, 145875]",11,"[4.0, 5.0, 5.0, 3.0, 4.0, 3.0, 5.0, 4.0, 4.0, 2.0, 5.0]",11
19476,"[6, 0, 0, 2, 1, 0, 0, 0, 0, 4, 0, 0, 0, 0, 0, 0, 0, 0, 0, 0, 1, 0, 0, 0, 0, 0, 1, 1, 2, 0, 0, 0, 0, 4, 0, 0, 2, 0, 1, 0, 0, 0, 0, 1, 0, 0, 2, 0, 0, 0, 0, 0, 0, 2, 0, 1, 1, 0]","[37359, 109557, 155665, 154511, 124230, 71885, 117899, 53408]",8,"[5.0, 4.0, 5.0, 3.0, 4.0, 3.0, 5.0, 5.0]",8
12882,"[5, 0, 0, 3, 2, 0, 0, 0, 0, 4, 0, 0, 0, 0, 0, 0, 1, 0, 0, 1, 0, 0, 0, 0, 1, 0, 0, 0, 4, 2, 0, 0, 0, 2, 0, 1, 1, 1, 1, 0, 0, 0, 2, 0, 0, 0, 1, 0, 0, 0, 0, 0, 0, 1, 0, 0, 0, 0]","[29501, 146121, 157037, 135961, 32424, 162352, 164203, 11115, 145359, 19263]",10,"[5.0, 5.0, 0.0, 5.0, 5.0, 5.0, 5.0, 5.0, 5.0, 5.0]",10
11001,"[11, 0, 0, 8, 2, 0, 0, 0, 0, 7, 0, 1, 0, 0, 0, 0, 1, 0, 0, 0, 3, 1, 0, 1, 0, 0, 2, 1, 3, 0, 0, 0, 0, 3, 0, 0, 2, 1, 2, 0, 0, 1, 2, 2, 0, 1, 0, 1, 0, 1, 0, 0, 0, 1, 1, 0, 0, 3]","[31827, 127945, 13327, 20238, 140963, 166967, 95880, 10489, 144188, 147180, 84096, 28576, 40062, 66711, 29809, 110062, 8202, 13988]",18,"[4.0, 4.0, 2.0, 5.0, 5.0, 5.0, 4.0, 4.0, 5.0, 5.0, 5.0, 5.0, 4.0, 5.0, 5.0, 5.0, 5.0, 5.0]",18
16029,"[5, 0, 0, 2, 2, 0, 0, 0, 0, 4, 0, 0, 0, 0, 0, 0, 2, 0, 0, 0, 1, 0, 1, 0, 0, 0, 0, 0, 2, 1, 0, 0, 0, 1, 0, 0, 0, 1, 1, 0, 0, 0, 2, 3, 0, 0, 1, 1, 0, 0, 0, 0, 0, 0, 0, 1, 1, 1]","[127239, 34868, 77393, 44577, 147431, 156133, 82067, 26949, 85236, 110203, 53367]",11,"[4.0, 5.0, 3.0, 4.0, 4.0, 5.0, 5.0, 5.0, 4.0, 4.0, 4.0]",11
22790,"[3, 0, 0, 1, 0, 0, 0, 0, 0, 4, 0, 0, 0, 0, 0, 0, 3, 0, 0, 1, 1, 0, 0, 0, 0, 0, 0, 0, 2, 0, 0, 0, 0, 2, 0, 0, 1, 0, 2, 0, 0, 0, 2, 2, 0, 1, 0, 0, 0, 0, 0, 0, 0, 1, 0, 1, 0, 1]","[74193, 111094, 60858, 145917, 131754, 144735, 69088]",7,"[4.0, 4.0, 3.0, 2.0, 4.0, 1.0, 4.0]",7
4487,"[18, 0, 0, 4, 9, 0, 0, 0, 0, 15, 3, 3, 0, 0, 0, 0, 8, 0, 0, 2, 1, 1, 0, 2, 0, 0, 3, 0, 7, 0, 0, 1, 0, 16, 1, 0, 6, 3, 1, 0, 0, 0, 6, 6, 1, 0, 2, 1, 0, 1, 0, 0, 0, 1, 1, 5, 0, 5]","[54303, 145292, 89034, 129214, 51522, 16025, 93209, 143153, 1943, 57006, 134610, 62213, 129704, 38053, 58884, 100266, 41145, 165112, 59346, 81006, 8675, 3763, 147645, 107364, 99511, 74478, 44577, 2280, 176732, 32128, 119101, 170001, 54149, 14774, 121514, 29706, 112200, 35693, 151143]",39,"[5.0, 5.0, 5.0, 5.0, 5.0, 5.0, 3.0, 5.0, 5.0, 5.0, 4.0, 5.0, 5.0, 3.0, 5.0, 5.0, 4.0, 5.0, 5.0, 5.0, 5.0, 4.0, 5.0, 5.0, 5.0, 5.0, 5.0, 5.0, 5.0, 5.0, 5.0, 1.0, 5.0, 4.0, 5.0, 5.0, 5.0, 5.0, 5.0]",39
1167,"[45, 0, 0, 22, 20, 0, 0, 3, 0, 31, 1, 4, 0, 0, 2, 0, 18, 0, 0, 2, 2, 3, 3, 2, 1, 0, 0, 3, 20, 3, 0, 0, 0, 24, 0, 4, 9, 4, 8, 0, 0, 3, 17, 11, 1, 1, 19, 1, 0, 3, 1, 3, 0, 14, 1, 11, 7, 17]","[30543, 130105, 144603, 174282, 61090, 134610, 59303, 110119, 121332, 126870, 82657, 39911, 126504, 79310, 171328, 30875, 7926, 148114, 12893, 125470, 56077, 17838, 107165, 76922, 68500, 135414, 135269, 53780, 29606, 118814, 48415, 5077, 95254, 17188, 122142, 23463, 136546, 115748, 124327, 154815, 100031, 155592, 135045, 97465, 163856, 53623, 149012, 103297, 93154, 52614, 120663, 63927, 50385, 96738, 115939, 150638, 146919, 17328, 30713, 39095, 44904, 165071, 13435, 119728, 104729, 36216, 9461, 91694, 104461, 30931, 103767, 115844, 30599, 55907, 100266, 29576, 27097, 119308, 17113, 1984, 89177, 110532, 114034, 108339, 112191, 100074, 15862, 28840, 98261, 411, 95918, 68143]",92,"[4.0, 4.0, 5.0, 4.0, 5.0, 4.0, 5.0, 5.0, 4.0, 5.0, 0.0, 5.0, 5.0, 5.0, 5.0, 4.0, 5.0, 5.0, 5.0, 5.0, 5.0, 5.0, 5.0, 5.0, 5.0, 5.0, 5.0, 5.0, 5.0, 5.0, 5.0, 5.0, 5.0, 1.0, 5.0, 5.0, 5.0, 5.0, 5.0, 5.0, 5.0, 5.0, 5.0, 5.0, 5.0, 5.0, 5.0, 3.0, 5.0, 5.0, 5.0, 5.0, 5.0, 5.0, 5.0, 3.0, 5.0, 5.0, 5.0, 5.0, 5.0, 5.0, 5.0, 5.0, 5.0, 5.0, 5.0, 5.0, 5.0, 5.0, 3.0, 5.0, 5.0, 5.0, 5.0, 5.0, 5.0, 5.0, 5.0, 5.0, 5.0, 5.0, 4.0, 5.0, 5.0, 5.0, 5.0, 3.0, 5.0, 5.0, 2.0, 5.0]",92
17163,"[3, 0, 0, 3, 5, 0, 0, 0, 0, 3, 0, 1, 0, 0, 1, 0, 2, 0, 0, 1, 1, 1, 0, 0, 0, 0, 0, 1, 3, 0, 0, 0, 0, 3, 0, 1, 1, 1, 2, 0, 0, 1, 5, 1, 1, 0, 2, 2, 0, 0, 0, 1, 0, 2, 0, 2, 0, 3]","[96543, 113385, 138244, 87680, 53939, 70948, 138259, 157826, 21058, 118090, 52396]",11,"[5.0, 5.0, 5.0, 5.0, 5.0, 5.0, 5.0, 5.0, 5.0, 5.0, 0.0]",11
6514,"[11, 0, 0, 2, 5, 0, 0, 1, 0, 12, 1, 1, 0, 0, 1, 0, 6, 0, 0, 1, 4, 1, 0, 0, 0, 0, 0, 0, 8, 1, 0, 1, 0, 8, 0, 0, 1, 1, 3, 0, 0, 2, 3, 3, 0, 0, 2, 1, 0, 0, 0, 0, 0, 3, 0, 2, 1, 1]","[57192, 170986, 129952, 55023, 20788, 8807, 71738, 42044, 29518, 110917, 104688, 82934, 84077, 50496, 9677, 66747, 80503, 41263, 64311, 117248, 31938, 31702, 132553, 19160, 125198, 79587, 49228, 171819, 152455, 120028, 45699, 3459]",32,"[5.0, 2.0, 4.0, 4.0, 5.0, 4.0, 3.0, 5.0, 5.0, 5.0, 5.0, 5.0, 5.0, 5.0, 5.0, 5.0, 0.0, 5.0, 4.0, 5.0, 3.0, 4.0, 5.0, 3.0, 2.0, 4.0, 4.0, 5.0, 4.0, 4.0, 4.0, 0.0]",32
46,"[207, 6, 0, 66, 64, 0, 0, 13, 3, 129, 26, 13, 0, 0, 12, 0, 64, 0, 0, 15, 34, 13, 1, 19, 1, 0, 7, 15, 108, 15, 0, 8, 1, 139, 0, 5, 63, 15, 21, 0, 6, 23, 44, 60, 11, 0, 40, 8, 0, 3, 2, 1, 0, 20, 17, 37, 40, 24]","[3008, 13416, 135322, 35909, 177555, 23606, 89669, 33551, 112962, 1520, 133219, 36062, 148284, 85719, 130797, 140051, 108330, 43748, 43837, 39511, 127869, 57427, 140914, 96642, 126547, 111401, 83393, 112780, 11144, 174298, 123123, 41845, 54718, 8487, 56975, 61823, 129505, 45147, 115471, 143634, 84348, 12312, 117686, 82453, 144018, 99787, 63760, 28650, 63482, 116037, 137956, 138882, 77430, 75751, 163747, 142627, 146821, 38654, 160612, 85409, 100319, 73325, 52602, 56013, 21781, 133744, 113131, 17094, 89678, 170534, 171980, 22194, 102651, 32128, 10949, 78323, 66758, 114081, 67899, 81099, 68939, 159856, 79270, 64430, 142963, 118163, 62600, 21706, 67087, 78391, 37304, 118317, 156553, 177843, 61725, 168616, 133348, 33336, 31948, 81311, 171920, 73065, 163598, 94024, 36895, 51183, 161211, 131683, 24214, 80287, 145809, 85096, 129670, 564, 141915, 110983, 153713, 87233, 75102, 125946, 148455, 87631, 46841, 8862, 134306, 66054, 177423, 15374, 167228, 8428, 101984, 125637, 84120, 15653, 119516, 29067, 113668, 61718, 108522, 64802, 147523, 104073, 21523, 147227, 35724, 108743, 28019, 161378, 59126, 78951, 65933, 33480, 5691, 128131, 116038, 60718, 118055, 76479, 106570, 47715, 130480, 33731, 40786, 92744, 8826, 177592, 177109, 67586, 51871, 169580, 92002, 151590, 92761, 171234, 27524, 12492, 91604, 117477, 152260, 112912, 156241, 120538, 11402, 169960, 175862, 96565, 46934, 61420, 65626, 32252, 117602, 126626, 106601, 88620, 78308, 91425, 176945, 86661, 148125, 95184, 55483, 9241, 134874, 14473, 158908, 160238, 151116, 117767, 4198, 172938, 9064, 102220, 18179, 29972, 57353, 72207, 118052, 14370, 115263, 19488, 3685, 105373, 7575, 169037, 74195, 136329, 34402, 8379, 108289, 164957, 129075, 67487, 57410, 31314, 149550, 41682, 130739, 23857, 56060, 82955, 149634, 172366, 133549, 53135, 54302, 158755, 149925, 105359, 4975, 125067, 106108, 157758, 140873, 128740, 33228, 100577, 171971, 39516, 52926, 45911, 150807, 142828, 130869, 91298, 49378, 107113, 73251, 20774, 135229, 71545, 90089, 91810, 158034, 76171, 94977, 38108, 88853, 102032, 22112, 127527, 84655, 153204, 58916, 162922, 158765, 32669, 154320, 48661, 14746, 45795, 75604, 166812, 97547, 77153, 76504, 55187, 81707, 64310, 53389, 18821, 107800, 118151, 160337, 162078, 57508, 43273, 148061, 64487, 102755, 85696, 132209, 6777, 21371, 16033, 171861, 126858, 42583, 48984, 121790, 108846, 34190, 117543, 28163, 148375, 108233, 44239, 37431, 105959, 85358, 15, 138924, 92048, 11057, 173731, 151765, 15966, 35183, 27462, 20742, 134462, 34533, 45809, 128604, 149647, 110303, 117517, 14008, 165922, 5022, 49509, 403, 35524, 6828, 90509, 126544, 79974, 145269, 36728, 176832, 38124, 169949, 165983, 1847, 154922, 158229, 38973, 146199, 155627, 59401, 171992, 170308, 20147, 17617, 163803, 100030, 99943, 155869, 148640, 81750, 64211, 1253, 162261, 8072, 39647, 32121, 104144, 113665, 72181, 132045, 142157, 121244, 62015, 36516, 31556, 16941, 6427, 155125, 7368, 170399, 164940, 170732, 75573, 42758, 67947, 77334, 97069, 27355, 37359, 115280, 22795, 66432, 64121, 169296, 24241, 7474, 28691, 29029, 170414, 175046, 138610, 146688, 9722, 54176, 143013, 164830, 163782, 125384, 111557, 77327, 121911, 74526, 47934, 130409, 160931, 154963, 153849, 91533, 85419, 146155, 152263, 19867, 114871, 53830, 37786, 16272, 137997, 101486, 85914, 124178, 169588, 158418, 11569, 157968, 174740, 168921, 170393, 163948, 121882, 163785, 34673, 172148, 28600, 100795, 45305, 168587, 26752, 162775, 107251, 11304, 52710, 102172, 32680, 149196, 83720, 52334, 16604, 136057, 172809, 149598, 146417, 25337, 55504, 136787, 3048, 33327, 136917, 52647, 92149, 22663, 57288, 81848, 171965, 142159, 152455, 9438, 33654, 68092, 170569, 37088, 91699, 121511, 69167, 100133, 56402, 52358, 45958, 6630, 99402, 160691, 136109, 177380, 100322, 14652, 41516, 81768, 155951, 71302]",517,"[5.0, 5.0, 5.0, 3.0, 5.0, 5.0, 4.0, 5.0, 5.0, 4.0, 5.0, 5.0, 4.0, 5.0, 5.0, 5.0, 5.0, 5.0, 5.0, 4.0, 5.0, 5.0, 3.0, 5.0, 4.0, 5.0, 5.0, 5.0, 5.0, 5.0, 4.0, 5.0, 5.0, 5.0, 5.0, 5.0, 5.0, 5.0, 4.0, 5.0, 5.0, 5.0, 5.0, 5.0, 5.0, 5.0, 5.0, 5.0, 5.0, 5.0, 5.0, 4.0, 5.0, 5.0, 5.0, 5.0, 5.0, 5.0, 5.0, 5.0, 5.0, 5.0, 3.0, 4.0, 5.0, 5.0, 5.0, 5.0, 5.0, 5.0, 5.0, 5.0, 5.0, 5.0, 5.0, 5.0, 5.0, 5.0, 5.0, 5.0, 4.0, 5.0, 5.0, 5.0, 5.0, 4.0, 5.0, 5.0, 5.0, 5.0, 5.0, 5.0, 5.0, 5.0, 5.0, 5.0, 5.0, 5.0, 5.0, 5.0, 5.0, 5.0, 5.0, 5.0, 5.0, 5.0, 5.0, 5.0, 5.0, 5.0, 5.0, 5.0, 5.0, 3.0, 5.0, 5.0, 5.0, 5.0, 4.0, 5.0, 4.0, 5.0, 5.0, 5.0, 5.0, 0.0, 5.0, 5.0, 5.0, 5.0, 5.0, 5.0, 5.0, 4.0, 5.0, 5.0, 4.0, 5.0, 5.0, 5.0, 5.0, 5.0, 5.0, 5.0, 5.0, 5.0, 5.0, 5.0, 5.0, 5.0, 5.0, 5.0, 5.0, 5.0, 5.0, 5.0, 5.0, 5.0, 5.0, 5.0, 5.0, 5.0, 5.0, 5.0, 5.0, 5.0, 5.0, 5.0, 5.0, 5.0, 5.0, 5.0, 5.0, 4.0, 5.0, 5.0, 5.0, 5.0, 5.0, 4.0, 5.0, 5.0, 4.0, 5.0, 5.0, 5.0, 5.0, 4.0, 5.0, 5.0, 5.0, 5.0, 5.0, 5.0, 5.0, 5.0, 5.0, 5.0, 5.0, 5.0, 5.0, 5.0, 5.0, 5.0, 5.0, 5.0, 5.0, 4.0, 5.0, 5.0, 5.0, 5.0, 5.0, 5.0, 5.0, 5.0, 5.0, 4.0, 5.0, 5.0, 5.0, 5.0, 5.0, 5.0, 5.0, 5.0, 5.0, 5.0, 5.0, 5.0, 5.0, 5.0, 5.0, 5.0, 5.0, 5.0, 5.0, 5.0, 5.0, 5.0, 5.0, 5.0, 5.0, 5.0, 5.0, 5.0, 5.0, 5.0, 5.0, 5.0, 5.0, 5.0, 5.0, 5.0, 5.0, 5.0, 5.0, 5.0, 4.0, 5.0, 5.0, 5.0, 5.0, 5.0, 5.0, 5.0, 5.0, 5.0, 5.0, 5.0, 5.0, 5.0, 5.0, 5.0, 5.0, 5.0, 5.0, 5.0, 5.0, 5.0, 5.0, 5.0, 4.0, 5.0, 5.0, 5.0, 5.0, 5.0, 5.0, 4.0, 5.0, 5.0, 4.0, 3.0, 5.0, 5.0, 5.0, 5.0, 5.0, 5.0, 5.0, 3.0, 5.0, 5.0, 5.0, 5.0, 5.0, 5.0, 5.0, 5.0, 5.0, 5.0, 5.0, 5.0, 5.0, 5.0, 5.0, 4.0, 5.0, 5.0, 5.0, 4.0, 5.0, 5.0, 5.0, 5.0, 5.0, 5.0, 5.0, 5.0, 3.0, 5.0, 5.0, 5.0, 5.0, 5.0, 4.0, 5.0, 5.0, 5.0, 5.0, 5.0, 5.0, 5.0, 3.0, 4.0, 5.0, 3.0, 5.0, 5.0, 5.0, 5.0, 4.0, 5.0, 5.0, 5.0, 5.0, 5.0, 5.0, 5.0, 5.0, 5.0, 4.0, 5.0, 5.0, 5.0, 5.0, 5.0, 4.0, 5.0, 5.0, 5.0, 5.0, 4.0, 5.0, 5.0, 5.0, 5.0, 5.0, 5.0, 5.0, 5.0, 4.0, 5.0, 5.0, 5.0, 5.0, 5.0, 5.0, 5.0, 5.0, 5.0, 4.0, 5.0, 5.0, 5.0, 5.0, 4.0, 5.0, 4.0, 5.0, 5.0, 5.0, 5.0, 5.0, 5.0, 5.0, 5.0, 5.0, 5.0, 5.0, 5.0, 5.0, 5.0, 0.0, 5.0, 5.0, 5.0, 5.0, 5.0, 5.0, 5.0, 5.0, 5.0, 5.0, 5.0, 5.0, 5.0, 5.0, 5.0, 5.0, 5.0, 5.0, 5.0, 5.0, 5.0, 5.0, 5.0, 5.0, 5.0, 3.0, 5.0, 5.0, 3.0, 5.0, 5.0, 5.0, 5.0, 5.0, 5.0, 5.0, 5.0, 5.0, 5.0, 5.0, 5.0, 5.0, 4.0, 5.0, 5.0, 5.0, 5.0, 5.0, 5.0, 5.0, 5.0, 5.0, 5.0, 5.0, 5.0, 5.0, 5.0, 5.0, 5.0, 5.0, 4.0, 5.0, 5.0, 5.0, 5.0, 5.0, 5.0, 5.0, 5.0, 5.0, 5.0, 4.0, 5.0, 5.0, 5.0, 5.0, 5.0, 5.0, 5.0, 5.0, 5.0, 5.0, 5.0, 5.0, 5.0, 5.0, 5.0, 5.0, 5.0, 5.0, 5.0, 5.0, 5.0, 5.0, 5.0, 5.0, 5.0, 4.0, 5.0, 5.0, 5.0, 5.0]",517
7148,"[22, 0, 0, 10, 14, 0, 0, 2, 0, 17, 0, 0, 0, 0, 3, 0, 10, 0, 0, 2, 12, 3, 0, 5, 0, 0, 0, 0, 12, 4, 0, 0, 0, 17, 0, 0, 8, 2, 1, 0, 0, 1, 11, 7, 1, 1, 5, 1, 0, 0, 1, 0, 0, 2, 4, 5, 1, 5]","[138392, 105070, 123451, 27953, 128245, 28775, 120782, 53124, 171697, 33377, 21072, 156154, 148501, 52334, 1691, 126147, 91675, 91630, 108091, 39459, 168146, 138251, 116955, 121509, 88199, 137007, 135899, 14537, 54333, 90866, 107662, 173110, 58122, 150695, 49065, 164160, 147621, 105414, 25013, 84820, 166565, 10065, 92105, 137442, 133756, 22986, 140923, 101601, 158545, 101366, 129430, 28428, 148769, 177041, 169167, 80298, 171628, 96129, 148114]",59,"[5.0, 5.0, 5.0, 5.0, 5.0, 5.0, 5.0, 5.0, 5.0, 5.0, 5.0, 5.0, 5.0, 5.0, 5.0, 5.0, 5.0, 5.0, 5.0, 5.0, 5.0, 5.0, 5.0, 5.0, 5.0, 5.0, 5.0, 5.0, 5.0, 5.0, 5.0, 5.0, 5.0, 0.0, 5.0, 5.0, 5.0, 0.0, 5.0, 5.0, 5.0, 5.0, 5.0, 4.0, 5.0, 5.0, 5.0, 5.0, 5.0, 5.0, 0.0, 5.0, 4.0, 5.0, 5.0, 5.0, 5.0, 5.0, 4.0]",59
3483,"[24, 0, 0, 18, 9, 0, 0, 1, 0, 25, 0, 0, 0, 0, 0, 0, 4, 0, 0, 2, 2, 1, 1, 4, 1, 0, 1, 1, 15, 5, 0, 0, 0, 22, 0, 3, 5, 1, 0, 1, 0, 0, 3, 2, 0, 0, 10, 1, 0, 1, 0, 0, 0, 5, 4, 2, 6, 5]","[144909, 165112, 128209, 150763, 17771, 46163, 31762, 130480, 46156, 159398, 5977, 1371, 97269, 34477, 115656, 164479, 29652, 73315, 90424, 76208, 25560, 79617, 170563, 35400, 64503, 62659, 20035, 39567, 82371, 91238, 155501, 141783, 142766, 155232, 159554, 59107, 32056, 52334, 145792, 171987, 18000, 109809, 33510, 135382, 94507, 43028, 103244, 56440, 65855, 19257, 43057, 26419, 146577, 111787, 79926, 161306, 48566, 22874, 29257, 106710, 128943, 69304, 114873, 9084, 44093, 102534]",66,"[0.0, 5.0, 5.0, 5.0, 5.0, 5.0, 5.0, 5.0, 5.0, 5.0, 5.0, 5.0, 5.0, 5.0, 0.0, 5.0, 5.0, 5.0, 5.0, 5.0, 5.0, 5.0, 4.0, 4.0, 5.0, 5.0, 5.0, 0.0, 5.0, 5.0, 5.0, 5.0, 5.0, 5.0, 5.0, 5.0, 4.0, 5.0, 5.0, 5.0, 5.0, 5.0, 5.0, 0.0, 5.0, 5.0, 5.0, 5.0, 5.0, 5.0, 5.0, 5.0, 5.0, 5.0, 5.0, 5.0, 5.0, 5.0, 5.0, 5.0, 5.0, 5.0, 5.0, 5.0, 5.0, 5.0]",66
11628,"[2, 0, 0, 1, 0, 0, 0, 0, 0, 2, 0, 0, 0, 0, 0, 0, 1, 0, 0, 1, 1, 0, 0, 0, 1, 0, 0, 1, 1, 0, 0, 0, 0, 1, 0, 0, 1, 0, 0, 0, 0, 0, 1, 0, 0, 0, 1, 0, 0, 0, 0, 0, 0, 0, 0, 1, 0, 0]","[128985, 45824, 72742, 165640, 56425, 71142]",6,"[5.0, 5.0, 3.0, 4.0, 5.0, 5.0]",6
12675,"[5, 0, 0, 6, 2, 0, 0, 1, 0, 6, 1, 0, 0, 0, 0, 0, 2, 0, 0, 0, 2, 0, 0, 0, 0, 0, 0, 0, 2, 0, 0, 0, 0, 5, 0, 0, 2, 1, 0, 0, 0, 0, 0, 3, 0, 0, 5, 0, 0, 0, 0, 0, 0, 2, 0, 0, 0, 0]","[34900, 30377, 104134, 141647, 141361, 105345, 127028, 10788, 139670, 36243, 37949, 41319, 155919, 13358, 14874, 164203, 31827]",17,"[5.0, 5.0, 5.0, 5.0, 5.0, 5.0, 5.0, 5.0, 5.0, 5.0, 5.0, 5.0, 5.0, 5.0, 5.0, 5.0, 5.0]",17
731,"[21, 0, 0, 11, 15, 0, 0, 6, 1, 19, 0, 2, 0, 0, 1, 0, 13, 0, 0, 2, 8, 3, 1, 8, 0, 0, 6, 4, 11, 2, 0, 0, 0, 22, 0, 1, 4, 4, 16, 1, 0, 1, 12, 13, 0, 0, 6, 0, 0, 5, 0, 1, 0, 7, 1, 6, 0, 6]","[8348, 176340, 98193, 71578, 79095, 55772, 119558, 14349, 82193, 158767, 33672, 14931, 99704, 99992, 74052, 61070, 33352, 120407, 101941, 20999, 38403, 19652, 87802, 96082, 11406, 21653, 55708, 45418, 76637, 118255, 173346, 15368, 163477, 43990, 69067, 82021, 145644, 61855, 35276, 172369, 77163, 17817, 22031, 72741, 94958, 45556, 31471, 152830, 27000, 156838, 100007, 68086, 64311, 56673, 97459, 45316, 105229, 154872, 24565, 45056, 25853, 150299, 10369, 260, 91140, 156158, 117841, 10151, 69869, 68766, 116979, 142910, 90428, 38860, 82216, 171614, 62636, 139075, 153244]",79,"[5.0, 4.0, 5.0, 5.0, 5.0, 5.0, 5.0, 5.0, 5.0, 5.0, 5.0, 5.0, 4.0, 5.0, 4.0, 5.0, 5.0, 5.0, 5.0, 5.0, 5.0, 5.0, 4.0, 3.0, 5.0, 4.0, 5.0, 5.0, 5.0, 5.0, 5.0, 5.0, 4.0, 3.0, 3.0, 4.0, 5.0, 5.0, 5.0, 4.0, 5.0, 5.0, 5.0, 4.0, 3.0, 3.0, 4.0, 3.0, 4.0, 5.0, 5.0, 5.0, 3.0, 4.0, 5.0, 5.0, 4.0, 5.0, 5.0, 4.0, 5.0, 5.0, 5.0, 5.0, 5.0, 3.0, 4.0, 4.0, 5.0, 4.0, 5.0, 5.0, 5.0, 5.0, 4.0, 5.0, 5.0, 3.0, 5.0]",79
4380,"[22, 0, 0, 6, 14, 0, 0, 1, 1, 14, 1, 1, 0, 0, 1, 0, 9, 0, 0, 1, 4, 1, 1, 1, 0, 0, 1, 2, 12, 1, 0, 2, 0, 17, 0, 1, 6, 6, 4, 0, 0, 2, 9, 10, 0, 0, 7, 3, 0, 0, 0, 0, 0, 5, 2, 6, 1, 6]","[165925, 69712, 108971, 142212, 116547, 9156, 65144, 121765, 169158, 1890, 164321, 49289, 41427, 139822, 156589, 59676, 100365, 117899, 89050, 106123, 150693, 22633, 103175, 147344, 84472, 168479, 140807, 38462, 79996, 56493, 121637, 79546, 122673, 169592, 69940, 26412, 165244, 65623, 144077, 39797, 96302, 6117, 7998, 66823, 153375, 134328, 126120, 120164, 166447, 61096, 170153, 56077]",52,"[3.0, 5.0, 4.0, 5.0, 5.0, 4.0, 0.0, 5.0, 5.0, 5.0, 5.0, 5.0, 5.0, 5.0, 5.0, 5.0, 5.0, 5.0, 5.0, 5.0, 5.0, 5.0, 5.0, 5.0, 4.0, 5.0, 5.0, 5.0, 5.0, 5.0, 5.0, 4.0, 5.0, 5.0, 5.0, 5.0, 5.0, 5.0, 5.0, 5.0, 5.0, 5.0, 5.0, 5.0, 5.0, 5.0, 5.0, 5.0, 5.0, 5.0, 0.0, 5.0]",52
1660,"[5, 0, 0, 1, 2, 0, 0, 1, 0, 3, 0, 0, 0, 0, 0, 0, 1, 0, 0, 1, 1, 0, 1, 1, 0, 0, 0, 0, 2, 1, 0, 0, 0, 4, 0, 0, 2, 1, 0, 0, 0, 0, 0, 0, 1, 1, 1, 0, 0, 0, 0, 0, 0, 1, 0, 1, 2, 2]","[71613, 6955, 22551, 630, 11115, 76338, 155967, 158071, 178102, 41436]",10,"[5.0, 2.0, 5.0, 5.0, 3.0, 2.0, 5.0, 5.0, 2.0, 5.0]",10
21817,"[7, 0, 0, 1, 1, 0, 0, 0, 0, 8, 1, 0, 0, 0, 0, 0, 2, 0, 0, 0, 1, 0, 0, 1, 0, 0, 0, 3, 4, 1, 0, 0, 0, 1, 0, 0, 0, 0, 0, 0, 0, 0, 0, 1, 0, 0, 0, 0, 0, 0, 0, 0, 0, 1, 1, 0, 1, 1]","[170097, 53200, 82100, 117145, 81066, 107964, 75591, 161614, 130650, 106785, 37359, 81233]",12,"[5.0, 5.0, 5.0, 4.0, 5.0, 5.0, 5.0, 1.0, 5.0, 4.0, 5.0, 5.0]",12
21164,"[4, 0, 0, 1, 5, 0, 0, 0, 0, 5, 0, 1, 0, 0, 0, 0, 2, 0, 0, 0, 0, 0, 0, 0, 0, 0, 0, 0, 0, 1, 0, 0, 0, 2, 0, 1, 0, 0, 1, 0, 0, 0, 3, 0, 0, 0, 1, 0, 0, 0, 0, 1, 0, 2, 0, 0, 0, 1]","[163923, 105762, 96233, 38031, 111743, 102916, 45898, 109628, 166891]",9,"[5.0, 4.0, 4.0, 4.0, 5.0, 4.0, 4.0, 4.0, 4.0]",9
12885,"[4, 0, 0, 1, 3, 0, 0, 0, 0, 3, 0, 0, 0, 0, 0, 0, 1, 0, 0, 1, 0, 0, 0, 1, 0, 0, 0, 0, 3, 0, 0, 0, 0, 1, 0, 0, 3, 2, 1, 0, 0, 0, 1, 0, 0, 0, 0, 0, 0, 1, 0, 0, 0, 0, 0, 2, 0, 0]","[19297, 158194, 101783, 44551, 100979, 167844, 111127, 11115, 101486, 15822, 121513]",11,"[4.0, 4.0, 4.0, 5.0, 4.0, 4.0, 5.0, 5.0, 5.0, 5.0, 4.0]",11
4608,"[5, 0, 0, 2, 0, 0, 0, 1, 0, 6, 0, 0, 0, 0, 0, 0, 1, 0, 0, 0, 2, 0, 0, 0, 0, 0, 0, 0, 3, 2, 0, 0, 0, 3, 0, 0, 0, 0, 0, 0, 0, 0, 0, 2, 1, 0, 0, 0, 0, 1, 0, 0, 0, 0, 1, 0, 0, 0]","[30714, 101542, 2042, 139718, 102570, 73209, 82100, 162865, 48703, 136330, 65347, 6191]",12,"[5.0, 5.0, 5.0, 5.0, 5.0, 5.0, 4.0, 4.0, 5.0, 5.0, 5.0, 5.0]",12
3438,"[9, 0, 0, 5, 4, 0, 0, 0, 0, 9, 0, 0, 0, 0, 0, 0, 2, 0, 0, 1, 1, 2, 0, 0, 2, 0, 0, 1, 5, 0, 0, 0, 0, 6, 0, 0, 1, 0, 2, 0, 0, 1, 1, 2, 0, 0, 1, 0, 0, 3, 0, 1, 0, 0, 0, 2, 0, 3]","[1346, 177932, 4168, 28321, 95089, 147988, 127132, 113077, 112560, 39192, 147180, 134266, 176215, 4793, 79095, 58609, 123058, 49367]",18,"[4.0, 3.0, 4.0, 4.0, 4.0, 5.0, 5.0, 3.0, 5.0, 5.0, 5.0, 5.0, 5.0, 5.0, 5.0, 5.0, 0.0, 0.0]",18
2739,"[142, 1, 0, 83, 56, 0, 1, 8, 0, 139, 6, 12, 2, 1, 5, 0, 27, 0, 0, 16, 7, 9, 5, 11, 6, 0, 4, 7, 57, 11, 0, 2, 0, 97, 0, 10, 49, 9, 16, 0, 1, 7, 32, 31, 6, 1, 48, 3, 0, 1, 1, 12, 0, 16, 9, 21, 12, 54]","[62113, 150138, 151014, 164348, 38199, 65038, 68942, 18033, 108179, 64470, 15556, 103129, 81824, 137694, 71015, 108172, 70984, 120578, 86393, 59347, 1652, 138892, 124148, 70373, 87111, 67747, 74759, 50738, 71022, 148314, 91329, 17978, 37101, 106785, 31349, 151231, 63379, 7513, 97372, 139983, 1984, 170622, 128467, 86463, 155390, 51757, 53173, 66747, 110889, 93643, 98226, 133301, 72857, 38660, 135414, 80236, 134452, 86859, 60600, 27786, 168690, 78551, 78684, 9544, 131918, 50660, 84482, 73340, 21258, 85639, 65349, 21617, 34287, 106961, 116236, 106111, 113588, 92313, 10480, 2949, 150652, 131506, 48566, 36981, 158829, 143532, 88070, 72253, 70022, 154034, 111949, 35416, 150268, 176366, 29887, 103422, 43676, 22733, 87426, 115557, 156072, 147369, 45150, 101054, 23076, 2930, 17509, 94241, 68926, 84394, 12773, 148600, 70529, 79505, 49352, 118998, 54333, 149432, 66803, 83121, 150229, 47573, 8959, 80059, 153992, 147674, 122519, 2083, 9289, 163593, 128654, 97681, 95099, 75070, 58524, 83027, 48691, 156774, 138585, 66451, 116650, 9903, 33155, 89188, 96792, 81126, 143421, 20686, 146230, 7624, 73101, 37225, 158937, 27612, 38981, 8991, 140814, 107170, 129203, 142040, 151285, 28709, 20202, 88221, 103437, 44040, 95724, 92614, 175652, 98814, 151945, 2671, 61190, 173189, 99670, 121071, 57387, 104837, 85140, 59241, 109564, 83429, 53350, 96846, 29397, 21001, 19837, 143979, 154689, 2445, 118835, 94775, 95104, 87292, 117112, 125669, 9951, 19936, 56338, 69167, 19271, 148259, 31811, 115801, 174881, 50899, 151451, 81190, 156784, 34331, 49991, 25290, 92057, 126984, 50408, 170177, 4701, 79797, 96863, 140674, 87671, 126105, 45528, 21729, 160186, 107064, 99607, 23411, 104943, 75404, 78441, 19698, 26535, 112697, 177733, 177392, 153920, 51373, 24869, 104416, 21670, 139822, 30932, 164336, 18580, 65205, 44044, 1711, 151183, 80995, 81757, 117899, 161122, 40993, 154190, 70951, 67257, 29000, 102365, 149110, 92904, 46139, 142156, 6494, 147493, 91912, 112267, 175798, 14962, 106910, 109491, 162260, 109082, 164629, 91503, 148594, 118586, 168427, 69263, 1023, 146184, 40776, 130764, 129921, 33605, 132802, 32114, 119011, 139589, 84296, 97352, 98589, 14483, 98503, 89854, 20264, 177585, 91873, 37081, 74417, 95231, 108827, 23509, 151526, 60156, 172247, 35131, 12984, 37938, 94079, 47700, 125030, 120552, 132580, 90444, 41935, 71962, 57304, 162804, 81290, 101227, 70898, 136606, 10017, 35753, 171544, 25618, 94821, 55795, 5281, 101906, 19555, 43320, 49898, 39286, 29509, 84789, 40824, 59477, 31070]",340,"[5.0, 5.0, 5.0, 5.0, 5.0, 5.0, 5.0, 5.0, 5.0, 5.0, 5.0, 4.0, 5.0, 5.0, 5.0, 5.0, 5.0, 5.0, 5.0, 5.0, 5.0, 5.0, 5.0, 5.0, 5.0, 5.0, 5.0, 5.0, 5.0, 5.0, 5.0, 5.0, 5.0, 5.0, 5.0, 5.0, 5.0, 5.0, 5.0, 5.0, 5.0, 5.0, 5.0, 5.0, 5.0, 5.0, 5.0, 5.0, 5.0, 5.0, 5.0, 5.0, 5.0, 5.0, 5.0, 5.0, 5.0, 5.0, 5.0, 5.0, 5.0, 5.0, 5.0, 5.0, 5.0, 5.0, 5.0, 5.0, 5.0, 5.0, 5.0, 5.0, 5.0, 5.0, 5.0, 5.0, 5.0, 5.0, 5.0, 5.0, 5.0, 5.0, 5.0, 5.0, 5.0, 5.0, 5.0, 5.0, 4.0, 5.0, 5.0, 5.0, 5.0, 5.0, 5.0, 5.0, 5.0, 5.0, 5.0, 5.0, 5.0, 5.0, 5.0, 5.0, 5.0, 5.0, 5.0, 5.0, 5.0, 5.0, 5.0, 5.0, 5.0, 5.0, 5.0, 3.0, 5.0, 5.0, 5.0, 5.0, 5.0, 5.0, 5.0, 5.0, 5.0, 5.0, 5.0, 5.0, 5.0, 5.0, 5.0, 5.0, 5.0, 5.0, 5.0, 5.0, 5.0, 5.0, 5.0, 5.0, 5.0, 5.0, 5.0, 5.0, 5.0, 5.0, 5.0, 5.0, 5.0, 5.0, 4.0, 5.0, 5.0, 5.0, 5.0, 5.0, 5.0, 5.0, 5.0, 5.0, 5.0, 5.0, 5.0, 5.0, 5.0, 5.0, 5.0, 5.0, 5.0, 5.0, 5.0, 5.0, 5.0, 5.0, 5.0, 5.0, 5.0, 5.0, 5.0, 5.0, 5.0, 5.0, 5.0, 5.0, 5.0, 5.0, 5.0, 5.0, 5.0, 5.0, 5.0, 5.0, 5.0, 5.0, 5.0, 5.0, 5.0, 5.0, 5.0, 5.0, 5.0, 4.0, 5.0, 5.0, 5.0, 5.0, 5.0, 5.0, 5.0, 5.0, 5.0, 5.0, 5.0, 4.0, 5.0, 5.0, 5.0, 5.0, 4.0, 5.0, 5.0, 5.0, 5.0, 5.0, 5.0, 5.0, 5.0, 5.0, 4.0, 5.0, 5.0, 5.0, 5.0, 5.0, 5.0, 5.0, 5.0, 5.0, 5.0, 5.0, 5.0, 5.0, 5.0, 5.0, 5.0, 5.0, 5.0, 5.0, 5.0, 5.0, 5.0, 5.0, 5.0, 5.0, 5.0, 5.0, 5.0, 5.0, 4.0, 5.0, 5.0, 5.0, 5.0, 4.0, 5.0, 5.0, 5.0, 5.0, 5.0, 5.0, 4.0, 5.0, 5.0, 5.0, 5.0, 5.0, 5.0, 5.0, 5.0, 4.0, 5.0, 5.0, 5.0, 5.0, 5.0, 5.0, 5.0, 5.0, 5.0, 5.0, 4.0, 5.0, 5.0, 5.0, 5.0, 5.0, 5.0, 5.0, 4.0, 5.0, 4.0, 4.0, 5.0, 5.0, 5.0, 5.0, 5.0, 5.0, 5.0, 5.0, 5.0, 3.0, 4.0, 5.0, 5.0, 5.0, 5.0, 5.0, 5.0, 5.0, 5.0, 5.0, 5.0, 5.0, 4.0, 5.0, 5.0, 5.0, 5.0, 5.0, 5.0, 5.0, 3.0, 5.0, 5.0, 5.0, 4.0, 5.0, 5.0, 4.0]",340
11569,"[14, 0, 0, 4, 2, 0, 0, 0, 0, 12, 1, 0, 0, 0, 1, 0, 4, 0, 0, 0, 0, 0, 0, 1, 0, 0, 0, 0, 1, 0, 0, 0, 0, 5, 0, 0, 3, 1, 2, 0, 0, 2, 3, 5, 0, 0, 4, 0, 0, 0, 0, 0, 0, 3, 1, 4, 1, 2]","[58046, 161475, 77167, 56681, 126206, 41913, 34121, 160937, 104134, 81727, 174646, 84891, 8990, 58829, 80645, 44157, 153076, 51075]",18,"[0.0, 0.0, 0.0, 0.0, 2.0, 0.0, 0.0, 4.0, 2.0, 3.0, 3.0, 4.0, 3.0, 3.0, 4.0, 2.0, 4.0, 4.0]",18
9841,"[2, 0, 0, 4, 3, 0, 0, 0, 0, 1, 0, 0, 0, 0, 1, 0, 2, 0, 0, 0, 0, 0, 0, 0, 0, 0, 0, 1, 1, 0, 0, 1, 0, 1, 0, 0, 0, 1, 1, 0, 0, 0, 2, 3, 0, 0, 1, 0, 0, 0, 0, 0, 0, 0, 0, 0, 0, 0]","[29681, 6651, 27942, 50709, 22355, 165479, 38394]",7,"[5.0, 3.0, 3.0, 4.0, 4.0, 3.0, 3.0]",7
3725,"[28, 0, 0, 17, 22, 0, 0, 2, 1, 20, 1, 0, 1, 0, 0, 0, 19, 0, 0, 8, 12, 1, 0, 0, 2, 0, 2, 2, 20, 4, 0, 0, 1, 14, 0, 3, 2, 2, 6, 0, 0, 4, 13, 13, 1, 0, 13, 0, 0, 2, 0, 1, 0, 8, 4, 4, 1, 7]","[44702, 44805, 158194, 19549, 128686, 106925, 99521, 71599, 1604, 169944, 119351, 103716, 69708, 160091, 100022, 142480, 123230, 8808, 128887, 79565, 19211, 42122, 60504, 54872, 90622, 86591, 29367, 9192, 79576, 99604, 11955, 178034, 12696, 4189, 113971, 14292, 78121, 33334, 143801, 15168, 132914, 17247, 53912, 163204, 93851, 76020, 9530, 177462, 48059, 31941, 144766, 13990, 136248, 108364, 131348, 32001, 87627, 84820, 65276, 85741, 146009, 35177, 26022, 123782, 113857, 2305, 169321, 6443, 45909, 145929, 27345, 56446]",72,"[5.0, 4.0, 5.0, 5.0, 5.0, 5.0, 0.0, 0.0, 5.0, 5.0, 5.0, 5.0, 5.0, 5.0, 5.0, 0.0, 5.0, 0.0, 5.0, 5.0, 5.0, 0.0, 5.0, 5.0, 5.0, 5.0, 4.0, 5.0, 5.0, 5.0, 5.0, 5.0, 0.0, 5.0, 5.0, 5.0, 5.0, 5.0, 4.0, 5.0, 5.0, 5.0, 0.0, 5.0, 0.0, 4.0, 4.0, 5.0, 4.0, 5.0, 5.0, 4.0, 5.0, 5.0, 5.0, 3.0, 5.0, 5.0, 5.0, 0.0, 5.0, 4.0, 5.0, 5.0, 0.0, 5.0, 4.0, 0.0, 5.0, 5.0, 4.0, 0.0]",72
4818,"[5, 1, 0, 1, 5, 0, 0, 0, 0, 6, 1, 0, 0, 0, 0, 0, 1, 0, 0, 1, 2, 1, 0, 1, 0, 0, 0, 2, 1, 0, 0, 0, 0, 4, 0, 0, 2, 1, 1, 0, 0, 1, 4, 4, 2, 0, 1, 0, 0, 0, 0, 0, 0, 1, 0, 3, 0, 1]","[170732, 110079, 90121, 55772, 99733, 68803, 135431, 37047, 4941, 11558, 35063, 144337, 946, 69114, 148114, 126120, 160949]",17,"[5.0, 4.0, 4.0, 4.0, 4.0, 4.0, 5.0, 5.0, 3.0, 5.0, 1.0, 5.0, 5.0, 5.0, 5.0, 4.0, 5.0]",17
8260,"[10, 0, 0, 5, 11, 0, 0, 1, 0, 8, 0, 0, 0, 0, 0, 0, 7, 0, 0, 2, 3, 1, 0, 1, 1, 0, 0, 0, 3, 2, 0, 0, 0, 9, 0, 2, 4, 0, 1, 0, 0, 1, 11, 6, 1, 0, 1, 1, 0, 0, 1, 0, 0, 5, 1, 3, 0, 4]","[98420, 41988, 144115, 138910, 118775, 108367, 98045, 134224, 21032, 6635, 73624, 90916, 156166, 109698, 136883, 139381, 65653, 27172, 26952, 167928, 155876, 29768, 173554, 7590, 15049, 5055, 100494, 102717]",28,"[5.0, 5.0, 3.0, 5.0, 4.0, 5.0, 3.0, 5.0, 4.0, 5.0, 5.0, 5.0, 5.0, 5.0, 5.0, 3.0, 5.0, 5.0, 5.0, 5.0, 4.0, 5.0, 5.0, 5.0, 5.0, 5.0, 5.0, 5.0]",28
17688,"[7, 0, 0, 2, 0, 0, 0, 0, 0, 1, 0, 0, 0, 0, 0, 0, 0, 0, 0, 0, 0, 0, 0, 0, 0, 0, 0, 0, 4, 1, 0, 0, 0, 2, 0, 0, 1, 0, 0, 0, 0, 0, 0, 0, 0, 0, 1, 0, 0, 0, 0, 0, 0, 1, 0, 0, 0, 0]","[31260, 166867, 129573, 85149, 22895, 46746, 107197]",7,"[0.0, 5.0, 5.0, 5.0, 5.0, 3.0, 5.0]",7
18012,"[6, 0, 0, 1, 1, 0, 0, 0, 0, 4, 0, 0, 0, 0, 0, 0, 1, 0, 0, 0, 0, 0, 0, 0, 0, 0, 0, 0, 3, 2, 0, 0, 0, 3, 0, 0, 0, 1, 0, 0, 0, 0, 1, 1, 0, 0, 2, 0, 0, 0, 0, 0, 0, 2, 0, 0, 2, 1]","[83532, 95659, 24129, 63482, 37752, 95641, 31008]",7,"[5.0, 5.0, 5.0, 5.0, 5.0, 5.0, 5.0]",7
3230,"[10, 0, 0, 4, 15, 0, 0, 0, 0, 13, 0, 0, 0, 0, 0, 0, 7, 0, 0, 3, 2, 0, 1, 0, 1, 0, 0, 1, 7, 1, 0, 0, 0, 9, 0, 0, 4, 2, 1, 0, 0, 3, 9, 3, 0, 1, 6, 1, 0, 0, 1, 0, 0, 3, 0, 1, 1, 2]","[120881, 83799, 129214, 44577, 105877, 19160, 101783, 29910, 111555, 174552, 86173, 18586, 55237, 164024, 64526, 13315, 169021, 53859, 131445, 52340, 62314, 104729, 157740, 97905, 17360, 154916, 55772, 34390, 115849, 1310, 63559, 96938, 129921]",33,"[5.0, 5.0, 5.0, 5.0, 3.0, 5.0, 3.0, 5.0, 4.0, 5.0, 4.0, 5.0, 5.0, 5.0, 5.0, 5.0, 5.0, 5.0, 5.0, 5.0, 5.0, 4.0, 5.0, 5.0, 5.0, 5.0, 4.0, 5.0, 1.0, 5.0, 3.0, 5.0, 5.0]",33
8900,"[17, 3, 0, 10, 18, 0, 1, 2, 0, 18, 1, 2, 0, 0, 2, 0, 9, 0, 0, 1, 8, 4, 0, 13, 0, 0, 6, 0, 9, 2, 0, 2, 0, 19, 1, 0, 8, 1, 8, 0, 0, 2, 10, 15, 2, 0, 9, 1, 0, 2, 0, 0, 0, 3, 1, 9, 0, 5]","[176271, 83607, 112978, 59307, 120496, 5678, 31906, 96385, 163625, 77528, 102335, 38511, 136227, 51664, 97372, 79425, 51463, 118418, 34381, 94129, 138325, 50537, 66119, 126645, 104829, 101632, 15336, 133353, 172986, 98191, 78345, 71150, 76943, 39225, 112096, 44380, 35380, 9677, 58745, 90344, 24458, 61673, 68445, 114273, 37697, 51827, 33798, 49289, 29725, 34653, 169302, 105691, 151055, 80011, 27541, 26197, 69873, 134235, 52687, 79435]",60,"[5.0, 4.0, 0.0, 0.0, 5.0, 5.0, 0.0, 0.0, 5.0, 5.0, 0.0, 5.0, 5.0, 5.0, 5.0, 5.0, 5.0, 0.0, 5.0, 5.0, 0.0, 5.0, 0.0, 5.0, 5.0, 5.0, 5.0, 5.0, 5.0, 5.0, 0.0, 5.0, 5.0, 5.0, 5.0, 5.0, 5.0, 5.0, 5.0, 5.0, 5.0, 5.0, 5.0, 5.0, 5.0, 5.0, 5.0, 5.0, 5.0, 5.0, 5.0, 5.0, 5.0, 5.0, 5.0, 5.0, 5.0, 5.0, 5.0, 4.0]",60
7092,"[12, 0, 0, 3, 0, 0, 0, 0, 0, 10, 0, 1, 0, 0, 0, 0, 1, 0, 0, 1, 1, 0, 0, 0, 1, 0, 0, 0, 3, 1, 0, 0, 0, 2, 0, 0, 2, 1, 0, 0, 0, 0, 0, 0, 0, 0, 2, 0, 0, 0, 0, 0, 1, 0, 0, 3, 0, 1]","[32886, 45478, 37302, 157740, 171717, 141217, 90536, 89007, 173261, 168964, 155329, 130507, 121514, 161396, 91086]",15,"[4.0, 5.0, 0.0, 5.0, 5.0, 5.0, 5.0, 5.0, 5.0, 5.0, 5.0, 5.0, 4.0, 5.0, 5.0]",15
3926,"[9, 0, 0, 4, 9, 0, 0, 0, 0, 7, 3, 2, 0, 0, 2, 0, 6, 0, 0, 0, 6, 4, 2, 2, 0, 0, 2, 0, 6, 0, 0, 1, 0, 15, 0, 0, 3, 1, 6, 0, 0, 2, 6, 7, 0, 3, 3, 2, 0, 1, 0, 1, 0, 5, 2, 6, 0, 2]","[171977, 1825, 20819, 113644, 65109, 7524, 9437, 37047, 171987, 63569, 131487, 65482, 136281, 135701, 13097, 10246, 30425, 74841, 133207, 173433, 92873, 104567, 6773, 170520, 1690, 107654, 71578, 166624, 152713, 140095, 78551, 132445, 174552, 117899, 177588, 16150, 153154, 14024, 161086, 33628, 88946]",41,"[5.0, 5.0, 5.0, 5.0, 5.0, 5.0, 5.0, 5.0, 5.0, 4.0, 5.0, 5.0, 5.0, 5.0, 4.0, 4.0, 5.0, 5.0, 4.0, 5.0, 5.0, 5.0, 4.0, 5.0, 4.0, 5.0, 5.0, 5.0, 5.0, 5.0, 5.0, 5.0, 5.0, 5.0, 5.0, 5.0, 5.0, 5.0, 5.0, 5.0, 5.0]",41
11225,"[6, 1, 0, 1, 2, 0, 0, 0, 0, 2, 0, 0, 0, 0, 1, 0, 0, 0, 0, 0, 0, 1, 0, 3, 0, 0, 0, 1, 2, 0, 0, 0, 0, 3, 0, 0, 1, 0, 0, 0, 0, 0, 1, 0, 0, 1, 0, 1, 0, 0, 0, 0, 0, 1, 0, 1, 0, 2]","[126931, 40094, 53005, 52926, 71592, 52876, 8468, 14738, 37359, 82370]",10,"[5.0, 5.0, 5.0, 4.0, 4.0, 4.0, 5.0, 5.0, 5.0, 5.0]",10
21318,"[5, 0, 0, 0, 3, 0, 0, 0, 0, 3, 1, 0, 0, 0, 0, 0, 1, 0, 0, 0, 2, 1, 0, 0, 0, 0, 0, 0, 2, 1, 0, 0, 0, 4, 0, 0, 0, 0, 1, 1, 0, 1, 2, 1, 0, 0, 0, 0, 0, 0, 0, 0, 0, 2, 1, 0, 0, 0]","[96565, 128305, 153456, 158465, 83137, 173834, 107031, 76770, 141426, 39011]",10,"[4.0, 5.0, 5.0, 4.0, 4.0, 4.0, 4.0, 3.0, 5.0, 5.0]",10
8520,"[10, 0, 0, 5, 2, 0, 0, 0, 0, 6, 0, 0, 0, 0, 0, 0, 4, 0, 0, 0, 1, 2, 0, 0, 0, 0, 1, 1, 4, 0, 0, 0, 0, 7, 0, 1, 3, 0, 2, 0, 0, 3, 4, 3, 0, 0, 2, 0, 0, 0, 0, 0, 0, 1, 0, 2, 0, 2]","[36686, 166812, 16965, 31635, 40594, 10279, 136523, 5258, 115883, 109747, 168605, 32718, 13461, 148736, 96342, 174930, 68422, 91101, 72288, 24547, 72253, 54189]",22,"[5.0, 5.0, 4.0, 5.0, 3.0, 5.0, 5.0, 4.0, 4.0, 5.0, 5.0, 5.0, 5.0, 0.0, 4.0, 5.0, 5.0, 0.0, 5.0, 5.0, 2.0, 3.0]",22
5867,"[2, 0, 0, 1, 3, 0, 0, 0, 0, 0, 0, 2, 0, 0, 0, 0, 1, 0, 0, 0, 0, 0, 0, 0, 0, 0, 0, 0, 2, 0, 0, 0, 0, 3, 0, 1, 1, 0, 1, 0, 0, 0, 2, 0, 0, 0, 1, 1, 0, 1, 0, 0, 0, 0, 0, 0, 0, 1]","[115090, 167211, 5916, 130923, 80187, 44484]",6,"[5.0, 5.0, 5.0, 5.0, 5.0, 5.0]",6
2961,"[47, 0, 0, 12, 25, 0, 0, 3, 0, 31, 4, 2, 0, 0, 2, 0, 19, 0, 0, 7, 5, 0, 0, 0, 1, 0, 0, 2, 20, 4, 0, 0, 0, 26, 0, 4, 9, 4, 5, 0, 0, 2, 18, 8, 4, 1, 13, 3, 0, 2, 0, 1, 0, 5, 1, 4, 3, 10]","[34215, 138392, 40198, 1828, 45950, 12685, 108882, 25355, 66402, 154985, 15076, 122073, 66013, 49401, 174980, 51440, 62482, 3300, 110512, 93616, 97465, 163549, 126782, 164347, 169750, 46216, 92350, 147765, 58687, 125669, 105877, 129192, 109738, 135071, 115241, 129149, 19812, 66758, 154106, 157808, 130596, 120664, 63445, 169888, 82560, 54644, 87394, 61523, 80668, 73340, 19271, 21617, 164596, 53173, 35378, 3792, 36456, 76662, 74837, 12400, 56905, 136503, 39915, 154342, 73163, 43775, 48287, 167458, 144947, 79606, 114891, 56058, 99338, 120683, 59130, 174010, 121922, 28259, 95430, 62594, 116390, 58418, 48236, 91233, 53884, 119351, 166441, 48154, 84699, 135961, 33459, 1169, 34236]",93,"[4.0, 5.0, 4.0, 5.0, 5.0, 4.0, 4.0, 5.0, 5.0, 5.0, 5.0, 4.0, 5.0, 4.0, 5.0, 4.0, 4.0, 5.0, 5.0, 5.0, 5.0, 4.0, 5.0, 5.0, 4.0, 5.0, 4.0, 5.0, 4.0, 5.0, 5.0, 4.0, 5.0, 5.0, 4.0, 4.0, 5.0, 5.0, 3.0, 4.0, 4.0, 5.0, 5.0, 5.0, 5.0, 5.0, 5.0, 4.0, 4.0, 4.0, 5.0, 5.0, 5.0, 5.0, 5.0, 5.0, 5.0, 4.0, 5.0, 4.0, 5.0, 5.0, 4.0, 4.0, 5.0, 4.0, 4.0, 4.0, 5.0, 4.0, 5.0, 4.0, 5.0, 5.0, 5.0, 5.0, 5.0, 4.0, 5.0, 5.0, 5.0, 5.0, 5.0, 4.0, 5.0, 5.0, 3.0, 5.0, 4.0, 5.0, 5.0, 5.0, 5.0]",93
13767,"[3, 0, 0, 4, 3, 0, 0, 0, 0, 6, 0, 0, 0, 0, 0, 0, 0, 0, 0, 0, 0, 1, 0, 0, 0, 0, 0, 1, 1, 0, 0, 0, 0, 4, 0, 1, 0, 0, 3, 0, 0, 1, 2, 3, 0, 0, 0, 0, 0, 1, 0, 0, 0, 1, 0, 0, 0, 2]","[16525, 36155, 56425, 97975, 66593, 127000, 166358]",7,"[4.0, 5.0, 5.0, 4.0, 5.0, 5.0, 5.0]",7
405,"[45, 0, 0, 21, 16, 0, 0, 2, 1, 40, 3, 4, 0, 1, 0, 0, 16, 0, 0, 4, 9, 5, 0, 3, 0, 0, 0, 5, 24, 14, 0, 1, 0, 25, 0, 1, 14, 2, 6, 0, 1, 5, 6, 15, 1, 1, 15, 0, 0, 4, 1, 2, 0, 5, 5, 8, 6, 6]","[50731, 60615, 104966, 129087, 104090, 15864, 27876, 79243, 148046, 156318, 16039, 87857, 158496, 41438, 69461, 52805, 26701, 31547, 93794, 21273, 49911, 171528, 43837, 58677, 152828, 102594, 110516, 69526, 52966, 73810, 169876, 172163, 19516, 150094, 117160, 81220, 78240, 47680, 112564, 121029, 68663, 23263, 102279, 56188, 56135, 42566, 6838, 23587, 51617, 156, 11076, 99918, 89409, 122869, 125886, 75102, 164321, 133607, 88745, 96367, 136541, 10025, 136123, 130416, 104686, 28441, 110532, 177852, 82657, 97240, 172814, 139240, 3708, 63659, 104477, 11152, 106527, 94891, 143710, 168825, 7260, 86642, 71422, 35079, 98451, 163936, 58358, 92607, 41792, 103556, 161211, 153992, 150987, 151616, 88230, 125138, 94394, 37929, 81214, 18554, 111492, 57192, 44136, 54512, 149894, 54100, 166263, 52407, 46244, 62678, 11015]",111,"[0.0, 4.0, 4.0, 5.0, 0.0, 5.0, 0.0, 2.0, 5.0, 5.0, 0.0, 0.0, 0.0, 0.0, 5.0, 5.0, 0.0, 5.0, 5.0, 5.0, 5.0, 0.0, 0.0, 4.0, 0.0, 0.0, 5.0, 4.0, 5.0, 5.0, 5.0, 5.0, 5.0, 0.0, 5.0, 0.0, 5.0, 5.0, 5.0, 5.0, 0.0, 0.0, 0.0, 5.0, 0.0, 5.0, 1.0, 0.0, 5.0, 5.0, 5.0, 5.0, 5.0, 5.0, 0.0, 0.0, 5.0, 5.0, 5.0, 5.0, 5.0, 5.0, 5.0, 0.0, 0.0, 0.0, 5.0, 4.0, 5.0, 5.0, 5.0, 5.0, 3.0, 4.0, 0.0, 5.0, 2.0, 5.0, 4.0, 5.0, 5.0, 5.0, 5.0, 5.0, 0.0, 5.0, 4.0, 4.0, 5.0, 0.0, 5.0, 0.0, 5.0, 5.0, 0.0, 0.0, 5.0, 0.0, 5.0, 0.0, 5.0, 0.0, 5.0, 5.0, 4.0, 0.0, 5.0, 5.0, 0.0, 5.0, 5.0]",111
18392,"[14, 0, 0, 4, 9, 0, 0, 0, 0, 9, 0, 1, 0, 0, 0, 0, 5, 0, 0, 2, 5, 1, 0, 1, 0, 0, 1, 1, 9, 2, 0, 1, 0, 10, 1, 0, 4, 0, 0, 0, 0, 0, 2, 4, 0, 0, 4, 0, 0, 0, 0, 0, 0, 3, 1, 2, 4, 3]","[105485, 104408, 154900, 134414, 107241, 82100, 136026, 80236, 97877, 110183, 106968, 105305, 93239, 27225, 25688, 145616, 104636, 31800, 135687, 57240, 29263, 168671, 47465, 62248, 115830, 106529, 78355, 111541, 138112, 67079, 102577]",31,"[4.0, 4.0, 4.0, 3.0, 4.0, 3.0, 4.0, 4.0, 4.0, 4.0, 4.0, 3.0, 4.0, 4.0, 5.0, 4.0, 5.0, 5.0, 5.0, 4.0, 4.0, 5.0, 5.0, 4.0, 4.0, 3.0, 5.0, 5.0, 4.0, 5.0, 5.0]",31
1820,"[1, 0, 0, 1, 4, 0, 0, 0, 0, 5, 0, 2, 0, 0, 0, 0, 3, 0, 0, 0, 6, 0, 0, 1, 0, 0, 1, 3, 1, 0, 0, 0, 0, 1, 0, 0, 1, 1, 1, 0, 0, 0, 4, 4, 0, 0, 0, 2, 0, 0, 0, 0, 0, 0, 0, 3, 0, 2]","[163950, 62766, 146064, 41593, 70385, 173970, 83845, 124414, 78753, 66430, 699, 24994, 4043, 169158, 51713]",15,"[4.0, 4.0, 4.0, 3.0, 5.0, 4.0, 5.0, 4.0, 5.0, 5.0, 5.0, 5.0, 5.0, 4.0, 5.0]",15
1426,"[53, 3, 0, 21, 17, 0, 0, 3, 0, 36, 4, 1, 0, 0, 3, 0, 13, 0, 0, 5, 5, 4, 0, 8, 1, 0, 4, 4, 13, 2, 0, 0, 0, 15, 0, 0, 14, 10, 5, 0, 0, 7, 12, 14, 0, 0, 11, 0, 0, 0, 2, 3, 0, 4, 5, 9, 5, 10]","[161906, 104640, 22497, 168579, 125637, 15059, 110179, 100730, 99787, 142953, 49677, 86465, 136623, 131902, 1815, 132682, 144602, 40067, 38452, 100525, 131886, 62774, 154342, 126272, 65810, 9434, 44605, 134610, 97372, 75291, 56508, 55912, 82121, 51784, 102166, 124473, 125669, 77073, 148434, 92959, 42297, 90709, 60350, 64026, 116216, 66615, 37224, 79171, 84514, 148503, 136109, 128233, 132751, 59527, 47149, 89925, 85104, 152229, 46532, 149730, 97506, 122130, 27749, 130652, 61460, 13565, 169138, 95629, 112300, 143199, 537, 104670, 62854, 84431, 19879, 107113, 37450, 147948, 65060, 131447, 155112, 136724, 31366, 136195, 104913, 24233, 89315, 61734, 71738, 120557, 122452, 14846, 80148, 45833, 23035, 23711, 135961, 59755, 166949, 170725, 49637, 111925]",102,"[5.0, 5.0, 5.0, 5.0, 5.0, 5.0, 3.0, 0.0, 4.0, 5.0, 5.0, 5.0, 5.0, 5.0, 5.0, 5.0, 5.0, 5.0, 5.0, 5.0, 5.0, 5.0, 5.0, 5.0, 5.0, 5.0, 5.0, 5.0, 0.0, 5.0, 3.0, 5.0, 5.0, 5.0, 5.0, 5.0, 5.0, 5.0, 5.0, 5.0, 5.0, 4.0, 5.0, 5.0, 5.0, 0.0, 5.0, 5.0, 5.0, 5.0, 5.0, 5.0, 5.0, 5.0, 5.0, 5.0, 5.0, 5.0, 5.0, 5.0, 5.0, 5.0, 5.0, 5.0, 5.0, 5.0, 5.0, 5.0, 5.0, 5.0, 5.0, 4.0, 5.0, 5.0, 5.0, 5.0, 5.0, 0.0, 5.0, 5.0, 5.0, 5.0, 5.0, 5.0, 5.0, 5.0, 5.0, 3.0, 5.0, 5.0, 5.0, 5.0, 5.0, 5.0, 5.0, 5.0, 5.0, 5.0, 5.0, 5.0, 5.0, 5.0]",102
12856,"[12, 0, 0, 5, 6, 0, 0, 0, 1, 6, 2, 1, 1, 0, 3, 0, 6, 0, 0, 1, 4, 3, 0, 2, 0, 0, 4, 0, 4, 0, 0, 1, 0, 10, 0, 3, 7, 1, 2, 0, 0, 1, 5, 3, 0, 0, 2, 0, 0, 0, 0, 1, 0, 0, 1, 8, 0, 4]","[93000, 134982, 135763, 38320, 158177, 53176, 126983, 136867, 44235, 130009, 127179, 12310, 122085, 55115, 98183, 97611, 18669, 103359, 141279, 124408, 131992, 119349, 48567, 107887, 56301, 11113, 44815, 130270, 42408, 109122, 58852]",31,"[0.0, 5.0, 0.0, 4.0, 5.0, 5.0, 4.0, 5.0, 5.0, 3.0, 5.0, 5.0, 5.0, 5.0, 2.0, 5.0, 5.0, 5.0, 5.0, 0.0, 2.0, 4.0, 3.0, 5.0, 1.0, 5.0, 0.0, 4.0, 5.0, 5.0, 4.0]",31
20054,"[2, 0, 0, 0, 1, 0, 0, 0, 0, 1, 1, 0, 0, 0, 0, 0, 1, 1, 0, 1, 1, 0, 0, 0, 0, 0, 0, 0, 2, 2, 0, 1, 0, 2, 0, 0, 0, 2, 0, 0, 0, 0, 3, 1, 0, 0, 0, 0, 0, 0, 0, 0, 0, 0, 2, 1, 0, 1]","[99787, 33872, 163193, 33240, 37101, 147374, 55953]",7,"[3.0, 4.0, 4.0, 5.0, 5.0, 5.0, 5.0]",7
8039,"[13, 0, 0, 3, 2, 0, 0, 1, 0, 11, 1, 0, 0, 1, 0, 0, 0, 0, 0, 0, 1, 2, 0, 2, 0, 0, 0, 0, 7, 0, 0, 0, 0, 7, 0, 0, 1, 0, 3, 0, 0, 0, 3, 5, 0, 2, 2, 0, 0, 0, 0, 0, 0, 0, 1, 3, 0, 1]","[68803, 10227, 129174, 142774, 11831, 41436, 119352, 58338, 63178, 83370, 147615, 109176, 14854, 23680, 154801, 4817, 164095, 45723, 164450, 93964, 98126]",21,"[5.0, 4.0, 5.0, 5.0, 4.0, 5.0, 5.0, 5.0, 5.0, 5.0, 5.0, 5.0, 5.0, 5.0, 5.0, 5.0, 5.0, 5.0, 5.0, 5.0, 5.0]",21
10771,"[5, 0, 0, 0, 0, 0, 0, 0, 0, 2, 0, 0, 0, 0, 0, 0, 2, 0, 0, 0, 0, 0, 0, 0, 1, 0, 0, 1, 0, 0, 0, 0, 0, 2, 0, 0, 0, 0, 0, 0, 0, 0, 0, 1, 0, 0, 1, 0, 0, 0, 0, 1, 0, 1, 0, 0, 0, 0]","[7926, 147317, 158588, 86272, 93546, 75058]",6,"[5.0, 4.0, 5.0, 5.0, 5.0, 5.0]",6
7832,"[7, 0, 0, 0, 4, 0, 0, 0, 0, 8, 4, 1, 0, 0, 0, 0, 4, 0, 0, 6, 1, 0, 0, 4, 0, 0, 0, 2, 1, 1, 0, 0, 0, 4, 0, 0, 3, 0, 2, 0, 0, 0, 2, 4, 0, 0, 2, 0, 0, 0, 0, 0, 0, 2, 0, 0, 0, 3]","[53200, 17839, 36970, 4654, 23025, 164087, 116414, 41142, 55545, 15180, 171895, 91799, 86104, 85382, 156373, 79499, 127506, 112594, 55772, 98934, 37063]",21,"[5.0, 5.0, 5.0, 4.0, 5.0, 4.0, 4.0, 3.0, 5.0, 5.0, 5.0, 5.0, 5.0, 5.0, 5.0, 5.0, 3.0, 5.0, 5.0, 5.0, 5.0]",21
740,"[2, 0, 0, 5, 4, 0, 0, 0, 0, 6, 0, 1, 0, 0, 0, 0, 1, 0, 0, 1, 2, 1, 1, 2, 0, 0, 0, 0, 2, 1, 0, 0, 0, 6, 0, 2, 3, 0, 0, 0, 0, 0, 5, 0, 0, 0, 2, 0, 0, 0, 0, 0, 0, 2, 0, 0, 2, 1]","[159628, 178167, 81036, 2949, 47184, 6982, 96709, 265, 25678, 73872, 138737, 12813, 161201, 143016, 142183, 87775, 147374]",17,"[5.0, 5.0, 0.0, 5.0, 5.0, 5.0, 5.0, 5.0, 5.0, 5.0, 5.0, 5.0, 1.0, 5.0, 5.0, 5.0, 5.0]",17
8753,"[5, 0, 0, 2, 1, 0, 0, 0, 0, 3, 0, 0, 0, 0, 0, 0, 2, 0, 0, 0, 0, 0, 0, 0, 0, 0, 0, 1, 1, 0, 0, 0, 0, 2, 0, 1, 2, 1, 0, 0, 0, 0, 0, 1, 0, 0, 0, 1, 0, 0, 0, 0, 0, 0, 0, 1, 0, 2]","[131276, 5529, 78620, 54986, 123160, 42042, 98004, 8049, 56425]",9,"[5.0, 4.0, 5.0, 5.0, 5.0, 5.0, 5.0, 5.0, 5.0]",9
14196,"[6, 0, 0, 2, 1, 0, 0, 1, 0, 4, 0, 0, 0, 0, 0, 0, 0, 0, 0, 0, 0, 0, 0, 1, 0, 0, 0, 0, 1, 0, 0, 0, 0, 3, 0, 0, 1, 3, 1, 0, 0, 0, 1, 0, 0, 0, 1, 0, 0, 0, 0, 0, 1, 1, 0, 0, 1, 1]","[101961, 151953, 19634, 140366, 51263, 28650, 72414, 9651]",8,"[5.0, 5.0, 5.0, 5.0, 5.0, 5.0, 5.0, 5.0]",8
7871,"[2, 0, 0, 2, 1, 0, 0, 0, 0, 1, 0, 0, 0, 0, 0, 0, 1, 0, 0, 1, 0, 0, 0, 0, 0, 0, 0, 0, 1, 0, 0, 0, 0, 2, 0, 0, 0, 0, 1, 0, 0, 1, 3, 2, 0, 0, 1, 0, 0, 0, 0, 0, 0, 1, 0, 2, 0, 1]","[153638, 4701, 93888, 53780, 124503, 164596]",6,"[5.0, 5.0, 5.0, 5.0, 5.0, 5.0]",6
1614,"[3, 0, 0, 0, 2, 0, 0, 0, 0, 1, 2, 0, 0, 0, 0, 0, 1, 0, 0, 1, 1, 0, 0, 0, 0, 0, 0, 2, 2, 1, 0, 0, 0, 3, 0, 0, 1, 1, 0, 0, 0, 2, 1, 0, 0, 0, 0, 0, 0, 0, 0, 0, 0, 2, 1, 1, 2, 1]","[27161, 54613, 637, 141468, 33864, 45084, 104729, 46003, 743]",9,"[5.0, 2.0, 5.0, 5.0, 5.0, 0.0, 5.0, 5.0, 5.0]",9
14231,"[6, 0, 0, 7, 5, 0, 0, 0, 0, 8, 0, 0, 0, 0, 0, 0, 2, 0, 0, 1, 1, 1, 0, 0, 0, 0, 0, 0, 1, 0, 0, 0, 0, 4, 0, 0, 2, 0, 3, 0, 0, 1, 6, 5, 0, 0, 3, 0, 0, 2, 0, 0, 0, 2, 2, 2, 1, 2]","[38335, 149629, 142772, 132776, 174587, 25300, 51088, 45374, 103272, 136279, 68663, 40838, 37047, 13565, 147180, 29473, 42913, 84705, 70796, 106310]",20,"[5.0, 5.0, 4.0, 4.0, 5.0, 4.0, 2.0, 5.0, 4.0, 5.0, 5.0, 5.0, 4.0, 4.0, 5.0, 4.0, 5.0, 4.0, 4.0, 5.0]",20
6364,"[25, 0, 0, 15, 14, 0, 0, 1, 1, 17, 1, 1, 0, 0, 0, 0, 14, 0, 0, 2, 6, 1, 0, 0, 2, 0, 3, 3, 8, 1, 0, 1, 0, 17, 0, 1, 7, 2, 1, 0, 0, 2, 6, 7, 0, 0, 6, 1, 0, 2, 1, 0, 0, 5, 0, 7, 2, 5]","[97716, 61366, 144284, 113588, 11466, 89924, 49752, 128551, 126391, 95918, 151839, 16844, 135961, 134432, 73843, 4410, 60036, 41819, 47680, 140051, 61019, 117899, 135825, 40574, 71738, 99787, 66164, 111899, 4790, 45188, 125615, 164499, 175176, 11814, 118496, 100133, 37217, 68150, 154916, 23291, 110608, 109481, 3300, 97975, 9325, 46841, 163625, 91920, 50129, 141087, 79996, 158478, 56425]",53,"[5.0, 5.0, 5.0, 5.0, 5.0, 5.0, 5.0, 2.0, 5.0, 5.0, 5.0, 5.0, 5.0, 5.0, 5.0, 5.0, 5.0, 5.0, 5.0, 4.0, 5.0, 5.0, 5.0, 5.0, 5.0, 5.0, 5.0, 5.0, 5.0, 5.0, 5.0, 5.0, 5.0, 5.0, 5.0, 5.0, 5.0, 5.0, 5.0, 5.0, 5.0, 5.0, 5.0, 5.0, 1.0, 5.0, 5.0, 5.0, 5.0, 5.0, 5.0, 5.0, 5.0]",53
2040,"[17, 1, 0, 8, 7, 0, 0, 1, 0, 17, 1, 1, 0, 0, 0, 0, 5, 0, 0, 1, 3, 0, 0, 2, 1, 0, 0, 2, 1, 2, 0, 1, 0, 13, 0, 1, 4, 1, 2, 0, 0, 2, 2, 2, 0, 0, 2, 0, 0, 1, 0, 2, 0, 3, 1, 5, 0, 6]","[40288, 130012, 88248, 151770, 156562, 105288, 118418, 62660, 90038, 123567, 55545, 173261, 8060, 59004, 52537, 46142, 144172, 743, 145695, 154943, 163625, 983, 49986, 47112, 93862, 56058, 147374, 13083, 19297, 65724, 113128, 172092, 107622, 76886, 157740, 55905, 133093, 68033]",38,"[5.0, 0.0, 0.0, 4.0, 5.0, 5.0, 5.0, 5.0, 4.0, 5.0, 3.0, 4.0, 5.0, 5.0, 3.0, 5.0, 4.0, 4.0, 5.0, 4.0, 4.0, 3.0, 5.0, 0.0, 5.0, 0.0, 5.0, 0.0, 5.0, 5.0, 4.0, 5.0, 0.0, 3.0, 5.0, 5.0, 0.0, 3.0]",38
13489,"[3, 0, 0, 1, 1, 0, 0, 0, 0, 2, 0, 0, 0, 0, 0, 0, 1, 0, 0, 1, 0, 0, 0, 0, 0, 0, 0, 0, 2, 0, 0, 0, 0, 2, 0, 1, 1, 1, 1, 0, 0, 0, 2, 0, 1, 0, 2, 0, 0, 0, 0, 0, 0, 0, 0, 0, 1, 1]","[108161, 45573, 12139, 151526, 150138, 106785, 51263, 108522]",8,"[5.0, 5.0, 5.0, 5.0, 5.0, 5.0, 5.0, 5.0]",8
21191,"[2, 0, 0, 1, 1, 0, 0, 0, 0, 5, 0, 1, 0, 0, 0, 0, 1, 0, 0, 0, 0, 0, 0, 1, 0, 0, 0, 0, 2, 0, 0, 0, 0, 4, 0, 0, 3, 0, 1, 0, 0, 0, 2, 2, 0, 0, 0, 1, 0, 0, 0, 0, 0, 0, 0, 1, 0, 0]","[106975, 122779, 60898, 113698, 133590, 177548, 46512, 41722, 82067]",9,"[3.0, 3.0, 5.0, 4.0, 5.0, 4.0, 4.0, 4.0, 5.0]",9
2142,"[6, 0, 0, 1, 4, 0, 0, 0, 0, 1, 0, 1, 0, 0, 0, 0, 2, 0, 0, 2, 0, 1, 0, 0, 0, 0, 0, 0, 4, 0, 0, 0, 0, 3, 0, 0, 0, 3, 1, 0, 0, 3, 6, 1, 0, 0, 0, 0, 0, 1, 1, 0, 0, 2, 0, 2, 0, 2]","[97737, 150638, 9325, 54190, 73910, 57713, 166135, 164596, 132075, 55636, 803, 98739, 125871]",13,"[4.0, 5.0, 4.0, 3.0, 5.0, 5.0, 5.0, 5.0, 5.0, 5.0, 5.0, 4.0, 5.0]",13
11054,"[3, 0, 0, 2, 4, 0, 0, 1, 0, 2, 0, 0, 0, 0, 1, 0, 2, 0, 0, 0, 0, 0, 0, 1, 0, 0, 0, 0, 1, 1, 0, 0, 0, 4, 0, 0, 0, 0, 0, 0, 0, 0, 0, 0, 0, 0, 1, 0, 0, 1, 0, 0, 0, 0, 1, 1, 2, 1]","[63436, 149792, 99063, 57150, 16332, 125077, 166077, 88401, 171095, 8270]",10,"[3.0, 3.0, 0.0, 4.0, 1.0, 2.0, 4.0, 5.0, 5.0, 5.0]",10
14288,"[3, 0, 0, 0, 2, 1, 0, 0, 0, 0, 1, 0, 0, 0, 0, 0, 2, 0, 0, 0, 0, 0, 0, 0, 0, 0, 0, 0, 1, 0, 0, 0, 0, 0, 0, 0, 0, 1, 0, 0, 0, 0, 0, 1, 0, 0, 1, 0, 0, 0, 0, 1, 0, 2, 0, 2, 1, 0]","[98505, 91587, 160469, 100795, 151712, 13670]",6,"[3.0, 5.0, 5.0, 4.0, 5.0, 4.0]",6
5763,"[5, 0, 1, 4, 2, 0, 0, 0, 0, 5, 0, 0, 0, 0, 0, 0, 1, 0, 0, 0, 0, 0, 0, 0, 0, 0, 0, 0, 0, 0, 0, 0, 0, 1, 0, 0, 1, 0, 2, 0, 0, 1, 1, 3, 0, 0, 1, 0, 0, 0, 0, 0, 0, 3, 0, 1, 0, 1]","[103272, 35144, 143197, 8641, 32036, 176754, 88145, 105885, 2848, 88859]",10,"[5.0, 3.0, 5.0, 3.0, 5.0, 4.0, 5.0, 5.0, 3.0, 5.0]",10
15615,"[6, 0, 0, 3, 3, 0, 0, 1, 0, 6, 1, 0, 0, 0, 0, 0, 2, 0, 0, 0, 0, 1, 0, 2, 1, 0, 1, 0, 2, 0, 0, 0, 0, 4, 0, 0, 2, 0, 0, 0, 0, 0, 3, 1, 0, 0, 2, 0, 0, 0, 0, 0, 0, 1, 0, 2, 0, 2]","[96302, 22277, 82138, 147374, 47335, 170817, 120746, 72072, 59331, 153655, 37047, 158076, 16362, 51111, 87426, 134319, 75699]",17,"[4.0, 4.0, 5.0, 5.0, 4.0, 5.0, 5.0, 5.0, 5.0, 4.0, 4.0, 4.0, 0.0, 5.0, 5.0, 5.0, 5.0]",17
8920,"[11, 0, 0, 3, 2, 0, 0, 0, 1, 10, 0, 1, 0, 0, 0, 0, 7, 0, 0, 1, 3, 0, 0, 4, 0, 0, 1, 3, 10, 1, 0, 3, 0, 7, 0, 0, 2, 1, 1, 0, 0, 1, 1, 3, 0, 0, 1, 0, 0, 0, 0, 0, 0, 3, 2, 2, 3, 2]","[128143, 37867, 46366, 44314, 106015, 20431, 5702, 23523, 13416, 128192, 73406, 104998, 90029, 13367, 73876, 36575, 75591, 87424, 118661, 65759, 103175, 142561, 143947, 23876, 35358, 113525, 153121]",27,"[5.0, 5.0, 5.0, 5.0, 5.0, 5.0, 5.0, 5.0, 5.0, 5.0, 5.0, 5.0, 5.0, 5.0, 3.0, 5.0, 5.0, 5.0, 5.0, 5.0, 2.0, 5.0, 5.0, 5.0, 5.0, 5.0, 5.0]",27
19309,"[5, 0, 0, 2, 1, 0, 0, 0, 0, 3, 3, 0, 0, 0, 0, 0, 3, 0, 0, 0, 1, 2, 0, 0, 0, 0, 0, 0, 1, 1, 0, 0, 0, 2, 0, 0, 0, 1, 0, 0, 0, 0, 3, 1, 0, 0, 1, 0, 0, 0, 0, 0, 0, 0, 0, 1, 0, 0]","[99787, 30066, 172621, 34297, 39906, 174298, 119956, 169524, 89113, 29067]",10,"[0.0, 5.0, 0.0, 5.0, 5.0, 4.0, 5.0, 2.0, 0.0, 5.0]",10
5504,"[4, 0, 0, 1, 4, 0, 0, 0, 0, 2, 0, 0, 0, 0, 0, 0, 1, 0, 0, 0, 1, 0, 0, 0, 0, 0, 0, 0, 2, 0, 0, 0, 0, 4, 0, 1, 0, 0, 1, 0, 0, 0, 2, 1, 1, 0, 0, 0, 0, 0, 0, 0, 0, 0, 0, 0, 0, 1]","[2671, 143210, 46490, 27835, 100269, 19812, 157749]",7,"[5.0, 5.0, 0.0, 0.0, 0.0, 0.0, 0.0]",7
8764,"[2, 0, 0, 1, 2, 0, 0, 0, 0, 1, 0, 0, 0, 0, 0, 0, 0, 0, 0, 1, 0, 0, 0, 0, 0, 0, 0, 0, 1, 1, 0, 0, 0, 0, 0, 0, 2, 0, 0, 0, 0, 0, 1, 0, 0, 0, 1, 1, 0, 0, 0, 0, 0, 1, 0, 0, 0, 1]","[73888, 5529, 65630, 160684, 161692, 77548]",6,"[0.0, 4.0, 3.0, 4.0, 5.0, 5.0]",6
22143,"[6, 0, 0, 1, 0, 0, 0, 0, 0, 3, 0, 1, 0, 0, 0, 0, 2, 0, 0, 0, 0, 0, 0, 0, 0, 0, 0, 0, 2, 0, 0, 0, 0, 3, 0, 0, 2, 0, 0, 0, 0, 1, 1, 0, 0, 0, 0, 0, 0, 0, 0, 0, 0, 0, 0, 0, 0, 0]","[61309, 45241, 44652, 157257, 107212, 89113, 120310, 110941, 71774]",9,"[5.0, 5.0, 5.0, 4.0, 5.0, 5.0, 5.0, 5.0, 5.0]",9
3072,"[15, 0, 0, 5, 7, 0, 0, 0, 0, 12, 1, 0, 0, 0, 0, 0, 6, 0, 0, 4, 9, 2, 0, 1, 2, 0, 1, 0, 5, 0, 0, 0, 0, 7, 0, 0, 5, 1, 3, 0, 0, 2, 5, 7, 1, 0, 3, 0, 0, 0, 0, 0, 0, 3, 0, 1, 2, 3]","[82202, 169868, 65334, 172057, 120310, 118352, 154257, 14666, 121419, 117899, 23291, 1224, 27835, 35516, 51497, 178034, 126864, 37225, 7585, 46796, 53353, 157769, 10489, 69585, 79996, 8480, 82100, 15076, 26288, 152073, 47019, 10394, 48226, 171950, 19812, 121494]",36,"[5.0, 5.0, 5.0, 5.0, 5.0, 5.0, 5.0, 5.0, 5.0, 5.0, 5.0, 5.0, 5.0, 5.0, 5.0, 1.0, 5.0, 5.0, 0.0, 5.0, 5.0, 5.0, 4.0, 5.0, 5.0, 5.0, 5.0, 5.0, 1.0, 5.0, 5.0, 5.0, 5.0, 4.0, 5.0, 5.0]",36
2931,"[1, 0, 0, 1, 7, 0, 0, 0, 0, 4, 0, 0, 0, 0, 0, 0, 5, 0, 0, 0, 0, 0, 0, 0, 0, 0, 1, 0, 1, 0, 0, 1, 0, 5, 0, 0, 1, 2, 1, 0, 0, 1, 4, 0, 0, 0, 0, 0, 0, 0, 0, 1, 0, 1, 1, 1, 0, 1]","[29728, 1150, 178244, 36794, 45933, 2671, 100646, 141636, 41216, 38122, 87929]",11,"[5.0, 5.0, 5.0, 5.0, 4.0, 5.0, 5.0, 5.0, 5.0, 5.0, 5.0]",11
11803,"[11, 1, 0, 3, 7, 0, 0, 0, 0, 7, 1, 1, 0, 0, 0, 0, 7, 0, 0, 3, 0, 1, 1, 0, 0, 0, 1, 1, 5, 1, 0, 1, 0, 7, 0, 0, 1, 0, 0, 0, 0, 2, 8, 7, 0, 1, 4, 0, 0, 0, 1, 0, 0, 2, 1, 2, 0, 2]","[67856, 89924, 95726, 62794, 154689, 15173, 107806, 174437, 101819, 174298, 45833, 174552, 167753, 126965, 53780, 56358, 11908, 9325, 130357, 62031, 147374, 46519, 92497]",23,"[5.0, 4.0, 5.0, 5.0, 5.0, 5.0, 5.0, 5.0, 5.0, 4.0, 5.0, 5.0, 5.0, 5.0, 2.0, 5.0, 5.0, 4.0, 5.0, 5.0, 5.0, 4.0, 4.0]",23
2424,"[12, 1, 0, 8, 4, 0, 1, 2, 0, 11, 3, 1, 0, 0, 1, 0, 5, 0, 0, 1, 8, 0, 2, 2, 4, 0, 3, 2, 5, 0, 0, 0, 0, 5, 0, 0, 6, 3, 6, 0, 0, 1, 6, 7, 0, 1, 6, 1, 0, 1, 0, 0, 0, 3, 2, 0, 0, 2]","[43209, 158875, 126849, 131704, 36090, 174552, 38516, 128464, 87535, 27073, 172037, 85063, 11669, 66643, 922, 50183, 1714, 36919, 97415, 93562, 175568, 110485, 14774, 110185, 8209, 46490, 55105, 19085, 78900, 174638, 24869, 112406, 10118, 88192, 136119, 78960, 146312, 164685, 53910, 172308]",40,"[5.0, 5.0, 5.0, 5.0, 5.0, 5.0, 4.0, 2.0, 5.0, 5.0, 5.0, 5.0, 5.0, 4.0, 5.0, 5.0, 5.0, 5.0, 5.0, 5.0, 5.0, 5.0, 5.0, 5.0, 5.0, 5.0, 5.0, 5.0, 5.0, 5.0, 5.0, 5.0, 5.0, 0.0, 5.0, 5.0, 5.0, 5.0, 5.0, 5.0]",40
19907,"[8, 0, 0, 3, 7, 0, 0, 0, 0, 4, 0, 0, 0, 0, 0, 0, 5, 0, 0, 1, 0, 0, 0, 0, 0, 0, 0, 0, 4, 1, 0, 0, 0, 10, 0, 1, 3, 0, 1, 0, 0, 2, 3, 1, 0, 0, 0, 1, 0, 1, 0, 0, 0, 3, 0, 2, 2, 3]","[112413, 31894, 80260, 112656, 92352, 35748, 158843, 44898, 37615, 79449, 159630, 47778, 158478, 76869, 100868, 176312, 157448]",17,"[5.0, 5.0, 0.0, 5.0, 4.0, 4.0, 4.0, 0.0, 5.0, 0.0, 3.0, 4.0, 4.0, 0.0, 5.0, 4.0, 3.0]",17
5994,"[4, 0, 0, 0, 1, 0, 0, 0, 0, 2, 1, 0, 0, 0, 0, 0, 0, 0, 0, 0, 0, 0, 0, 0, 0, 0, 0, 0, 1, 0, 0, 0, 0, 3, 0, 0, 0, 0, 4, 0, 0, 1, 1, 2, 1, 0, 0, 0, 0, 0, 0, 0, 0, 0, 0, 1, 0, 0]","[28558, 44610, 149227, 115099, 156643, 3036, 153639, 20829]",8,"[5.0, 5.0, 5.0, 5.0, 0.0, 4.0, 5.0, 4.0]",8
12591,"[9, 0, 0, 3, 8, 0, 0, 1, 0, 15, 0, 0, 0, 0, 0, 0, 4, 0, 0, 0, 0, 0, 0, 1, 0, 0, 1, 3, 4, 1, 0, 0, 0, 3, 0, 0, 2, 0, 2, 0, 1, 0, 5, 2, 0, 0, 2, 0, 0, 0, 0, 0, 0, 1, 0, 0, 2, 1]","[173101, 18508, 17781, 142828, 131950, 172364, 176310, 77363, 134120, 71807, 37359, 103924, 124691, 117477, 61081, 107968, 89924, 101200, 75869, 28891, 10638, 177109]",22,"[5.0, 5.0, 5.0, 5.0, 4.0, 5.0, 5.0, 5.0, 5.0, 5.0, 5.0, 5.0, 5.0, 5.0, 5.0, 0.0, 0.0, 5.0, 5.0, 5.0, 5.0, 5.0]",22
516,"[97, 6, 0, 55, 82, 0, 0, 13, 1, 121, 4, 8, 1, 1, 6, 0, 46, 0, 0, 10, 38, 8, 1, 34, 1, 0, 17, 12, 31, 4, 0, 1, 0, 75, 0, 14, 29, 18, 44, 0, 0, 6, 72, 61, 3, 3, 27, 2, 0, 16, 1, 6, 0, 20, 9, 59, 4, 30]","[41251, 707, 140249, 97738, 147615, 114037, 93422, 54421, 82316, 76927, 167260, 24002, 43903, 19297, 37047, 11925, 128010, 106484, 130387, 116769, 154454, 129214, 90160, 154562, 108032, 162214, 125669, 55545, 153638, 61366, 82964, 65584, 177496, 95186, 126752, 111043, 118356, 24615, 169579, 36155, 111614, 134610, 81788, 105529, 36657, 8177, 37022, 35746, 174299, 29074, 160241, 51508, 22448, 137326, 113987, 43201, 113394, 81876, 161661, 9472, 168456, 171977, 150027, 161211, 154349, 126786, 153929, 7227, 128929, 100802, 87230, 109573, 97937, 61753, 175878, 85537, 118627, 160162, 12266, 122186, 133251, 49588, 59556, 21908, 61836, 155689, 128209, 136871, 116983, 62006, 86519, 59968, 70938, 155647, 51200, 44386, 97285, 26324, 172312, 155564, 117483, 11544, 3505, 76377, 135345, 100502, 34732, 161433, 38535, 117687, 48043, 163831, 155329, 85160, 175022, 44367, 6773, 171213, 173481, 25400, 74837, 57566, 5711, 40804, 156855, 69613, 131145, 76442, 149985, 69097, 170130, 10938, 93382, 104598, 152845, 97384, 86859, 165331, 34868, 177253, 161336, 145808, 81049, 134236, 53667, 3827, 93964, 23461, 131655, 118433, 157811, 21597, 3810, 71470, 6910, 43057, 113698, 37740, 176335, 124836, 75883, 64686, 22650, 6583, 41778, 39145, 176340, 156117, 56501, 39626, 46699, 142346, 10901, 119062, 87802, 193, 56515, 33864, 92504, 126472, 151250, 20757, 110917, 52505, 73724, 23186, 67895, 54623, 125580, 106177, 41994, 104759, 34938, 173158, 118826, 103369, 18513, 50265, 160491, 131055, 159801, 54837, 69579, 149428, 80557, 23547, 54089, 52278, 4396, 12142, 142951, 91060, 110079, 144458, 156115, 156577, 79864, 120300, 39229, 144140, 28248, 113467, 177378, 23673, 4468, 118206, 79123, 87599, 121707, 28688, 142494, 24869, 149427, 98945, 176262, 177961, 16813, 95573, 143270, 104459, 91299, 29423, 132314, 83969, 8807, 18630, 39225, 71784, 29746, 127080, 39362, 52640, 68117, 1827, 57435, 41691, 58817, 106014, 60931, 153178, 63488, 125080, 16945, 51205, 72643, 105560, 25853, 134051, 138869, 66175, 110843, 115442, 151610, 84045, 164352, 84901, 41863, 117138, 7497, 106697, 162362, 78684, 171271, 79091, 36669, 81091, 146888, 66593, 94726, 132262, 51932, 32625, 152911, 3723, 95442, 92910, 171408, 87872, 117827, 726, 167031, 31863, 132826, 170036, 144829, 150703, 34741, 31886, 126780, 62422, 164675, 152494, 93694, 156278, 93847, 71011, 157763, 113616, 124811, 107812, 164882, 126204, 141078, 104958, 314, 68092, 1667, 39460, 8583]",329,"[5.0, 4.0, 5.0, 5.0, 5.0, 5.0, 5.0, 5.0, 5.0, 5.0, 5.0, 5.0, 4.0, 5.0, 5.0, 4.0, 5.0, 5.0, 5.0, 5.0, 3.0, 4.0, 4.0, 5.0, 5.0, 4.0, 5.0, 5.0, 5.0, 5.0, 5.0, 5.0, 5.0, 5.0, 4.0, 5.0, 5.0, 4.0, 5.0, 5.0, 4.0, 4.0, 4.0, 4.0, 5.0, 5.0, 4.0, 5.0, 5.0, 5.0, 4.0, 5.0, 5.0, 5.0, 5.0, 5.0, 4.0, 4.0, 5.0, 5.0, 5.0, 5.0, 5.0, 5.0, 5.0, 5.0, 4.0, 5.0, 5.0, 5.0, 5.0, 5.0, 5.0, 5.0, 5.0, 3.0, 5.0, 4.0, 5.0, 5.0, 5.0, 4.0, 4.0, 5.0, 5.0, 4.0, 5.0, 5.0, 5.0, 5.0, 5.0, 4.0, 5.0, 4.0, 5.0, 5.0, 3.0, 5.0, 5.0, 5.0, 4.0, 3.0, 5.0, 5.0, 5.0, 5.0, 5.0, 5.0, 5.0, 5.0, 4.0, 5.0, 4.0, 5.0, 5.0, 5.0, 5.0, 4.0, 5.0, 3.0, 5.0, 5.0, 4.0, 4.0, 5.0, 5.0, 4.0, 4.0, 4.0, 4.0, 5.0, 5.0, 5.0, 5.0, 5.0, 5.0, 4.0, 5.0, 5.0, 3.0, 4.0, 5.0, 4.0, 3.0, 5.0, 4.0, 5.0, 5.0, 4.0, 5.0, 5.0, 4.0, 4.0, 5.0, 5.0, 5.0, 5.0, 5.0, 5.0, 5.0, 3.0, 5.0, 5.0, 5.0, 5.0, 5.0, 4.0, 4.0, 4.0, 4.0, 5.0, 5.0, 5.0, 5.0, 5.0, 5.0, 5.0, 5.0, 5.0, 5.0, 5.0, 4.0, 4.0, 5.0, 5.0, 5.0, 4.0, 5.0, 4.0, 5.0, 5.0, 5.0, 5.0, 5.0, 4.0, 5.0, 5.0, 5.0, 4.0, 5.0, 4.0, 4.0, 5.0, 5.0, 5.0, 5.0, 5.0, 4.0, 5.0, 5.0, 5.0, 5.0, 5.0, 5.0, 4.0, 4.0, 5.0, 5.0, 4.0, 4.0, 5.0, 5.0, 5.0, 4.0, 3.0, 5.0, 5.0, 3.0, 5.0, 5.0, 5.0, 5.0, 5.0, 5.0, 5.0, 5.0, 5.0, 4.0, 4.0, 4.0, 4.0, 5.0, 5.0, 4.0, 4.0, 3.0, 5.0, 5.0, 5.0, 5.0, 4.0, 4.0, 5.0, 5.0, 4.0, 5.0, 5.0, 4.0, 5.0, 5.0, 4.0, 5.0, 5.0, 5.0, 4.0, 5.0, 4.0, 5.0, 5.0, 5.0, 5.0, 3.0, 5.0, 5.0, 5.0, 5.0, 5.0, 5.0, 5.0, 5.0, 5.0, 5.0, 5.0, 5.0, 5.0, 5.0, 4.0, 5.0, 4.0, 4.0, 5.0, 5.0, 5.0, 3.0, 5.0, 5.0, 5.0, 4.0, 5.0, 4.0, 5.0, 5.0, 5.0, 4.0, 5.0, 4.0, 5.0, 5.0, 4.0, 5.0, 5.0, 5.0, 5.0, 5.0, 5.0, 5.0, 4.0, 5.0, 5.0, 5.0, 5.0, 5.0, 5.0, 5.0, 4.0, 5.0, 5.0, 5.0, 5.0]",329
16342,"[3, 0, 0, 0, 2, 0, 0, 0, 0, 3, 1, 1, 0, 0, 0, 0, 3, 0, 0, 0, 0, 0, 0, 1, 0, 0, 0, 0, 2, 1, 0, 0, 0, 2, 0, 0, 1, 0, 0, 0, 0, 0, 3, 2, 0, 0, 0, 0, 0, 0, 0, 0, 0, 1, 0, 0, 1, 1]","[45744, 137623, 117402, 18142, 166135, 53421, 171328, 64598, 59002, 109766]",10,"[4.0, 0.0, 0.0, 5.0, 5.0, 5.0, 5.0, 5.0, 5.0, 5.0]",10
1903,"[11, 0, 0, 1, 3, 0, 0, 0, 1, 1, 0, 0, 0, 0, 1, 0, 2, 0, 0, 1, 2, 0, 0, 2, 0, 0, 2, 2, 2, 0, 0, 0, 0, 4, 0, 0, 0, 1, 2, 0, 0, 3, 3, 2, 0, 1, 3, 0, 0, 0, 0, 1, 0, 1, 0, 3, 1, 0]","[90568, 168399, 140620, 42621, 105954, 103590, 164131, 80236, 30125, 21342, 14739, 708, 93985, 48237, 45241]",15,"[4.0, 4.0, 4.0, 5.0, 5.0, 5.0, 5.0, 5.0, 4.0, 5.0, 5.0, 5.0, 5.0, 5.0, 5.0]",15
5140,"[4, 0, 0, 2, 1, 0, 0, 0, 0, 2, 1, 0, 0, 0, 0, 0, 0, 0, 0, 1, 0, 0, 0, 0, 2, 0, 0, 0, 1, 0, 0, 0, 0, 2, 0, 0, 0, 0, 0, 0, 0, 0, 0, 1, 0, 0, 1, 0, 0, 0, 0, 0, 0, 1, 0, 1, 0, 1]","[168167, 72072, 2342, 15775, 140087, 132360]",6,"[4.0, 5.0, 5.0, 5.0, 5.0, 5.0]",6
19667,"[4, 0, 0, 1, 0, 0, 0, 0, 0, 3, 0, 0, 0, 0, 0, 0, 0, 0, 0, 0, 1, 0, 2, 1, 0, 0, 0, 0, 0, 1, 0, 0, 0, 3, 0, 0, 1, 0, 0, 0, 0, 0, 1, 0, 0, 0, 2, 0, 0, 0, 0, 0, 0, 0, 0, 0, 0, 0]","[44477, 82798, 117514, 148114, 161201, 72439, 120327]",7,"[5.0, 5.0, 5.0, 2.0, 5.0, 5.0, 5.0]",7
798,"[14, 0, 0, 1, 4, 0, 0, 0, 0, 6, 2, 1, 0, 0, 1, 0, 5, 0, 0, 1, 1, 0, 0, 0, 0, 0, 0, 0, 7, 0, 0, 0, 0, 9, 0, 1, 0, 1, 2, 0, 0, 3, 4, 6, 0, 0, 2, 0, 0, 1, 0, 0, 0, 0, 0, 1, 0, 1]","[148958, 134610, 68803, 154689, 34674, 27894, 29161, 26767, 117899, 41472, 48329, 267, 113241, 82841, 112095, 32114, 17839, 12318, 89997, 9372]",20,"[5.0, 5.0, 5.0, 5.0, 5.0, 5.0, 5.0, 5.0, 5.0, 5.0, 5.0, 5.0, 5.0, 5.0, 5.0, 5.0, 5.0, 5.0, 5.0, 5.0]",20
15898,"[4, 1, 0, 0, 0, 0, 0, 0, 0, 2, 0, 1, 0, 0, 0, 0, 1, 0, 0, 0, 2, 0, 0, 0, 0, 0, 0, 3, 3, 0, 0, 0, 0, 1, 0, 1, 0, 0, 4, 0, 0, 0, 0, 5, 1, 0, 1, 0, 0, 0, 0, 0, 0, 0, 1, 1, 0, 0]","[57979, 55346, 164646, 134148, 67257, 147511, 133295, 16935, 147187]",9,"[5.0, 0.0, 5.0, 5.0, 5.0, 5.0, 5.0, 3.0, 5.0]",9
41,"[182, 4, 1, 85, 79, 2, 1, 18, 3, 126, 5, 11, 3, 1, 4, 0, 45, 0, 0, 7, 27, 14, 5, 22, 16, 0, 7, 15, 77, 12, 1, 2, 1, 77, 0, 18, 57, 27, 34, 1, 0, 14, 63, 48, 5, 1, 52, 4, 0, 9, 2, 9, 0, 28, 10, 47, 11, 33]","[14022, 168448, 160613, 40827, 46021, 115241, 37348, 59121, 52779, 169661, 126658, 61662, 7225, 23503, 84649, 22104, 53582, 31674, 159747, 126052, 73131, 23749, 8029, 39308, 24835, 50710, 127884, 164582, 91731, 41857, 16392, 41242, 65482, 174831, 53760, 19654, 34847, 25290, 31768, 170006, 21493, 85063, 18126, 92044, 25602, 147507, 169698, 129876, 72841, 153041, 135761, 35391, 151557, 153564, 81694, 38031, 74646, 8902, 20109, 41871, 176481, 124234, 105074, 93727, 19856, 46696, 1131, 155736, 120799, 106356, 24592, 84096, 66789, 14873, 65803, 65345, 8359, 36798, 119751, 18684, 148012, 77832, 120905, 131024, 105851, 14, 62200, 99634, 17255, 115109, 97290, 140575, 87529, 99137, 73956, 7722, 36794, 142777, 144575, 97942, 2342, 39032, 76208, 145765, 97173, 91375, 164417, 84036, 171943, 151513, 176901, 149428, 11763, 101264, 102662, 52579, 147060, 130596, 137283, 71578, 21273, 69627, 176565, 130618, 21258, 66554, 54964, 19794, 42729, 43103, 117410, 110083, 77620, 19316, 101819, 41282, 86852, 141665, 28794, 150412, 117514, 164402, 147645, 148075, 11626, 165618, 83275, 31827, 138433, 151311, 157959, 81138, 172881, 37450, 122204, 68893, 36523, 26013, 132918, 97738, 155440, 143218, 98825, 46699, 83650, 75489, 90427, 53713, 18497, 86991, 106990, 90949, 167945, 88399, 154851, 153938, 56555, 93605, 96404, 11405, 82067, 12696, 135573, 29141, 163030, 63836, 142531, 6392, 19904, 12584, 112913, 127080, 11055, 17240, 71669, 125207, 175396, 176360, 55886, 161402, 135145, 10085, 60210, 125324, 41666, 160109, 19607, 163410, 3593, 14508, 72955, 8041, 66294, 94713, 145618, 82444, 12856, 24629, 75846, 147742, 87802, 100930, 908, 5360, 129488, 22625, 1293, 61103, 168117, 100654, 105071, 118444, 74419, 154539, 138435, 40062, 68338, 56123, 113992, 141220, 156091, 148114, 152435, 98839, 55771, 161791, 29773, 104630, 92217, 145060, 83573, 89996, 59955, 139189, 118268, 71071, 138801, 53508, 17067, 103884, 128981, 62203, 29338, 29010, 157063, 168258, 151465, 135961, 79996, 2663, 34410, 4177, 13453, 111200, 142877, 129142, 127762, 61005, 10949, 21213, 46490, 113937, 122368, 11115, 1194, 90536, 149783, 173730, 152128, 35703, 156365, 107724, 4967, 33065, 4722, 15627, 103826, 125296, 123123, 104561, 8862, 122779, 167431, 91656, 95276, 55266, 167409, 62986, 135041, 117946, 10623, 100387, 156352, 97448, 127847, 28353, 3392, 113936, 170097, 31411, 131785, 136163, 30432, 176543, 20923, 20606, 164087, 74360, 16284, 45824, 64455, 164131, 48914, 43863, 19634, 79409, 154981, 117899, 36503, 30125, 45573, 154742, 108032, 86061, 52261, 66747, 167228, 143166, 168469, 171187, 157749, 91587, 121137, 94800, 119308, 63159, 129885, 72463, 168457, 124662, 62363, 69937, 106202, 140141, 994, 9677, 145359, 113987, 43767, 19022, 110556, 53462, 139071, 68560, 52953, 104684, 37047, 19183, 127000, 35312, 175176, 157978, 144458, 38973, 8523, 77703, 47149, 5977, 29576, 142208, 56077, 130591, 118418, 29257, 142627, 108170, 97918, 66608, 145525, 134573, 128510, 157113, 67679, 25176, 1022, 133206, 9771, 155102, 81909, 134553]",410,"[4.0, 5.0, 4.0, 4.0, 4.0, 5.0, 5.0, 4.0, 5.0, 5.0, 3.0, 5.0, 5.0, 4.0, 5.0, 5.0, 5.0, 5.0, 0.0, 5.0, 5.0, 5.0, 5.0, 5.0, 5.0, 5.0, 5.0, 5.0, 5.0, 5.0, 4.0, 5.0, 5.0, 5.0, 5.0, 5.0, 5.0, 5.0, 5.0, 5.0, 5.0, 5.0, 5.0, 5.0, 5.0, 4.0, 0.0, 5.0, 5.0, 5.0, 5.0, 5.0, 5.0, 5.0, 5.0, 5.0, 0.0, 5.0, 5.0, 5.0, 5.0, 5.0, 4.0, 5.0, 5.0, 5.0, 5.0, 5.0, 5.0, 5.0, 5.0, 5.0, 5.0, 5.0, 5.0, 5.0, 5.0, 2.0, 3.0, 5.0, 5.0, 5.0, 5.0, 5.0, 5.0, 5.0, 5.0, 5.0, 5.0, 5.0, 5.0, 5.0, 5.0, 5.0, 5.0, 0.0, 5.0, 5.0, 5.0, 0.0, 5.0, 5.0, 4.0, 5.0, 5.0, 4.0, 5.0, 4.0, 5.0, 4.0, 1.0, 5.0, 5.0, 4.0, 4.0, 5.0, 5.0, 5.0, 4.0, 4.0, 5.0, 5.0, 5.0, 5.0, 5.0, 4.0, 5.0, 5.0, 5.0, 5.0, 4.0, 5.0, 5.0, 5.0, 5.0, 5.0, 5.0, 5.0, 5.0, 5.0, 5.0, 5.0, 5.0, 5.0, 5.0, 5.0, 5.0, 5.0, 5.0, 5.0, 5.0, 5.0, 5.0, 5.0, 5.0, 5.0, 5.0, 5.0, 5.0, 5.0, 0.0, 5.0, 3.0, 5.0, 5.0, 5.0, 5.0, 5.0, 5.0, 5.0, 5.0, 5.0, 5.0, 5.0, 5.0, 5.0, 5.0, 5.0, 5.0, 5.0, 5.0, 5.0, 4.0, 5.0, 5.0, 5.0, 5.0, 5.0, 5.0, 5.0, 5.0, 5.0, 5.0, 5.0, 5.0, 5.0, 5.0, 5.0, 5.0, 5.0, 5.0, 5.0, 5.0, 5.0, 5.0, 5.0, 5.0, 5.0, 5.0, 5.0, 5.0, 5.0, 5.0, 5.0, 4.0, 5.0, 5.0, 5.0, 5.0, 5.0, 5.0, 5.0, 5.0, 5.0, 5.0, 5.0, 5.0, 5.0, 5.0, 5.0, 5.0, 5.0, 5.0, 5.0, 5.0, 5.0, 5.0, 5.0, 4.0, 5.0, 5.0, 2.0, 5.0, 5.0, 5.0, 5.0, 5.0, 5.0, 5.0, 5.0, 5.0, 5.0, 5.0, 4.0, 5.0, 5.0, 5.0, 5.0, 5.0, 5.0, 5.0, 5.0, 5.0, 5.0, 5.0, 5.0, 5.0, 5.0, 5.0, 5.0, 5.0, 5.0, 5.0, 5.0, 5.0, 5.0, 5.0, 5.0, 5.0, 4.0, 5.0, 5.0, 5.0, 5.0, 5.0, 5.0, 5.0, 4.0, 5.0, 5.0, 5.0, 5.0, 4.0, 5.0, 5.0, 5.0, 5.0, 5.0, 5.0, 5.0, 5.0, 5.0, 5.0, 5.0, 5.0, 5.0, 5.0, 5.0, 5.0, 5.0, 5.0, 5.0, 5.0, 3.0, 5.0, 5.0, 5.0, 4.0, 5.0, 5.0, 5.0, 5.0, 5.0, 3.0, 3.0, 5.0, 4.0, 3.0, 5.0, 5.0, 5.0, 0.0, 5.0, 5.0, 5.0, 0.0, 5.0, 5.0, 5.0, 5.0, 5.0, 5.0, 5.0, 5.0, 5.0, 5.0, 5.0, 5.0, 5.0, 5.0, 5.0, 4.0, 4.0, 5.0, 5.0, 5.0, 5.0, 5.0, 3.0, 5.0, 5.0, 5.0, 5.0, 5.0, 5.0, 5.0, 5.0, 5.0, 5.0, 5.0, 5.0, 5.0, 5.0, 5.0, 5.0, 5.0, 5.0, 5.0, 5.0, 4.0, 5.0, 5.0, 5.0, 5.0, 5.0, 5.0, 5.0, 5.0, 5.0, 5.0, 5.0, 4.0, 5.0, 5.0, 5.0, 5.0, 5.0, 4.0, 5.0, 5.0, 2.0, 5.0, 5.0, 5.0, 5.0, 4.0, 5.0, 0.0, 5.0, 5.0]",410
17614,"[2, 0, 0, 0, 1, 0, 0, 1, 1, 6, 1, 0, 0, 0, 1, 0, 3, 0, 0, 0, 1, 0, 0, 0, 0, 0, 0, 1, 2, 0, 0, 0, 0, 3, 0, 0, 1, 2, 1, 0, 0, 0, 5, 3, 2, 1, 1, 0, 0, 0, 0, 0, 0, 0, 1, 0, 0, 0]","[46522, 63809, 66209, 75930, 27504, 31719, 49882, 108587, 58068, 151590, 115352, 146684, 139664]",13,"[5.0, 0.0, 5.0, 5.0, 5.0, 5.0, 5.0, 5.0, 5.0, 5.0, 5.0, 5.0, 5.0]",13
3818,"[3, 0, 0, 1, 2, 0, 0, 0, 0, 3, 0, 0, 0, 0, 0, 0, 1, 0, 0, 0, 0, 0, 0, 0, 0, 0, 0, 0, 3, 2, 0, 0, 0, 2, 0, 0, 0, 0, 2, 0, 0, 0, 1, 2, 0, 0, 2, 0, 0, 0, 0, 0, 0, 1, 0, 1, 0, 0]","[92529, 109508, 107375, 45824, 118259, 27243, 41115, 1646]",8,"[5.0, 5.0, 5.0, 5.0, 5.0, 5.0, 5.0, 5.0]",8
8096,"[15, 0, 0, 9, 5, 0, 0, 0, 0, 8, 0, 1, 0, 0, 2, 0, 5, 0, 0, 2, 0, 0, 0, 0, 0, 0, 0, 1, 9, 3, 0, 0, 0, 15, 0, 0, 2, 0, 3, 0, 1, 1, 6, 6, 0, 1, 5, 0, 0, 0, 0, 7, 0, 1, 0, 1, 0, 0]","[161237, 105376, 82187, 14505, 120865, 46172, 56539, 24991, 57938, 76243, 165343, 59127, 22076, 7933, 19420, 2949, 34260, 33613, 117899, 4859, 154720, 177328, 17700, 11718, 12031, 65406, 138819, 156873, 63209, 155995, 53582, 91779, 56425]",33,"[5.0, 3.0, 5.0, 5.0, 3.0, 5.0, 2.0, 4.0, 4.0, 4.0, 5.0, 4.0, 4.0, 4.0, 4.0, 5.0, 4.0, 4.0, 4.0, 5.0, 4.0, 5.0, 5.0, 5.0, 4.0, 3.0, 4.0, 4.0, 5.0, 4.0, 0.0, 4.0, 5.0]",33
7553,"[6, 0, 0, 1, 3, 0, 0, 1, 0, 2, 0, 1, 0, 0, 0, 0, 3, 0, 0, 0, 2, 0, 0, 2, 0, 0, 0, 0, 1, 0, 0, 0, 0, 2, 0, 0, 0, 1, 1, 0, 0, 0, 2, 4, 0, 1, 0, 0, 0, 1, 0, 0, 0, 0, 0, 0, 0, 0]","[31395, 157397, 133959, 101819, 141528, 13083, 19634, 44210, 166867, 39961, 9677]",11,"[5.0, 5.0, 5.0, 5.0, 1.0, 5.0, 5.0, 5.0, 5.0, 5.0, 5.0]",11
1612,"[2, 1, 0, 4, 9, 0, 0, 1, 0, 6, 3, 0, 0, 0, 1, 0, 7, 0, 0, 1, 3, 0, 0, 1, 0, 0, 0, 3, 6, 0, 0, 0, 1, 8, 0, 0, 1, 3, 2, 0, 0, 0, 13, 10, 5, 0, 3, 0, 0, 0, 0, 1, 0, 2, 2, 6, 0, 2]","[47715, 63071, 57981, 110022, 24728, 148455, 94126, 113172, 102495, 45573, 139054, 119351, 157959, 119390, 91249, 168214, 51027, 107555, 637, 10536, 110713, 117687, 148061, 122219, 41666, 5007, 54978, 36516, 74228, 63069, 39145, 151461, 82004, 126458, 147344, 105094, 149647, 56856, 30390, 175886, 116126, 20785]",42,"[5.0, 5.0, 5.0, 5.0, 4.0, 5.0, 4.0, 5.0, 0.0, 5.0, 5.0, 5.0, 5.0, 4.0, 5.0, 5.0, 5.0, 5.0, 5.0, 5.0, 4.0, 5.0, 4.0, 4.0, 5.0, 5.0, 4.0, 4.0, 5.0, 5.0, 5.0, 4.0, 5.0, 5.0, 5.0, 5.0, 5.0, 5.0, 4.0, 4.0, 5.0, 5.0]",42
7112,"[37, 0, 0, 10, 13, 0, 0, 3, 0, 22, 0, 0, 0, 0, 2, 0, 3, 0, 0, 6, 5, 2, 0, 2, 2, 0, 0, 2, 14, 1, 0, 0, 0, 11, 0, 1, 10, 2, 5, 0, 0, 1, 6, 5, 0, 0, 10, 0, 0, 1, 0, 1, 1, 6, 2, 0, 3, 6]","[34487, 10859, 67794, 33278, 132591, 46093, 7404, 46117, 172451, 76555, 141324, 63970, 116376, 39829, 31072, 102211, 18333, 85409, 132251, 157143, 63314, 111298, 147507, 141842, 83584, 83574, 4026, 67049, 166212, 79475, 27935, 83376, 157491, 15398, 19658, 24556, 32937, 135961, 174298, 89178, 13367, 61519, 94216, 98308, 114480, 45824, 57115, 172130, 76163, 56996, 96429, 9203, 6486, 39572, 53970, 112787, 120411, 84434]",58,"[5.0, 4.0, 5.0, 5.0, 5.0, 5.0, 5.0, 5.0, 5.0, 5.0, 5.0, 2.0, 5.0, 5.0, 4.0, 5.0, 4.0, 5.0, 3.0, 5.0, 5.0, 5.0, 5.0, 5.0, 5.0, 5.0, 5.0, 4.0, 5.0, 3.0, 5.0, 5.0, 4.0, 4.0, 4.0, 5.0, 5.0, 0.0, 2.0, 4.0, 5.0, 5.0, 5.0, 5.0, 5.0, 5.0, 5.0, 4.0, 5.0, 5.0, 2.0, 5.0, 5.0, 5.0, 5.0, 5.0, 2.0, 5.0]",58
4748,"[37, 0, 0, 7, 13, 0, 0, 0, 0, 20, 2, 2, 0, 0, 2, 0, 7, 0, 0, 3, 4, 2, 0, 1, 3, 0, 0, 3, 13, 2, 0, 1, 0, 23, 0, 0, 0, 2, 2, 0, 0, 1, 6, 9, 1, 0, 5, 1, 0, 0, 0, 1, 0, 4, 3, 2, 3, 2]","[165053, 27749, 75244, 83505, 56425, 152670, 88706, 28705, 49523, 4748, 3175, 118013, 85160, 120221, 6569, 142979, 35645, 174850, 123491, 45391, 113937, 78028, 22809, 143117, 98857, 135961, 46490, 129248, 56960, 129109, 161211, 13104, 32722, 67049, 90446, 60247, 95158, 41622, 108686, 41999, 51961, 118080, 2281, 89409, 38394, 111136, 90709, 25757, 147507, 82100, 26560, 170457, 125637, 98797, 54613, 44093, 108243, 106449, 173688, 19297, 121942, 31666, 946, 158194]",64,"[5.0, 5.0, 5.0, 1.0, 5.0, 5.0, 5.0, 5.0, 5.0, 5.0, 4.0, 5.0, 5.0, 5.0, 5.0, 4.0, 4.0, 5.0, 4.0, 5.0, 4.0, 5.0, 0.0, 4.0, 5.0, 5.0, 5.0, 4.0, 5.0, 5.0, 5.0, 5.0, 5.0, 5.0, 5.0, 5.0, 5.0, 5.0, 4.0, 5.0, 5.0, 5.0, 5.0, 4.0, 5.0, 5.0, 5.0, 5.0, 5.0, 5.0, 4.0, 4.0, 5.0, 5.0, 4.0, 4.0, 5.0, 5.0, 5.0, 5.0, 5.0, 5.0, 5.0, 5.0]",64
691,"[3, 0, 0, 1, 0, 0, 0, 0, 0, 3, 1, 0, 0, 0, 0, 0, 0, 0, 0, 0, 0, 0, 0, 0, 0, 0, 0, 0, 1, 0, 0, 0, 0, 0, 0, 0, 1, 0, 0, 0, 0, 0, 0, 0, 0, 0, 0, 0, 0, 1, 0, 0, 0, 0, 0, 0, 0, 1]","[34884, 3459, 98162, 241, 61969, 15059]",6,"[5.0, 4.0, 5.0, 3.0, 5.0, 5.0]",6
8067,"[3, 0, 0, 0, 1, 0, 0, 1, 0, 4, 0, 0, 0, 0, 0, 0, 1, 0, 0, 1, 0, 0, 0, 0, 0, 0, 0, 0, 1, 0, 0, 0, 0, 0, 0, 0, 2, 1, 1, 0, 0, 1, 3, 1, 0, 0, 0, 0, 0, 0, 0, 0, 0, 1, 1, 1, 0, 0]","[71904, 60036, 38699, 90902, 139950, 32511, 4827]",7,"[5.0, 4.0, 5.0, 4.0, 5.0, 4.0, 4.0]",7
8403,"[9, 2, 0, 2, 7, 0, 0, 1, 0, 5, 1, 0, 0, 0, 0, 0, 4, 0, 0, 0, 4, 0, 1, 3, 0, 0, 0, 1, 5, 2, 0, 1, 0, 5, 0, 0, 1, 1, 1, 0, 0, 0, 5, 5, 0, 1, 0, 0, 0, 0, 0, 0, 0, 1, 0, 1, 0, 0]","[22912, 100133, 77225, 143345, 77550, 15965, 82067, 65788, 115655, 1984, 109747, 85254, 143385, 79130, 176716, 152497, 136693, 163544, 123250, 141694, 68865]",21,"[2.0, 4.0, 4.0, 4.0, 5.0, 3.0, 2.0, 5.0, 5.0, 0.0, 0.0, 4.0, 4.0, 0.0, 5.0, 5.0, 5.0, 3.0, 3.0, 3.0, 4.0]",21
1869,"[5, 0, 0, 2, 2, 0, 0, 0, 0, 4, 0, 0, 0, 0, 1, 0, 3, 0, 0, 0, 0, 2, 0, 0, 1, 0, 0, 0, 1, 0, 0, 0, 0, 1, 0, 0, 0, 2, 2, 0, 0, 1, 2, 1, 0, 0, 3, 0, 0, 0, 0, 0, 0, 0, 0, 1, 0, 0]","[9865, 93956, 32977, 1080, 78651, 50899, 159987, 145738, 39308, 79316, 125296, 723, 33608]",13,"[0.0, 0.0, 5.0, 5.0, 5.0, 5.0, 5.0, 5.0, 5.0, 5.0, 5.0, 5.0, 5.0]",13
2001,"[19, 0, 0, 4, 6, 0, 0, 1, 0, 16, 0, 1, 0, 0, 0, 0, 6, 0, 0, 1, 4, 0, 0, 1, 0, 0, 2, 1, 9, 0, 0, 0, 0, 16, 0, 0, 2, 0, 1, 0, 0, 0, 4, 8, 0, 0, 2, 0, 0, 1, 0, 0, 0, 4, 0, 6, 1, 6]","[73809, 162365, 28868, 165216, 143944, 89801, 80222, 167612, 56849, 19485, 107836, 120659, 8177, 107102, 19561, 743, 154683, 161402, 58685, 91776, 112498, 127080, 38340, 138384, 60026, 6791, 170817, 97465, 21257, 109069, 48143, 14774, 32234, 154481, 105376, 155867, 25023]",37,"[5.0, 5.0, 5.0, 5.0, 5.0, 5.0, 5.0, 5.0, 5.0, 5.0, 5.0, 5.0, 5.0, 5.0, 5.0, 5.0, 5.0, 5.0, 5.0, 5.0, 5.0, 5.0, 5.0, 5.0, 5.0, 5.0, 5.0, 5.0, 5.0, 5.0, 5.0, 5.0, 5.0, 5.0, 5.0, 5.0, 5.0]",37
22408,"[2, 0, 0, 3, 2, 0, 0, 0, 0, 3, 1, 0, 0, 0, 0, 0, 1, 0, 0, 0, 1, 1, 0, 0, 0, 0, 0, 0, 1, 0, 0, 0, 0, 2, 0, 1, 0, 0, 0, 0, 0, 0, 1, 1, 0, 0, 3, 1, 0, 0, 0, 0, 0, 1, 0, 0, 1, 1]","[47209, 129505, 49031, 157605, 57101, 48542]",6,"[3.0, 5.0, 5.0, 5.0, 5.0, 5.0]",6
10301,"[7, 1, 0, 1, 4, 0, 0, 1, 0, 6, 1, 1, 0, 0, 0, 0, 3, 0, 0, 2, 2, 0, 0, 0, 1, 0, 1, 2, 1, 0, 0, 0, 0, 7, 0, 0, 2, 1, 0, 0, 0, 2, 3, 1, 0, 0, 2, 1, 0, 1, 0, 1, 0, 2, 0, 3, 0, 1]","[11814, 19297, 117899, 129778, 97738, 143166, 126204, 111032, 170732, 134808, 165421, 37359, 101121, 62794, 34603, 134452, 15775]",17,"[3.0, 5.0, 5.0, 5.0, 5.0, 5.0, 5.0, 5.0, 5.0, 5.0, 5.0, 5.0, 5.0, 5.0, 5.0, 4.0, 5.0]",17
19985,"[5, 0, 0, 1, 3, 0, 0, 1, 0, 1, 1, 0, 0, 0, 1, 0, 2, 0, 0, 1, 0, 0, 0, 2, 0, 0, 0, 1, 3, 1, 0, 0, 0, 6, 0, 0, 1, 1, 2, 0, 0, 1, 4, 3, 0, 0, 0, 0, 0, 0, 0, 0, 0, 0, 0, 3, 0, 1]","[32114, 147374, 155752, 117899, 36484, 80760, 113961, 137796, 164596, 170097, 110718, 99787, 127083, 154920]",14,"[5.0, 5.0, 5.0, 5.0, 5.0, 1.0, 2.0, 5.0, 5.0, 5.0, 5.0, 4.0, 2.0, 1.0]",14
7646,"[4, 0, 0, 0, 1, 0, 0, 0, 0, 3, 0, 0, 0, 0, 0, 0, 2, 0, 0, 0, 0, 0, 0, 0, 0, 0, 0, 0, 2, 0, 0, 0, 0, 3, 0, 0, 1, 0, 1, 0, 0, 1, 1, 4, 0, 0, 0, 0, 0, 0, 1, 0, 0, 0, 0, 0, 0, 0]","[4449, 80928, 133467, 14854, 41144, 161667, 16435]",7,"[4.0, 4.0, 5.0, 5.0, 4.0, 4.0, 5.0]",7
21521,"[0, 0, 0, 0, 3, 0, 0, 0, 0, 5, 1, 1, 0, 0, 0, 0, 2, 0, 0, 0, 3, 0, 0, 0, 0, 0, 0, 0, 0, 0, 0, 0, 0, 3, 0, 0, 1, 0, 2, 0, 0, 0, 3, 3, 0, 0, 0, 0, 0, 2, 0, 0, 0, 2, 0, 2, 0, 0]","[111110, 86642, 144685, 39939, 60169, 174150, 138181, 123481]",8,"[3.0, 5.0, 5.0, 5.0, 5.0, 4.0, 5.0, 5.0]",8
5578,"[29, 1, 1, 12, 13, 0, 0, 1, 1, 29, 2, 0, 0, 0, 1, 0, 12, 0, 0, 3, 5, 1, 0, 2, 1, 0, 0, 1, 10, 0, 0, 1, 0, 10, 0, 2, 12, 1, 8, 0, 0, 3, 13, 8, 0, 0, 7, 0, 0, 1, 0, 0, 0, 6, 2, 8, 2, 4]","[14723, 3438, 35278, 48067, 175022, 132263, 53200, 131465, 90819, 75661, 37027, 28437, 75244, 114346, 3814, 28552, 109747, 129174, 68231, 165175, 48415, 85169, 107806, 161211, 81030, 93715, 17360, 33459, 116715, 163856, 16945, 154398, 65543, 68273, 96251, 25290, 81220, 2733, 173048, 6830, 5738, 75846, 90536, 151035, 108817, 111252, 146982, 72352, 13565, 15173, 113816, 110822, 121494, 150089, 159386, 17987, 95378, 19160, 125637, 144201, 62689, 34744, 77036, 93924, 150851, 59303, 103175, 17609, 55145, 12115, 53907, 64197]",72,"[5.0, 5.0, 5.0, 5.0, 5.0, 0.0, 5.0, 5.0, 5.0, 5.0, 5.0, 4.0, 5.0, 5.0, 5.0, 0.0, 5.0, 5.0, 5.0, 5.0, 5.0, 5.0, 5.0, 5.0, 5.0, 5.0, 5.0, 5.0, 5.0, 5.0, 5.0, 5.0, 5.0, 5.0, 5.0, 5.0, 5.0, 5.0, 5.0, 3.0, 5.0, 5.0, 4.0, 5.0, 5.0, 5.0, 5.0, 3.0, 3.0, 5.0, 5.0, 5.0, 5.0, 5.0, 4.0, 5.0, 5.0, 5.0, 5.0, 5.0, 5.0, 5.0, 5.0, 5.0, 5.0, 4.0, 5.0, 5.0, 5.0, 5.0, 1.0, 5.0]",72
16656,"[3, 0, 0, 0, 1, 0, 0, 0, 0, 3, 0, 1, 0, 0, 0, 0, 1, 0, 0, 0, 0, 0, 0, 0, 0, 0, 0, 0, 3, 0, 0, 0, 0, 3, 0, 0, 1, 0, 1, 0, 0, 0, 2, 1, 0, 0, 0, 0, 0, 0, 0, 0, 0, 1, 1, 0, 1, 1]","[51841, 161211, 110704, 106975, 19204, 66172, 147312]",7,"[5.0, 5.0, 0.0, 5.0, 4.0, 5.0, 5.0]",7
8393,"[4, 0, 0, 1, 1, 0, 0, 0, 0, 2, 1, 0, 0, 0, 0, 0, 0, 0, 0, 0, 0, 0, 1, 1, 0, 0, 0, 0, 2, 0, 0, 0, 0, 3, 0, 0, 0, 1, 0, 0, 0, 1, 2, 1, 0, 0, 2, 0, 0, 0, 0, 0, 0, 0, 0, 0, 0, 1]","[52114, 48842, 29518, 147374, 1984, 72580, 81021]",7,"[5.0, 5.0, 5.0, 5.0, 5.0, 5.0, 5.0]",7
3772,"[13, 0, 0, 2, 7, 0, 0, 0, 0, 9, 0, 0, 0, 0, 0, 0, 7, 0, 0, 1, 2, 1, 0, 1, 0, 0, 0, 4, 8, 0, 0, 0, 0, 10, 0, 0, 2, 2, 6, 0, 0, 1, 5, 3, 1, 0, 1, 0, 0, 1, 1, 1, 0, 2, 0, 3, 1, 1]","[10746, 5807, 164203, 103303, 86859, 1633, 153532, 101200, 64851, 32114, 14281, 37359, 135961, 60606, 172148, 7066, 143664, 109963, 50909, 151926, 169302, 29518, 10060, 176368, 143219, 151058, 151103, 75439]",28,"[4.0, 5.0, 0.0, 5.0, 5.0, 5.0, 5.0, 0.0, 5.0, 5.0, 5.0, 5.0, 0.0, 5.0, 5.0, 5.0, 5.0, 5.0, 5.0, 5.0, 5.0, 5.0, 5.0, 5.0, 5.0, 5.0, 5.0, 5.0]",28
2859,"[27, 1, 0, 9, 21, 0, 0, 0, 0, 23, 1, 2, 1, 0, 5, 0, 17, 0, 0, 2, 8, 2, 1, 3, 2, 0, 1, 4, 14, 3, 0, 1, 0, 24, 0, 2, 4, 1, 17, 1, 1, 6, 20, 21, 1, 0, 5, 2, 0, 3, 0, 1, 0, 9, 3, 7, 0, 8]","[90042, 45835, 60153, 118802, 72797, 120, 41827, 161741, 86870, 131714, 136340, 40126, 103201, 1740, 37444, 137213, 31351, 128854, 43089, 64172, 49143, 72878, 138509, 164596, 34121, 156876, 90113, 114173, 89985, 154689, 176819, 53352, 82544, 128374, 79476, 48218, 15268, 151192, 11810, 168699, 12938, 43013, 113632, 41237, 153444, 107460, 14231, 48338, 156947, 130736, 157946, 83147, 131419, 70438, 150124, 147111, 106540, 96470, 171328, 92960, 115624, 83686, 172883, 71694, 118824, 30095, 13662, 132549, 148839, 90859, 14364, 22730, 49883, 109572, 19905]",75,"[5.0, 5.0, 4.0, 5.0, 4.0, 4.0, 5.0, 5.0, 4.0, 5.0, 4.0, 4.0, 4.0, 4.0, 4.0, 5.0, 5.0, 4.0, 5.0, 4.0, 5.0, 5.0, 4.0, 5.0, 5.0, 4.0, 5.0, 5.0, 5.0, 5.0, 5.0, 5.0, 5.0, 5.0, 5.0, 4.0, 5.0, 5.0, 5.0, 5.0, 5.0, 5.0, 4.0, 5.0, 5.0, 5.0, 5.0, 5.0, 5.0, 5.0, 5.0, 5.0, 5.0, 4.0, 4.0, 5.0, 5.0, 4.0, 5.0, 5.0, 5.0, 5.0, 5.0, 5.0, 4.0, 5.0, 5.0, 5.0, 5.0, 5.0, 5.0, 5.0, 5.0, 5.0, 5.0]",75
13504,"[2, 0, 0, 1, 2, 0, 0, 0, 0, 2, 1, 0, 0, 0, 0, 0, 1, 0, 0, 0, 0, 0, 0, 0, 0, 0, 0, 0, 1, 1, 0, 0, 0, 1, 0, 1, 0, 0, 0, 0, 0, 0, 0, 0, 1, 0, 0, 1, 0, 0, 0, 0, 0, 0, 0, 1, 0, 2]","[12178, 58879, 89546, 99653, 88164, 66318]",6,"[5.0, 4.0, 5.0, 5.0, 5.0, 5.0]",6
19019,"[4, 0, 0, 1, 3, 0, 0, 0, 0, 4, 0, 0, 0, 0, 0, 0, 3, 0, 0, 0, 0, 1, 0, 1, 0, 0, 0, 0, 1, 0, 0, 0, 0, 7, 0, 1, 1, 1, 2, 0, 0, 0, 2, 0, 1, 0, 2, 0, 0, 0, 0, 1, 0, 2, 0, 2, 0, 3]","[98148, 160626, 27749, 117863, 153988, 88132, 158050, 102239, 52334, 114060, 64911]",11,"[4.0, 4.0, 5.0, 5.0, 5.0, 5.0, 5.0, 5.0, 0.0, 5.0, 5.0]",11
2874,"[6, 0, 0, 1, 3, 0, 0, 1, 0, 5, 1, 2, 0, 0, 1, 0, 1, 0, 0, 1, 0, 0, 0, 0, 0, 0, 0, 0, 2, 0, 0, 0, 0, 4, 0, 0, 2, 1, 0, 0, 0, 0, 4, 1, 0, 0, 4, 0, 0, 0, 0, 0, 0, 1, 0, 0, 0, 1]","[97738, 134696, 46186, 13851, 120183, 170048, 112815, 1097, 172169, 54549, 55666, 11046]",12,"[5.0, 5.0, 5.0, 5.0, 5.0, 5.0, 5.0, 5.0, 5.0, 5.0, 5.0, 5.0]",12
11457,"[3, 0, 0, 0, 1, 0, 0, 1, 0, 3, 0, 1, 0, 0, 0, 0, 2, 0, 0, 0, 0, 1, 0, 1, 0, 0, 0, 0, 2, 0, 0, 0, 0, 2, 0, 0, 0, 1, 1, 0, 0, 1, 0, 2, 1, 0, 0, 0, 0, 1, 0, 0, 0, 2, 1, 0, 1, 0]","[19634, 161211, 115836, 34287, 147180, 148455, 50909]",7,"[5.0, 0.0, 0.0, 0.0, 0.0, 0.0, 0.0]",7
19774,"[4, 0, 0, 1, 3, 0, 0, 0, 0, 5, 1, 1, 0, 0, 0, 0, 1, 0, 0, 0, 0, 1, 0, 1, 0, 0, 1, 0, 3, 1, 0, 0, 0, 1, 0, 0, 2, 0, 1, 0, 0, 0, 3, 1, 0, 0, 1, 0, 0, 1, 0, 0, 0, 2, 0, 2, 0, 1]","[73729, 80236, 127080, 37047, 50909, 28552, 91200, 54293, 80978, 56232, 130702, 70757]",12,"[5.0, 5.0, 5.0, 5.0, 5.0, 5.0, 5.0, 5.0, 1.0, 5.0, 5.0, 5.0]",12
17560,"[4, 0, 0, 1, 0, 0, 0, 0, 0, 1, 0, 0, 0, 0, 0, 0, 1, 0, 0, 0, 1, 0, 0, 0, 0, 0, 0, 0, 2, 1, 0, 0, 0, 1, 0, 0, 0, 0, 1, 0, 0, 1, 1, 1, 0, 0, 0, 0, 0, 0, 0, 0, 0, 0, 0, 1, 0, 1]","[96345, 19770, 165216, 72288, 28688, 147427, 152835]",7,"[5.0, 5.0, 5.0, 5.0, 5.0, 5.0, 5.0]",7
18872,"[4, 0, 0, 1, 0, 0, 0, 0, 0, 5, 0, 0, 0, 0, 0, 0, 0, 0, 0, 0, 0, 0, 0, 0, 2, 0, 0, 0, 2, 0, 0, 0, 0, 2, 0, 0, 0, 0, 0, 0, 0, 0, 0, 3, 0, 0, 3, 0, 0, 0, 0, 0, 0, 0, 2, 0, 0, 3]","[29638, 155279, 139150, 143166, 56077, 131506, 27266]",7,"[5.0, 5.0, 4.0, 5.0, 5.0, 5.0, 5.0]",7
23334,"[4, 0, 0, 1, 2, 0, 0, 1, 0, 4, 1, 0, 0, 0, 0, 0, 2, 0, 0, 0, 1, 1, 0, 1, 0, 0, 0, 0, 2, 0, 0, 0, 0, 0, 0, 0, 1, 0, 0, 0, 0, 2, 2, 1, 0, 0, 1, 0, 0, 0, 0, 0, 0, 0, 1, 0, 0, 0]","[93843, 160066, 78551, 56515, 59923, 147180, 118034]",7,"[5.0, 4.0, 5.0, 5.0, 3.0, 5.0, 5.0]",7
17528,"[4, 0, 0, 6, 1, 0, 0, 0, 0, 2, 0, 0, 0, 0, 1, 0, 0, 0, 0, 1, 0, 0, 0, 0, 0, 0, 0, 1, 1, 0, 0, 0, 0, 5, 0, 0, 3, 0, 0, 0, 0, 0, 0, 0, 0, 0, 3, 0, 0, 0, 0, 0, 0, 0, 1, 0, 3, 1]","[109478, 154771, 152328, 22138, 167979, 98542, 140012, 138224, 56360]",9,"[5.0, 5.0, 5.0, 5.0, 5.0, 4.0, 5.0, 5.0, 5.0]",9
11407,"[5, 0, 0, 3, 1, 0, 0, 1, 0, 3, 0, 0, 0, 0, 0, 0, 0, 0, 0, 0, 0, 0, 0, 0, 0, 0, 0, 0, 2, 1, 0, 0, 0, 0, 0, 0, 1, 0, 0, 0, 0, 0, 1, 0, 0, 0, 0, 0, 0, 0, 0, 0, 0, 0, 0, 0, 0, 0]","[41705, 23953, 113987, 127702, 101904, 8707, 145451]",7,"[3.0, 5.0, 5.0, 1.0, 5.0, 2.0, 4.0]",7
5561,"[13, 0, 1, 2, 13, 0, 1, 2, 1, 16, 1, 1, 0, 0, 0, 0, 6, 0, 0, 0, 1, 1, 0, 0, 2, 0, 0, 4, 4, 0, 0, 0, 0, 11, 0, 1, 4, 5, 6, 0, 0, 3, 8, 7, 1, 0, 1, 0, 0, 2, 0, 0, 0, 4, 0, 8, 0, 3]","[143625, 30298, 161821, 71578, 142963, 140941, 97331, 168258, 35671, 14363, 40062, 10117, 37734, 101819, 38739, 9160, 33305, 67973, 137337, 58767, 8645, 101200, 23951, 149629, 167844, 8177, 173286, 1691, 157740, 95234, 160055, 4052, 142970, 67899, 122779, 109572, 155278, 58702, 175404, 101135, 11558, 140520]",42,"[5.0, 4.0, 5.0, 5.0, 5.0, 4.0, 4.0, 5.0, 5.0, 5.0, 4.0, 5.0, 5.0, 5.0, 5.0, 4.0, 4.0, 4.0, 4.0, 5.0, 5.0, 5.0, 5.0, 5.0, 5.0, 5.0, 5.0, 5.0, 5.0, 4.0, 4.0, 4.0, 3.0, 5.0, 5.0, 5.0, 4.0, 5.0, 5.0, 5.0, 4.0, 5.0]",42
19008,"[4, 0, 0, 2, 1, 0, 0, 0, 0, 2, 1, 0, 0, 0, 0, 0, 1, 0, 0, 0, 0, 0, 0, 0, 0, 0, 0, 0, 1, 0, 0, 0, 0, 3, 0, 0, 1, 2, 1, 0, 0, 0, 1, 1, 1, 0, 1, 0, 0, 0, 0, 0, 0, 0, 0, 1, 0, 0]","[50085, 99787, 27680, 138047, 125231, 106693]",6,"[5.0, 5.0, 5.0, 5.0, 5.0, 5.0]",6
17449,"[6, 0, 0, 3, 0, 0, 0, 0, 0, 1, 0, 0, 0, 0, 0, 0, 1, 0, 0, 1, 1, 0, 0, 0, 0, 0, 1, 1, 2, 0, 0, 0, 0, 4, 0, 0, 3, 1, 0, 0, 0, 0, 1, 2, 0, 0, 3, 0, 0, 0, 0, 0, 0, 1, 0, 0, 0, 0]","[74556, 22311, 107526, 152406, 169786, 71885, 122681, 21733, 136641, 84680]",10,"[5.0, 5.0, 4.0, 5.0, 4.0, 4.0, 5.0, 5.0, 5.0, 5.0]",10
5699,"[1, 0, 0, 1, 1, 0, 0, 0, 0, 2, 0, 0, 0, 0, 1, 0, 0, 0, 0, 0, 3, 0, 0, 0, 1, 0, 0, 0, 1, 0, 0, 0, 0, 4, 0, 0, 3, 0, 1, 0, 0, 0, 1, 0, 0, 0, 0, 0, 0, 1, 1, 0, 0, 1, 0, 0, 0, 0]","[90469, 5193, 155510, 155664, 75690, 2816]",6,"[5.0, 5.0, 5.0, 5.0, 5.0, 5.0]",6
19587,"[1, 0, 0, 1, 0, 0, 0, 1, 0, 4, 0, 0, 0, 0, 0, 0, 0, 0, 0, 0, 0, 0, 0, 1, 0, 0, 2, 0, 1, 0, 0, 0, 0, 2, 0, 0, 3, 1, 0, 0, 0, 0, 3, 1, 0, 0, 1, 0, 0, 0, 0, 1, 0, 1, 0, 0, 0, 0]","[176345, 30577, 78348, 74650, 145417, 58502]",6,"[5.0, 5.0, 5.0, 5.0, 5.0, 5.0]",6
20568,"[1, 0, 0, 0, 0, 0, 0, 0, 0, 2, 0, 0, 0, 0, 0, 0, 0, 0, 0, 0, 1, 0, 0, 1, 0, 0, 1, 0, 2, 0, 0, 0, 0, 1, 0, 0, 0, 0, 1, 0, 0, 0, 0, 2, 0, 0, 0, 0, 0, 0, 0, 0, 0, 1, 0, 0, 0, 0]","[154502, 69200, 140003, 97372, 113515, 34602]",6,"[5.0, 4.0, 4.0, 5.0, 2.0, 5.0]",6
3534,"[104, 0, 0, 45, 43, 1, 0, 9, 2, 83, 7, 10, 0, 0, 3, 0, 21, 0, 0, 9, 13, 5, 1, 5, 3, 0, 3, 11, 41, 11, 0, 0, 0, 84, 0, 6, 24, 5, 10, 0, 2, 4, 22, 33, 2, 0, 32, 1, 0, 2, 0, 4, 0, 11, 7, 8, 13, 11]","[170682, 62576, 94937, 43748, 78551, 16858, 83532, 83535, 6569, 154630, 12798, 155279, 94121, 111550, 63659, 45828, 30391, 119372, 120037, 114370, 44572, 94092, 136738, 57181, 120811, 112337, 20143, 100588, 144537, 177657, 102924, 171614, 74653, 98141, 61095, 142408, 90100, 1778, 57667, 38746, 28206, 23882, 95568, 176668, 10422, 59098, 59918, 171166, 91899, 120233, 22809, 13763, 69025, 86757, 104590, 16530, 84500, 145412, 162288, 133880, 24435, 9166, 157717, 22740, 65475, 150823, 82235, 49518, 95205, 29262, 95892, 91634, 149981, 31971, 168355, 2908, 54861, 117316, 146287, 113670, 114494, 39987, 99170, 55364, 153651, 68526, 95526, 123173, 74986, 166212, 9366, 28353, 54981, 143191, 88384, 175097, 164381, 6562, 4207, 165213, 2719, 11423, 7698, 10540, 34806, 28879, 133982, 39177, 157177, 129823, 46126, 95040, 169247, 33447, 61479, 155902, 175598, 144447, 101786, 126462, 88273, 133696, 155433, 52213, 98955, 165024, 38865, 17696, 9758, 35694, 118986, 132617, 137287, 59368, 138167, 160466, 17275, 12650, 86267, 135043, 69062, 144151, 66368, 21564, 32412, 163109, 107181, 90694, 74092, 6829, 120794, 25431, 98211, 21253, 107749, 68228, 167422, 163535, 103932, 23998, 37868, 64606, 23145, 132040, 118086, 151150, 128034, 124513, 135976, 87112, 162827, 134269, 84170, 20171, 155861, 101984, 1804, 1443, 83011, 20386, 12963, 167319, 129660, 114292, 151509, 89490, 126574, 106883, 109191, 60561, 47444, 53518, 93812, 102236, 109211, 97490, 26038, 169175, 83339, 137746, 65976, 120772, 41851, 66463, 101066, 106647, 143708, 110681, 4116, 73697, 160575, 83492, 7161, 88680, 20563, 56127, 100468]",217,"[5.0, 5.0, 5.0, 4.0, 3.0, 3.0, 4.0, 5.0, 5.0, 4.0, 3.0, 4.0, 4.0, 3.0, 5.0, 4.0, 5.0, 5.0, 4.0, 5.0, 4.0, 4.0, 4.0, 5.0, 5.0, 5.0, 5.0, 3.0, 4.0, 5.0, 5.0, 5.0, 5.0, 5.0, 4.0, 4.0, 4.0, 4.0, 4.0, 5.0, 5.0, 4.0, 5.0, 3.0, 5.0, 5.0, 3.0, 4.0, 4.0, 5.0, 5.0, 3.0, 4.0, 5.0, 5.0, 4.0, 5.0, 5.0, 4.0, 4.0, 4.0, 4.0, 5.0, 4.0, 4.0, 5.0, 5.0, 5.0, 4.0, 4.0, 4.0, 5.0, 4.0, 4.0, 4.0, 4.0, 4.0, 4.0, 3.0, 4.0, 4.0, 4.0, 4.0, 5.0, 4.0, 4.0, 3.0, 4.0, 5.0, 5.0, 4.0, 3.0, 4.0, 4.0, 4.0, 4.0, 5.0, 5.0, 5.0, 4.0, 4.0, 4.0, 4.0, 4.0, 4.0, 5.0, 4.0, 4.0, 5.0, 4.0, 4.0, 5.0, 5.0, 4.0, 5.0, 5.0, 5.0, 4.0, 4.0, 4.0, 5.0, 5.0, 4.0, 5.0, 4.0, 5.0, 2.0, 5.0, 4.0, 4.0, 4.0, 5.0, 5.0, 5.0, 5.0, 4.0, 4.0, 5.0, 5.0, 5.0, 4.0, 4.0, 5.0, 4.0, 5.0, 5.0, 5.0, 4.0, 4.0, 4.0, 4.0, 4.0, 4.0, 5.0, 4.0, 5.0, 5.0, 4.0, 5.0, 5.0, 4.0, 3.0, 4.0, 5.0, 5.0, 5.0, 4.0, 4.0, 3.0, 5.0, 5.0, 3.0, 4.0, 3.0, 4.0, 5.0, 5.0, 5.0, 5.0, 4.0, 5.0, 4.0, 5.0, 5.0, 5.0, 5.0, 5.0, 5.0, 4.0, 5.0, 5.0, 4.0, 4.0, 5.0, 5.0, 5.0, 5.0, 5.0, 5.0, 5.0, 4.0, 5.0, 4.0, 4.0, 5.0, 5.0, 5.0, 4.0, 5.0, 5.0, 5.0, 3.0, 4.0, 5.0, 5.0, 5.0, 3.0]",217
11588,"[15, 0, 0, 3, 4, 0, 0, 0, 0, 9, 0, 0, 0, 0, 0, 0, 1, 0, 0, 1, 2, 2, 0, 1, 2, 0, 0, 1, 3, 0, 0, 1, 0, 6, 0, 0, 0, 0, 2, 0, 0, 0, 4, 1, 0, 0, 2, 1, 0, 1, 1, 0, 0, 2, 1, 1, 0, 2]","[141066, 174423, 18456, 25946, 79848, 157217, 40733, 119073, 47756, 26535, 126291, 167945, 140886, 67550, 78065, 117228, 9021, 79186, 104982, 110568, 135778]",21,"[0.0, 4.0, 5.0, 0.0, 4.0, 4.0, 5.0, 5.0, 4.0, 5.0, 4.0, 5.0, 5.0, 5.0, 5.0, 5.0, 5.0, 5.0, 5.0, 5.0, 5.0]",21
4105,"[41, 2, 2, 12, 29, 0, 0, 10, 1, 41, 1, 1, 0, 1, 3, 0, 21, 0, 0, 3, 15, 6, 0, 10, 0, 0, 4, 2, 21, 3, 0, 1, 1, 37, 0, 2, 11, 3, 20, 0, 0, 4, 22, 33, 0, 0, 10, 3, 0, 3, 0, 3, 0, 8, 3, 14, 3, 9]","[10076, 63408, 95442, 75384, 141290, 72973, 5396, 70418, 13031, 151669, 123196, 109445, 44855, 89172, 97800, 128087, 29217, 27177, 160496, 12186, 16539, 72987, 43108, 17780, 177956, 122110, 17615, 90144, 56402, 17067, 53123, 11221, 152817, 168486, 61570, 97832, 77726, 27897, 175198, 68105, 37327, 113977, 37473, 22682, 65552, 44651, 101928, 34300, 82451, 86667, 113852, 69734, 176144, 54593, 156088, 130363, 144649, 36991, 80117, 97598, 101752, 8506, 156472, 60036, 118999, 86655, 131066, 121023, 71243, 36503, 151599, 81735, 34342, 36906, 15225, 115601, 110557, 104946, 172709, 93839, 59115, 150134, 10951, 27083, 146608, 108853, 9258, 83653, 81899, 54213, 49214, 158141, 120725, 20281, 11426, 52182, 121189, 166248, 1736, 102966, 45662, 164420, 39887, 30134, 145045, 58590, 1966, 25529, 59733, 158261, 16022, 149864, 84998, 135212, 75629, 174146, 70142, 149627]",118,"[5.0, 5.0, 5.0, 4.0, 5.0, 5.0, 4.0, 4.0, 5.0, 5.0, 4.0, 5.0, 5.0, 3.0, 5.0, 5.0, 5.0, 5.0, 5.0, 4.0, 5.0, 5.0, 5.0, 5.0, 5.0, 5.0, 4.0, 5.0, 5.0, 5.0, 5.0, 5.0, 5.0, 5.0, 5.0, 4.0, 5.0, 5.0, 5.0, 5.0, 5.0, 5.0, 5.0, 5.0, 5.0, 5.0, 5.0, 5.0, 5.0, 5.0, 5.0, 5.0, 5.0, 5.0, 5.0, 5.0, 5.0, 5.0, 5.0, 5.0, 5.0, 5.0, 5.0, 5.0, 5.0, 4.0, 5.0, 5.0, 5.0, 5.0, 5.0, 5.0, 5.0, 5.0, 5.0, 5.0, 5.0, 5.0, 5.0, 5.0, 5.0, 5.0, 5.0, 5.0, 5.0, 5.0, 5.0, 5.0, 4.0, 5.0, 5.0, 5.0, 5.0, 5.0, 4.0, 4.0, 3.0, 5.0, 5.0, 5.0, 5.0, 5.0, 5.0, 5.0, 5.0, 4.0, 4.0, 5.0, 5.0, 5.0, 5.0, 5.0, 5.0, 5.0, 5.0, 5.0, 5.0, 5.0]",118
6517,"[20, 0, 0, 3, 4, 0, 0, 3, 0, 12, 0, 0, 0, 0, 1, 0, 2, 0, 0, 1, 1, 0, 0, 2, 0, 0, 0, 1, 6, 0, 0, 0, 0, 6, 0, 0, 4, 1, 4, 0, 0, 0, 2, 4, 0, 0, 7, 0, 0, 0, 0, 0, 0, 2, 0, 3, 2, 4]","[114172, 14241, 155279, 40513, 103590, 67855, 106527, 50707, 82411, 23003, 155867, 51497, 99653, 103294, 154943, 3459, 53448, 56388, 80768, 77616, 30932, 116360, 100185, 25424, 69888, 71592]",26,"[4.0, 4.0, 5.0, 3.0, 5.0, 5.0, 5.0, 5.0, 5.0, 5.0, 5.0, 5.0, 5.0, 4.0, 5.0, 5.0, 5.0, 5.0, 5.0, 5.0, 5.0, 5.0, 5.0, 5.0, 5.0, 5.0]",26
16053,"[5, 0, 0, 1, 2, 0, 0, 0, 0, 1, 0, 1, 0, 0, 0, 0, 0, 0, 0, 0, 0, 0, 1, 1, 1, 0, 0, 0, 2, 1, 0, 0, 0, 4, 0, 0, 1, 0, 0, 0, 0, 0, 1, 0, 1, 0, 2, 0, 0, 0, 0, 0, 0, 1, 0, 0, 0, 0]","[138627, 44951, 79996, 83145, 107342, 58259, 33953, 28578, 17320]",9,"[5.0, 4.0, 4.0, 5.0, 5.0, 3.0, 5.0, 5.0, 5.0]",9
5645,"[5, 1, 0, 3, 3, 0, 0, 0, 0, 4, 0, 0, 0, 0, 0, 0, 1, 0, 0, 3, 0, 0, 0, 0, 0, 0, 0, 0, 3, 0, 0, 0, 0, 4, 0, 1, 0, 1, 0, 0, 0, 1, 1, 0, 0, 0, 1, 0, 0, 0, 0, 0, 0, 1, 0, 0, 1, 1]","[131055, 69708, 152404, 130357, 99653, 2756, 36759, 32142, 46490, 8373]",10,"[5.0, 5.0, 5.0, 5.0, 5.0, 5.0, 5.0, 5.0, 5.0, 5.0]",10
1211,"[60, 0, 0, 13, 14, 0, 0, 1, 0, 36, 1, 1, 0, 0, 1, 0, 19, 0, 0, 1, 6, 6, 1, 2, 0, 0, 1, 0, 26, 6, 0, 1, 0, 26, 0, 1, 7, 3, 4, 0, 0, 6, 9, 19, 0, 1, 8, 0, 0, 2, 0, 0, 0, 5, 0, 11, 4, 4]","[134325, 93337, 133544, 33864, 126825, 44396, 118508, 46785, 122019, 126184, 46490, 110288, 147437, 25424, 110610, 67567, 107300, 36054, 86828, 55226, 66208, 120919, 152159, 4410, 23333, 83953, 91728, 147180, 164985, 1362, 32114, 89385, 161979, 163298, 97800, 73325, 70748, 63380, 49137, 16569, 78811, 40027, 124542, 32929, 27815, 48326, 111566, 56859, 45386, 141842, 7485, 158535, 65267, 126831, 130385, 143730, 46699, 78928, 113690, 150940, 135817, 38899, 172208, 56904, 9485, 4827, 7321, 55834, 89101, 17849, 139822, 124040, 26324, 85187, 130439, 11874, 42028, 114936, 98801, 72253, 76878, 128347, 100082, 40799, 110639, 15288, 156278, 134610, 109668, 38703, 71738, 29991, 135961, 976, 71578, 173053, 32494, 159170, 23090, 14932, 42515, 110941, 145181, 156529, 6191, 82187, 124853, 8998, 437]",109,"[5.0, 5.0, 5.0, 5.0, 5.0, 5.0, 5.0, 5.0, 4.0, 5.0, 5.0, 5.0, 5.0, 5.0, 5.0, 5.0, 4.0, 4.0, 5.0, 5.0, 5.0, 5.0, 5.0, 5.0, 5.0, 5.0, 5.0, 5.0, 5.0, 4.0, 5.0, 5.0, 5.0, 5.0, 5.0, 5.0, 5.0, 5.0, 5.0, 5.0, 5.0, 5.0, 5.0, 4.0, 5.0, 5.0, 5.0, 5.0, 5.0, 5.0, 5.0, 5.0, 5.0, 5.0, 5.0, 4.0, 5.0, 5.0, 5.0, 5.0, 5.0, 5.0, 5.0, 0.0, 4.0, 4.0, 5.0, 5.0, 5.0, 5.0, 5.0, 4.0, 4.0, 5.0, 5.0, 4.0, 5.0, 5.0, 4.0, 5.0, 5.0, 5.0, 5.0, 4.0, 5.0, 5.0, 5.0, 3.0, 5.0, 5.0, 5.0, 5.0, 5.0, 5.0, 5.0, 5.0, 5.0, 5.0, 5.0, 5.0, 5.0, 5.0, 5.0, 4.0, 4.0, 4.0, 5.0, 5.0, 5.0]",109
4856,"[1, 0, 0, 1, 1, 0, 0, 0, 0, 2, 1, 0, 0, 0, 1, 0, 1, 0, 0, 0, 0, 0, 0, 1, 0, 0, 0, 1, 1, 0, 0, 0, 0, 3, 0, 1, 1, 0, 3, 0, 0, 0, 3, 2, 1, 0, 1, 1, 0, 0, 0, 0, 0, 1, 0, 1, 0, 1]","[11440, 55237, 32360, 23116, 130067, 48484, 113346]",7,"[4.0, 4.0, 4.0, 2.0, 4.0, 0.0, 0.0]",7
540,"[5, 0, 0, 4, 9, 0, 0, 1, 0, 7, 0, 1, 0, 0, 1, 0, 4, 0, 0, 2, 1, 0, 0, 0, 0, 0, 0, 1, 4, 0, 0, 0, 0, 8, 0, 0, 3, 0, 0, 0, 0, 1, 3, 2, 0, 0, 4, 0, 0, 1, 0, 2, 0, 4, 0, 2, 2, 1]","[139359, 76817, 364, 169901, 69708, 29146, 148563, 132553, 62225, 89056, 86167, 193, 175747, 110119, 158814, 138337, 157317, 131271, 98041, 62953, 150810, 140095, 21321, 146605, 143359]",25,"[3.0, 5.0, 3.0, 4.0, 5.0, 2.0, 4.0, 4.0, 5.0, 0.0, 5.0, 5.0, 5.0, 5.0, 5.0, 4.0, 5.0, 5.0, 4.0, 5.0, 0.0, 4.0, 5.0, 0.0, 5.0]",25
10721,"[3, 0, 0, 4, 3, 0, 0, 0, 0, 2, 0, 0, 0, 0, 0, 0, 2, 0, 0, 0, 0, 0, 0, 0, 0, 0, 0, 0, 1, 0, 0, 0, 0, 1, 0, 2, 1, 0, 2, 0, 0, 0, 4, 1, 1, 0, 2, 1, 0, 1, 0, 0, 0, 1, 0, 1, 0, 1]","[123957, 44232, 81201, 10182, 157239, 44366, 95353, 145784, 7830]",9,"[5.0, 5.0, 5.0, 5.0, 5.0, 5.0, 5.0, 5.0, 5.0]",9
3000,"[12, 1, 0, 7, 14, 1, 0, 4, 1, 22, 1, 1, 0, 0, 2, 0, 10, 0, 0, 1, 8, 4, 0, 6, 1, 0, 4, 2, 7, 1, 0, 3, 0, 16, 0, 3, 8, 3, 7, 0, 0, 3, 12, 12, 0, 0, 7, 1, 0, 1, 0, 1, 0, 7, 2, 9, 0, 6]","[5872, 176732, 52114, 18508, 7783, 143633, 140076, 70100, 165241, 154847, 78442, 34219, 152857, 28020, 158477, 148270, 15286, 116630, 114973, 127192, 95085, 38649, 166516, 177346, 111404, 10544, 128596, 54513, 105696, 19442, 161290, 131746, 85287, 91453, 144862, 64523, 167126, 10830, 166066, 19628, 80172, 36915, 140903, 88415, 88225, 115436, 134166, 101955, 74840, 130421, 86591, 1189, 55295, 174765, 33556, 143836, 2543, 45794, 8744, 1690, 163142, 122799, 167844, 17817, 85821]",65,"[5.0, 5.0, 5.0, 5.0, 5.0, 5.0, 0.0, 4.0, 5.0, 5.0, 4.0, 5.0, 4.0, 5.0, 4.0, 3.0, 4.0, 5.0, 5.0, 4.0, 5.0, 4.0, 4.0, 4.0, 5.0, 5.0, 5.0, 4.0, 5.0, 5.0, 5.0, 3.0, 4.0, 4.0, 5.0, 3.0, 4.0, 4.0, 5.0, 5.0, 5.0, 5.0, 4.0, 5.0, 0.0, 4.0, 5.0, 5.0, 5.0, 5.0, 5.0, 5.0, 5.0, 5.0, 5.0, 5.0, 5.0, 5.0, 5.0, 5.0, 5.0, 5.0, 4.0, 5.0, 5.0]",65
9659,"[12, 0, 0, 6, 5, 0, 0, 0, 0, 14, 0, 1, 0, 0, 0, 0, 1, 0, 0, 1, 2, 1, 1, 0, 2, 0, 2, 2, 4, 0, 0, 0, 0, 5, 0, 0, 2, 0, 3, 0, 0, 1, 5, 6, 1, 0, 3, 1, 0, 0, 0, 0, 0, 4, 1, 3, 1, 4]","[39829, 122299, 110079, 98533, 114766, 142989, 133520, 15728, 132250, 17255, 65698, 39715, 69324, 48557, 178102, 171896, 58127, 94512, 41574, 84679, 6486, 22622, 174738, 118110, 80284, 52687, 59987, 144201]",28,"[5.0, 5.0, 3.0, 5.0, 4.0, 4.0, 4.0, 5.0, 4.0, 5.0, 4.0, 4.0, 4.0, 4.0, 4.0, 5.0, 5.0, 4.0, 5.0, 5.0, 5.0, 5.0, 5.0, 4.0, 4.0, 4.0, 5.0, 4.0]",28
2998,"[90, 2, 0, 23, 20, 0, 0, 6, 1, 68, 2, 6, 0, 0, 1, 0, 27, 0, 0, 5, 10, 6, 3, 9, 3, 0, 5, 7, 37, 7, 0, 0, 1, 42, 0, 0, 25, 4, 3, 0, 0, 3, 7, 18, 0, 0, 16, 2, 0, 0, 0, 0, 0, 4, 5, 7, 10, 6]","[125802, 99787, 68902, 161791, 135223, 5296, 86860, 88407, 65564, 145389, 147317, 11435, 11908, 11073, 120674, 112031, 129267, 163625, 100543, 11052, 116786, 135573, 132899, 175084, 91355, 79095, 48001, 90536, 34865, 152998, 15173, 24146, 59563, 6211, 56425, 17320, 45515, 92002, 175469, 79130, 129505, 146821, 145630, 171366, 119044, 80264, 98881, 147911, 47837, 79117, 124557, 115281, 76425, 169559, 101819, 57758, 56077, 87476, 175229, 144458, 115148, 159132, 106644, 32035, 142720, 66540, 150120, 138676, 69580, 96427, 89188, 72436, 75291, 32937, 32886, 169359, 170920, 105611, 126691, 23186, 148386, 52334, 51009, 103804, 22034, 116143, 168395, 139822, 79270, 162352, 16550, 154689, 177548, 135960, 147571, 33846, 165388, 165221, 156761, 166665, 1184, 103936, 94329, 91478, 39025, 53026, 3670, 136697, 141284, 106968, 60225, 128974, 55473, 157879, 37423, 93685, 30000, 17360, 70951, 135961, 73434, 47877, 125939, 142221, 55772, 141365, 168697, 61119, 68003, 175647, 74360, 90356, 97621, 25331, 69114, 162732, 5269, 118418, 142423, 103590, 62536, 156997, 130086, 159755]",144,"[5.0, 5.0, 5.0, 5.0, 5.0, 5.0, 5.0, 5.0, 5.0, 5.0, 4.0, 0.0, 5.0, 5.0, 5.0, 5.0, 5.0, 5.0, 5.0, 5.0, 4.0, 5.0, 4.0, 5.0, 5.0, 5.0, 5.0, 4.0, 5.0, 5.0, 5.0, 5.0, 5.0, 5.0, 5.0, 5.0, 4.0, 5.0, 5.0, 5.0, 5.0, 5.0, 5.0, 4.0, 5.0, 4.0, 5.0, 5.0, 5.0, 5.0, 5.0, 5.0, 5.0, 5.0, 5.0, 5.0, 5.0, 4.0, 5.0, 5.0, 5.0, 4.0, 5.0, 4.0, 4.0, 5.0, 5.0, 4.0, 5.0, 5.0, 5.0, 5.0, 5.0, 4.0, 5.0, 5.0, 5.0, 5.0, 4.0, 5.0, 5.0, 3.0, 5.0, 5.0, 4.0, 5.0, 3.0, 5.0, 5.0, 5.0, 2.0, 4.0, 5.0, 4.0, 5.0, 5.0, 5.0, 5.0, 5.0, 5.0, 4.0, 5.0, 5.0, 5.0, 5.0, 5.0, 4.0, 5.0, 5.0, 5.0, 5.0, 4.0, 5.0, 5.0, 5.0, 5.0, 5.0, 5.0, 5.0, 5.0, 5.0, 4.0, 5.0, 5.0, 5.0, 4.0, 5.0, 4.0, 5.0, 5.0, 5.0, 4.0, 5.0, 4.0, 5.0, 5.0, 5.0, 5.0, 5.0, 5.0, 5.0, 5.0, 5.0, 5.0]",144
11362,"[5, 0, 0, 4, 8, 0, 0, 2, 0, 7, 1, 2, 0, 0, 0, 0, 1, 0, 0, 1, 3, 0, 0, 2, 0, 0, 2, 1, 0, 0, 0, 0, 0, 5, 0, 0, 3, 0, 2, 0, 0, 0, 8, 4, 2, 0, 0, 1, 0, 0, 0, 0, 0, 2, 2, 1, 0, 0]","[32128, 83648, 30991, 127241, 16349, 101200, 113345, 156613, 155731, 67257, 64447, 102527, 83467, 122165, 106578, 106092, 99044, 119593, 107913, 108667, 10143, 8666, 82085, 151869, 16112]",25,"[4.0, 4.0, 0.0, 2.0, 3.0, 5.0, 5.0, 4.0, 0.0, 4.0, 0.0, 0.0, 2.0, 5.0, 5.0, 5.0, 5.0, 5.0, 4.0, 5.0, 4.0, 4.0, 3.0, 5.0, 5.0]",25
18598,"[2, 0, 0, 1, 3, 0, 0, 1, 0, 3, 1, 1, 0, 0, 0, 0, 1, 0, 0, 0, 2, 0, 0, 1, 0, 0, 0, 1, 2, 0, 0, 0, 0, 2, 0, 1, 1, 0, 2, 0, 0, 0, 2, 0, 0, 1, 0, 0, 0, 0, 0, 0, 0, 1, 0, 0, 0, 1]","[97415, 150138, 37359, 101819, 41436, 155664, 19812]",7,"[5.0, 5.0, 5.0, 5.0, 5.0, 5.0, 5.0]",7
10047,"[5, 0, 0, 1, 0, 0, 0, 0, 0, 1, 0, 1, 0, 0, 0, 0, 0, 0, 0, 1, 0, 0, 0, 0, 0, 0, 0, 0, 1, 0, 0, 0, 0, 3, 0, 1, 1, 0, 0, 0, 0, 0, 0, 0, 0, 0, 1, 0, 0, 0, 0, 0, 0, 0, 0, 0, 0, 0]","[154916, 135761, 155958, 6995, 65854, 120113]",6,"[5.0, 5.0, 5.0, 5.0, 5.0, 5.0]",6
14551,"[3, 0, 0, 0, 3, 0, 0, 0, 0, 3, 0, 0, 0, 0, 0, 0, 2, 0, 0, 2, 0, 0, 0, 0, 0, 0, 0, 1, 3, 0, 0, 0, 0, 1, 0, 2, 1, 0, 3, 0, 0, 0, 7, 2, 0, 0, 2, 0, 0, 0, 0, 0, 0, 2, 0, 1, 0, 0]","[14230, 90045, 172376, 76163, 155867, 19316, 69167, 61938, 150519, 140095, 19247, 91255, 37359]",13,"[5.0, 5.0, 5.0, 5.0, 5.0, 5.0, 5.0, 5.0, 5.0, 5.0, 5.0, 5.0, 5.0]",13
9334,"[6, 0, 0, 1, 4, 0, 0, 1, 0, 5, 1, 1, 0, 0, 0, 0, 1, 0, 0, 0, 1, 1, 0, 1, 0, 0, 1, 0, 3, 0, 0, 0, 0, 3, 0, 0, 0, 0, 1, 0, 0, 1, 3, 1, 0, 0, 4, 0, 0, 0, 0, 0, 0, 2, 0, 1, 0, 3]","[19812, 6098, 23802, 78551, 111217, 73065, 22579, 80236, 92292, 93685, 106973]",11,"[5.0, 5.0, 5.0, 5.0, 5.0, 5.0, 5.0, 5.0, 5.0, 5.0, 5.0]",11
2109,"[33, 0, 1, 20, 26, 0, 0, 1, 0, 35, 0, 5, 0, 0, 2, 0, 26, 0, 0, 2, 11, 1, 0, 2, 0, 0, 2, 3, 18, 2, 0, 1, 0, 20, 0, 7, 16, 7, 14, 0, 1, 2, 26, 18, 3, 0, 13, 0, 0, 1, 0, 1, 0, 9, 5, 19, 2, 17]","[49889, 76442, 119404, 92529, 82437, 76514, 3814, 96302, 101819, 85340, 14176, 171328, 169704, 35381, 77067, 786, 163625, 119308, 89113, 117899, 75244, 112142, 106753, 171977, 46650, 138555, 134113, 839, 65899, 129109, 87424, 72212, 86859, 56461, 121515, 176543, 144114, 19297, 117906, 87550, 82309, 89034, 11314, 171860, 92564, 113346, 43774, 85422, 176773, 40923, 135452, 157174, 127080, 57158, 23463, 62794, 122779, 95618, 35644, 34426, 23458, 79091, 37359, 160849, 100654, 130371, 2848, 155867, 8177, 131037, 173916, 19812, 157084, 140246, 109955, 29576, 134945, 120436, 92540, 4683, 107656, 36454, 175878, 144607, 60902, 138152, 92292, 8049, 46641, 30968, 57414, 144366, 162416, 124120, 24743, 1056, 154914, 83134, 81064, 113420, 178024, 25359, 26470, 17781, 52953, 85414]",106,"[5.0, 5.0, 5.0, 5.0, 4.0, 0.0, 5.0, 5.0, 5.0, 2.0, 5.0, 5.0, 5.0, 5.0, 5.0, 5.0, 5.0, 3.0, 4.0, 5.0, 5.0, 5.0, 0.0, 4.0, 0.0, 4.0, 5.0, 5.0, 5.0, 5.0, 5.0, 5.0, 5.0, 5.0, 5.0, 4.0, 0.0, 5.0, 5.0, 5.0, 4.0, 4.0, 0.0, 4.0, 3.0, 4.0, 0.0, 0.0, 0.0, 4.0, 0.0, 5.0, 5.0, 0.0, 5.0, 5.0, 5.0, 0.0, 5.0, 5.0, 0.0, 5.0, 5.0, 0.0, 5.0, 5.0, 4.0, 5.0, 5.0, 5.0, 5.0, 5.0, 5.0, 4.0, 5.0, 5.0, 5.0, 4.0, 0.0, 5.0, 5.0, 4.0, 0.0, 4.0, 0.0, 0.0, 5.0, 0.0, 0.0, 5.0, 5.0, 5.0, 5.0, 3.0, 4.0, 0.0, 5.0, 5.0, 5.0, 4.0, 5.0, 5.0, 5.0, 3.0, 3.0, 4.0]",106
1799,"[26, 1, 0, 13, 27, 0, 0, 4, 1, 26, 10, 4, 1, 0, 2, 0, 17, 0, 0, 4, 6, 0, 0, 3, 0, 0, 1, 4, 13, 0, 0, 1, 1, 21, 0, 2, 3, 6, 13, 0, 0, 3, 19, 21, 4, 0, 3, 1, 0, 4, 4, 0, 0, 8, 1, 12, 2, 5]","[151590, 20140, 172997, 46049, 55291, 129951, 144161, 169674, 1222, 122927, 113394, 65575, 43792, 111371, 45833, 175523, 8078, 55906, 53910, 75306, 103100, 41255, 56594, 104036, 52254, 166441, 177109, 96389, 99652, 120408, 168167, 131155, 84120, 53595, 103499, 54676, 108194, 50444, 3424, 114509, 152934, 61207, 38998, 73843, 30525, 113961, 156061, 169074, 27503, 13779, 35164, 172426, 56894, 36951, 66427, 87424, 99787, 56402, 112978, 1334, 19297, 8555, 22650, 5289, 34494, 111035, 92292, 159152, 37359, 77251, 127080, 8487, 53194, 685, 4162, 26064, 39049, 150638, 20208, 3869, 170732, 123395, 31067, 104723, 162883, 78551, 101423, 154054, 67218, 12083, 149336, 161944, 49570]",93,"[5.0, 5.0, 5.0, 5.0, 5.0, 5.0, 5.0, 5.0, 4.0, 5.0, 4.0, 5.0, 5.0, 5.0, 5.0, 5.0, 5.0, 5.0, 5.0, 5.0, 5.0, 5.0, 5.0, 5.0, 5.0, 5.0, 5.0, 5.0, 5.0, 5.0, 5.0, 5.0, 5.0, 5.0, 5.0, 5.0, 5.0, 5.0, 5.0, 4.0, 5.0, 5.0, 5.0, 5.0, 5.0, 5.0, 5.0, 5.0, 5.0, 5.0, 5.0, 5.0, 5.0, 5.0, 5.0, 5.0, 5.0, 5.0, 5.0, 5.0, 5.0, 5.0, 5.0, 5.0, 5.0, 5.0, 5.0, 5.0, 5.0, 5.0, 5.0, 5.0, 5.0, 5.0, 5.0, 5.0, 5.0, 5.0, 5.0, 5.0, 5.0, 5.0, 5.0, 5.0, 5.0, 5.0, 5.0, 5.0, 5.0, 5.0, 5.0, 5.0, 5.0]",93
9074,"[3, 0, 0, 1, 3, 0, 0, 0, 0, 3, 1, 0, 0, 0, 0, 0, 2, 0, 0, 0, 1, 0, 0, 0, 0, 0, 0, 1, 4, 0, 0, 0, 0, 5, 0, 0, 1, 1, 0, 0, 0, 0, 0, 0, 0, 1, 1, 0, 0, 0, 0, 0, 0, 1, 1, 0, 0, 1]","[81165, 139267, 144458, 26308, 131927, 5877, 99902, 7234, 131918, 75061]",10,"[5.0, 5.0, 0.0, 5.0, 5.0, 5.0, 5.0, 5.0, 5.0, 5.0]",10
6372,"[2, 0, 0, 0, 2, 0, 0, 1, 0, 1, 1, 0, 0, 0, 0, 0, 3, 0, 0, 1, 0, 2, 0, 1, 0, 0, 0, 0, 3, 0, 0, 0, 0, 1, 0, 0, 0, 1, 0, 0, 0, 1, 4, 2, 0, 0, 1, 0, 0, 0, 0, 0, 0, 1, 1, 1, 0, 0]","[117899, 73493, 109481, 3300, 15173, 52114, 63569, 157866]",8,"[5.0, 4.0, 5.0, 5.0, 5.0, 5.0, 5.0, 5.0]",8
10182,"[3, 0, 0, 1, 3, 0, 0, 3, 0, 2, 0, 1, 0, 0, 0, 0, 2, 0, 0, 0, 1, 1, 0, 1, 0, 0, 0, 0, 7, 0, 0, 0, 0, 3, 0, 0, 1, 0, 1, 0, 0, 0, 2, 2, 0, 0, 0, 0, 0, 0, 0, 0, 0, 0, 1, 1, 1, 0]","[62587, 30048, 105421, 158160, 43693, 102766, 124229, 43454, 92425, 114090, 39472, 14637]",12,"[5.0, 5.0, 5.0, 4.0, 5.0, 5.0, 5.0, 5.0, 5.0, 5.0, 5.0, 5.0]",12
3556,"[97, 1, 0, 28, 63, 0, 1, 13, 4, 87, 3, 6, 1, 1, 8, 0, 41, 0, 0, 7, 24, 10, 2, 12, 3, 0, 6, 12, 74, 19, 0, 3, 0, 67, 0, 3, 30, 15, 28, 0, 2, 7, 53, 46, 1, 0, 31, 5, 0, 10, 0, 6, 0, 26, 10, 30, 9, 16]","[21273, 131068, 138807, 166633, 148713, 16756, 109542, 89218, 13315, 11639, 65788, 21581, 39796, 77126, 39353, 141554, 160396, 89924, 38301, 133734, 132314, 47680, 151853, 105827, 142371, 37047, 19812, 52660, 39248, 65846, 113852, 172586, 176663, 166665, 8727, 154643, 118834, 90862, 151283, 71545, 30125, 134539, 18610, 38413, 50448, 150120, 49516, 128994, 35297, 54495, 168952, 67411, 29576, 106450, 119016, 64311, 75942, 130480, 24506, 32128, 21103, 89451, 39227, 177831, 48826, 57440, 118241, 85616, 164043, 55226, 92731, 151474, 9651, 13878, 150163, 171355, 45968, 145756, 40601, 73776, 42970, 30604, 146256, 146982, 19887, 113525, 32107, 139822, 168146, 18868, 79425, 170432, 156278, 57207, 49847, 130507, 171328, 118001, 50206, 66772, 171239, 163295, 48758, 166802, 83052, 132144, 105691, 29518, 77723, 154689, 106407, 46184, 100923, 946, 32792, 167669, 58292, 78296, 27177, 117899, 8252, 89177, 171614, 102676, 124353, 176310, 128906, 80659, 118059, 99372, 168743, 78348, 9415, 103681, 55483, 107507, 103201, 163395, 88353, 118418, 15523, 38699, 97786, 48000, 84437, 170097, 81518, 92341, 120881, 68033, 95442, 146360, 72241, 92082, 51115, 32114, 149604, 177943, 169175, 56516, 54421, 70280, 102620, 129214, 94258, 124230, 103175, 52990, 7751, 87147, 164559, 95779, 19549, 128152, 140161, 107964, 10395, 62782, 147344, 122673, 159066, 93685, 11559, 38884, 45418, 82913, 87565, 114270, 7920, 164436, 163193, 100261, 80236, 86573, 5798, 147615, 29338, 124292, 19707, 27953, 81383, 30391, 173303, 29746, 146064, 82411, 81311, 21213, 59850, 24413, 102374, 141902, 92804, 12938, 7026, 120028, 170672, 78607, 1458, 89095, 32438, 144767, 132153, 20789, 81116, 105270, 37450, 119816, 109826, 110506, 68321, 131089, 79691, 145092, 10394, 121029, 171971, 62215, 51762, 149134, 142559, 99885, 24869, 9864, 147447, 64511, 151265, 113512, 114945, 1750, 76669, 43731, 175070, 56077, 30818, 141351, 39976, 129903, 5349, 170786, 107733, 152022, 127738, 66119, 142634, 101542, 118020, 28309, 74573, 150260, 120700, 125296, 95303, 39308, 28552, 174740, 67106, 59348, 149777, 117827, 139315, 145875, 101222, 127080, 155867, 49486, 147508, 157397, 176248, 53066, 19941, 94388, 147374, 148994, 112098, 173504]",296,"[5.0, 5.0, 5.0, 5.0, 5.0, 5.0, 4.0, 5.0, 4.0, 5.0, 5.0, 5.0, 5.0, 5.0, 4.0, 5.0, 5.0, 5.0, 5.0, 4.0, 5.0, 4.0, 5.0, 5.0, 5.0, 5.0, 3.0, 4.0, 4.0, 4.0, 4.0, 5.0, 5.0, 4.0, 4.0, 4.0, 4.0, 4.0, 4.0, 4.0, 4.0, 4.0, 4.0, 4.0, 4.0, 4.0, 3.0, 4.0, 4.0, 4.0, 5.0, 4.0, 4.0, 4.0, 4.0, 4.0, 4.0, 5.0, 4.0, 5.0, 4.0, 5.0, 4.0, 4.0, 4.0, 5.0, 4.0, 0.0, 4.0, 4.0, 4.0, 5.0, 5.0, 5.0, 4.0, 4.0, 5.0, 5.0, 4.0, 4.0, 4.0, 4.0, 5.0, 5.0, 4.0, 4.0, 4.0, 3.0, 4.0, 4.0, 4.0, 4.0, 5.0, 5.0, 4.0, 4.0, 5.0, 5.0, 4.0, 3.0, 5.0, 5.0, 4.0, 4.0, 4.0, 4.0, 4.0, 4.0, 5.0, 4.0, 4.0, 4.0, 4.0, 4.0, 5.0, 3.0, 4.0, 4.0, 4.0, 4.0, 4.0, 5.0, 5.0, 5.0, 5.0, 5.0, 4.0, 4.0, 5.0, 5.0, 4.0, 5.0, 5.0, 3.0, 4.0, 5.0, 4.0, 5.0, 5.0, 4.0, 5.0, 4.0, 4.0, 5.0, 4.0, 4.0, 5.0, 5.0, 5.0, 4.0, 5.0, 5.0, 4.0, 5.0, 5.0, 5.0, 5.0, 4.0, 4.0, 4.0, 5.0, 4.0, 4.0, 4.0, 4.0, 3.0, 4.0, 5.0, 5.0, 5.0, 5.0, 5.0, 5.0, 4.0, 5.0, 4.0, 5.0, 5.0, 4.0, 4.0, 5.0, 5.0, 5.0, 5.0, 5.0, 5.0, 5.0, 5.0, 5.0, 5.0, 4.0, 4.0, 4.0, 5.0, 5.0, 5.0, 5.0, 3.0, 3.0, 4.0, 5.0, 4.0, 5.0, 5.0, 4.0, 3.0, 5.0, 4.0, 5.0, 5.0, 4.0, 5.0, 5.0, 5.0, 5.0, 4.0, 4.0, 4.0, 5.0, 4.0, 5.0, 4.0, 3.0, 5.0, 5.0, 4.0, 5.0, 0.0, 4.0, 5.0, 5.0, 5.0, 5.0, 5.0, 5.0, 4.0, 5.0, 5.0, 4.0, 5.0, 4.0, 5.0, 5.0, 4.0, 5.0, 4.0, 4.0, 5.0, 5.0, 4.0, 4.0, 4.0, 3.0, 5.0, 4.0, 4.0, 4.0, 4.0, 4.0, 4.0, 5.0, 5.0, 4.0, 4.0, 5.0, 4.0, 5.0, 5.0, 5.0, 5.0, 5.0, 5.0, 5.0, 5.0, 4.0, 4.0, 4.0, 5.0, 5.0, 5.0, 0.0, 5.0, 5.0, 4.0, 4.0, 4.0, 4.0, 4.0, 5.0, 4.0, 5.0, 5.0, 5.0, 3.0, 5.0, 5.0]",296
1068,"[68, 0, 1, 18, 31, 0, 0, 12, 1, 61, 6, 8, 0, 0, 3, 0, 50, 0, 0, 5, 17, 5, 1, 10, 0, 0, 3, 12, 37, 5, 0, 0, 2, 60, 0, 0, 16, 9, 14, 0, 3, 4, 31, 26, 3, 1, 11, 2, 0, 3, 1, 0, 0, 10, 12, 20, 13, 8]","[93646, 61704, 142705, 76680, 151173, 159398, 146437, 51184, 50551, 167078, 86532, 37755, 39941, 31799, 72987, 56889, 118001, 51348, 31409, 172696, 107551, 76273, 174036, 73649, 153339, 60195, 17231, 62923, 99592, 34129, 106151, 28055, 26809, 169868, 7188, 130312, 45573, 49921, 137395, 26397, 152159, 165133, 31131, 65766, 361, 58931, 92887, 110328, 13424, 103147, 158618, 84361, 54547, 133530, 3609, 89674, 176663, 53154, 15615, 172997, 92016, 79375, 62391, 106601, 55640, 114044, 65656, 52109, 124607, 51426, 147683, 11314, 149251, 112800, 88466, 103367, 97501, 23018, 22025, 161142, 28532, 99787, 903, 114137, 67738, 101135, 42272, 104282, 91692, 118739, 69635, 55115, 6955, 654, 138028, 51433, 1892, 20900, 139689, 123094, 164247, 76237, 38691, 78497, 164703, 170615, 87233, 159297, 65768, 147036, 81471, 128215, 51784, 117723, 23626, 18537, 138882, 129505, 71594, 5801, 81311, 18134, 143873, 159431, 66054, 21638, 118543, 10460, 120746, 108711, 128659, 80503, 42646, 62656, 17941, 95816, 56441, 19297, 38492, 160714, 8851, 64301, 97952, 18604, 63490, 170924, 107972, 153464, 88557, 88490, 145411, 17979, 60037, 7785, 172555, 70001, 33143, 105155, 162367, 77125, 83239, 32639, 136178, 177218, 160608, 146273, 9699, 154643, 105478, 156318, 24664, 15396, 122178, 7470, 139908, 45663, 105698, 49267, 142634, 54511, 119149, 35760, 124318, 172385, 8089, 155217, 156535, 129812, 30365, 30170, 162395, 24547, 127161, 77036, 24677]",195,"[5.0, 5.0, 4.0, 5.0, 5.0, 5.0, 5.0, 2.0, 5.0, 4.0, 5.0, 5.0, 4.0, 4.0, 5.0, 5.0, 5.0, 5.0, 5.0, 5.0, 5.0, 5.0, 5.0, 5.0, 5.0, 5.0, 5.0, 4.0, 5.0, 5.0, 5.0, 5.0, 5.0, 5.0, 5.0, 5.0, 5.0, 5.0, 5.0, 5.0, 5.0, 5.0, 5.0, 5.0, 5.0, 5.0, 5.0, 5.0, 5.0, 5.0, 4.0, 5.0, 5.0, 5.0, 5.0, 5.0, 5.0, 5.0, 5.0, 5.0, 5.0, 5.0, 5.0, 5.0, 5.0, 5.0, 5.0, 5.0, 5.0, 5.0, 5.0, 5.0, 5.0, 5.0, 5.0, 5.0, 5.0, 5.0, 5.0, 5.0, 5.0, 5.0, 5.0, 5.0, 5.0, 5.0, 5.0, 5.0, 5.0, 5.0, 5.0, 5.0, 5.0, 5.0, 5.0, 5.0, 5.0, 5.0, 5.0, 5.0, 4.0, 5.0, 4.0, 5.0, 5.0, 5.0, 5.0, 5.0, 4.0, 5.0, 5.0, 5.0, 5.0, 5.0, 5.0, 5.0, 4.0, 5.0, 5.0, 5.0, 5.0, 5.0, 5.0, 5.0, 5.0, 5.0, 5.0, 5.0, 5.0, 5.0, 4.0, 5.0, 5.0, 5.0, 4.0, 4.0, 5.0, 5.0, 5.0, 5.0, 4.0, 4.0, 4.0, 5.0, 5.0, 5.0, 5.0, 5.0, 5.0, 5.0, 5.0, 5.0, 5.0, 5.0, 5.0, 5.0, 5.0, 5.0, 5.0, 5.0, 5.0, 5.0, 5.0, 5.0, 5.0, 5.0, 5.0, 5.0, 5.0, 5.0, 5.0, 5.0, 5.0, 5.0, 4.0, 5.0, 5.0, 5.0, 5.0, 5.0, 5.0, 5.0, 5.0, 5.0, 5.0, 4.0, 5.0, 5.0, 4.0, 5.0, 5.0, 5.0, 5.0, 0.0, 5.0]",195
7696,"[18, 1, 0, 4, 7, 0, 0, 2, 0, 11, 6, 0, 0, 0, 0, 0, 8, 0, 0, 1, 1, 1, 0, 3, 0, 0, 0, 0, 7, 3, 0, 0, 0, 14, 0, 0, 4, 1, 0, 0, 0, 5, 6, 6, 2, 0, 1, 0, 0, 0, 0, 0, 0, 4, 1, 2, 1, 1]","[53881, 169868, 12139, 42383, 87810, 163429, 16435, 147180, 67229, 27622, 15663, 4489, 170732, 19265, 107736, 173433, 174433, 6569, 19634, 54613, 43748, 99301, 104306, 174146, 164837, 138969, 20150, 127080, 160526, 41819, 73956, 61725, 133346, 74633, 147374]",35,"[5.0, 5.0, 5.0, 5.0, 5.0, 5.0, 5.0, 5.0, 5.0, 5.0, 5.0, 5.0, 5.0, 5.0, 5.0, 4.0, 5.0, 5.0, 5.0, 3.0, 4.0, 5.0, 5.0, 5.0, 5.0, 5.0, 5.0, 5.0, 5.0, 5.0, 5.0, 5.0, 4.0, 5.0, 5.0]",35
5287,"[15, 0, 0, 7, 8, 0, 0, 0, 0, 10, 1, 0, 0, 0, 0, 0, 4, 0, 0, 0, 1, 1, 0, 1, 1, 0, 0, 1, 7, 1, 0, 0, 0, 10, 0, 0, 3, 2, 0, 0, 0, 2, 2, 3, 1, 1, 7, 0, 0, 1, 0, 0, 0, 3, 0, 0, 2, 3]","[30471, 50912, 2513, 70481, 86102, 16349, 50933, 50362, 28018, 28739, 150502, 129505, 145305, 30418, 101551, 31745, 57681, 54190, 34603, 119369, 27344]",21,"[5.0, 5.0, 5.0, 5.0, 5.0, 4.0, 5.0, 5.0, 5.0, 4.0, 5.0, 5.0, 5.0, 5.0, 4.0, 5.0, 5.0, 5.0, 5.0, 5.0, 5.0]",21
2962,"[24, 0, 0, 9, 12, 0, 0, 0, 0, 15, 0, 0, 0, 0, 1, 0, 5, 0, 0, 0, 3, 0, 1, 1, 1, 0, 0, 3, 8, 0, 0, 0, 0, 11, 0, 1, 2, 0, 2, 0, 0, 0, 3, 4, 1, 0, 10, 0, 0, 0, 0, 0, 0, 2, 1, 3, 3, 4]","[120618, 124095, 58007, 69585, 111045, 35341, 53780, 163831, 61985, 1169, 57572, 64526, 109478, 55984, 156416, 82872, 150089, 1602, 52952, 73879, 110062, 38532, 64609, 89219, 23583, 122208, 145805, 22551, 39596, 147344, 5281, 3165, 169597, 26208, 169717]",35,"[5.0, 3.0, 5.0, 5.0, 3.0, 5.0, 5.0, 5.0, 5.0, 3.0, 5.0, 5.0, 5.0, 5.0, 2.0, 4.0, 5.0, 2.0, 5.0, 5.0, 5.0, 4.0, 5.0, 3.0, 5.0, 4.0, 5.0, 5.0, 5.0, 5.0, 5.0, 3.0, 5.0, 5.0, 5.0]",35
4824,"[13, 0, 0, 7, 8, 0, 0, 0, 0, 6, 2, 1, 0, 0, 0, 0, 6, 0, 0, 2, 1, 2, 0, 0, 0, 0, 0, 4, 6, 1, 0, 0, 0, 10, 0, 1, 2, 1, 5, 0, 0, 1, 8, 3, 0, 0, 6, 0, 0, 2, 0, 0, 0, 2, 0, 5, 0, 6]","[83652, 134610, 25009, 152391, 140306, 92452, 104942, 50909, 135439, 64311, 21273, 134752, 2949, 107768, 121494, 946, 66999, 96260, 3198, 176215, 126433, 11144, 60561, 45478, 164596, 9779, 74631]",27,"[5.0, 5.0, 1.0, 5.0, 3.0, 5.0, 2.0, 5.0, 5.0, 5.0, 4.0, 3.0, 5.0, 5.0, 5.0, 5.0, 5.0, 5.0, 5.0, 5.0, 4.0, 5.0, 5.0, 4.0, 4.0, 5.0, 0.0]",27
2370,"[22, 0, 0, 5, 5, 1, 0, 0, 0, 14, 5, 2, 0, 0, 2, 0, 6, 0, 0, 2, 5, 0, 1, 6, 0, 0, 1, 0, 17, 2, 0, 0, 0, 9, 0, 0, 7, 3, 3, 0, 0, 3, 2, 3, 1, 1, 6, 0, 0, 0, 0, 2, 0, 2, 3, 6, 4, 2]","[91587, 3690, 5299, 128796, 81094, 67738, 45568, 54286, 93221, 24494, 174434, 20670, 176716, 75591, 3300, 160068, 152455, 132445, 34324, 133386, 31067, 79182, 903, 99885, 130945, 115516, 66747, 7035, 114081, 148461, 39511, 2949, 11965, 5113, 116958, 115549, 97903, 103824, 149624, 74360, 99787, 57785, 135961, 115000, 11324, 48035, 123777, 19887, 134610, 155664]",50,"[5.0, 5.0, 5.0, 4.0, 5.0, 5.0, 4.0, 4.0, 4.0, 5.0, 5.0, 5.0, 4.0, 5.0, 5.0, 5.0, 5.0, 5.0, 5.0, 5.0, 5.0, 5.0, 4.0, 5.0, 5.0, 5.0, 5.0, 5.0, 5.0, 5.0, 5.0, 5.0, 5.0, 5.0, 5.0, 4.0, 4.0, 5.0, 5.0, 4.0, 5.0, 5.0, 5.0, 4.0, 5.0, 5.0, 5.0, 5.0, 0.0, 5.0]",50
599,"[189, 0, 0, 85, 71, 0, 2, 5, 1, 153, 1, 20, 1, 0, 8, 0, 52, 0, 0, 9, 15, 9, 2, 6, 2, 0, 4, 14, 87, 14, 0, 2, 1, 133, 0, 3, 63, 5, 21, 1, 0, 7, 31, 36, 3, 1, 47, 8, 0, 6, 0, 2, 0, 12, 17, 21, 43, 19]","[140051, 5079, 148027, 71867, 2468, 122533, 11528, 71671, 83697, 59986, 21051, 119400, 53349, 20329, 139520, 86086, 114437, 17611, 84886, 76070, 11091, 121312, 94411, 142946, 44752, 73843, 71991, 138813, 118722, 36944, 147581, 28434, 70345, 1617, 51238, 61597, 135425, 161435, 134199, 4084, 87594, 164350, 100432, 98551, 92987, 89151, 113003, 54945, 74912, 144789, 92573, 158813, 154309, 69628, 99433, 124058, 82717, 123170, 45523, 65314, 142915, 56736, 4130, 48649, 20280, 15026, 100343, 108417, 3519, 92034, 166136, 36651, 25568, 144830, 31561, 98301, 143642, 31621, 32152, 48098, 41499, 164714, 58056, 146199, 129505, 26478, 84362, 137328, 85346, 29335, 164737, 145634, 76460, 86923, 92555, 61084, 155938, 120910, 9464, 66598, 153489, 16763, 95065, 25010, 110691, 172005, 2610, 95395, 39251, 38760, 162535, 130778, 81221, 26004, 19403, 121122, 452, 126342, 42126, 9045, 130563, 151397, 104371, 171479, 27064, 18375, 23209, 61230, 68807, 29909, 4165, 78926, 72024, 155324, 81177, 3611, 59438, 8913, 23525, 79588, 103995, 30089, 37091, 72980, 98423, 15293, 154182, 40309, 80707, 110490, 167558, 3012, 2075, 96084, 106713, 153183, 31159, 114353, 19304, 140817, 167453, 56227, 50831, 31420, 17934, 62782, 76335, 93331, 106075, 73120, 159141, 31891, 41298, 146216, 127086, 58681, 7012, 17944, 50029, 75736, 56030, 158027, 139554, 72005, 122927, 13441, 43543, 108754, 5994, 51810, 42054, 34327, 37968, 61908, 166386, 140191, 83510, 107534, 61435, 72493, 169718, 157357, 6909, 148262, 2949, 43920, 125872, 174578, 66398, 9722, 13906, 6524, 157583, 30518, 1627, 158761, 60792, 68114, 101200, 22809, 111999, 85239, 29458, 105209, 168719, 7695, 63478, 22949, 82500, 45198, 2548, 100980, 120568, 171986, 115596, 107202, 93481, 26928, 208, 80129, 48325, 25775, 62833, 8139, 173532, 91471, 133026, 99870, 133595, 71364, 135406, 23409, 174688, 99688, 144836, 173004, 145137, 72068, 118370, 154496, 174309, 134267, 49712, 140533, 148620, 2357, 9121, 88697, 19085, 30015, 37051, 6789, 118865, 80476, 156688, 13314, 131304, 153903, 105192, 93529, 13495, 62558, 107887, 168080, 62547, 76450, 151611, 45731, 945, 45074, 152058, 86253, 128240, 72829, 145423, 90356, 107503, 23826, 27562, 9405, 83591, 11752, 89796, 129267, 56081, 93935, 166361, 12562, 124214, 45993, 160620, 37665, 144867, 120062, 16933, 51062, 116075, 31489, 133727, 25805, 90504, 43165, 105611, 87084, 37314, 99494, 42401, 161447, 41787, 52303, 172177, 83661, 162751, 98870, 67207, 109825, 2143, 108812, 27670, 154915, 17717, 58758, 44344, 148997, 47567, 48465, 169390, 44906, 164934, 151488, 173968, 40948, 30976, 66996, 84032, 84587, 125707, 39207, 86111, 56546, 31532, 4496, 173204, 98625, 64381, 31241, 82348, 51550, 39782, 30924, 23901, 14633, 103388, 17617, 162876, 7271, 11676, 12244, 135613, 91211, 37611, 39273, 14853, 67645, 162429, 117511, 114043, 97588, 28033, 92307, 39035, 29913, 91343, 125544, 20324, 71895, 101924, 31780, 170722, 78087, 146959, 31200, 149286, 47598, 91546, 125165, 134417]",407,"[5.0, 5.0, 4.0, 5.0, 5.0, 5.0, 5.0, 4.0, 5.0, 5.0, 5.0, 5.0, 5.0, 5.0, 5.0, 4.0, 4.0, 3.0, 5.0, 5.0, 5.0, 5.0, 5.0, 4.0, 5.0, 5.0, 4.0, 5.0, 5.0, 5.0, 5.0, 4.0, 4.0, 4.0, 4.0, 5.0, 5.0, 5.0, 4.0, 5.0, 4.0, 5.0, 4.0, 5.0, 4.0, 5.0, 4.0, 4.0, 5.0, 5.0, 4.0, 4.0, 5.0, 5.0, 4.0, 5.0, 5.0, 4.0, 4.0, 5.0, 5.0, 4.0, 4.0, 4.0, 4.0, 4.0, 5.0, 4.0, 5.0, 5.0, 4.0, 5.0, 4.0, 4.0, 4.0, 5.0, 5.0, 5.0, 4.0, 5.0, 5.0, 5.0, 5.0, 5.0, 5.0, 5.0, 4.0, 4.0, 5.0, 5.0, 5.0, 4.0, 5.0, 5.0, 5.0, 5.0, 5.0, 5.0, 5.0, 5.0, 5.0, 5.0, 4.0, 5.0, 4.0, 5.0, 5.0, 5.0, 5.0, 5.0, 5.0, 5.0, 5.0, 5.0, 5.0, 5.0, 4.0, 5.0, 4.0, 5.0, 5.0, 4.0, 5.0, 5.0, 4.0, 4.0, 4.0, 5.0, 4.0, 4.0, 4.0, 4.0, 5.0, 5.0, 4.0, 5.0, 4.0, 5.0, 5.0, 5.0, 5.0, 5.0, 5.0, 4.0, 5.0, 5.0, 4.0, 5.0, 5.0, 4.0, 5.0, 5.0, 5.0, 5.0, 5.0, 5.0, 5.0, 5.0, 5.0, 4.0, 5.0, 5.0, 4.0, 5.0, 5.0, 5.0, 5.0, 5.0, 4.0, 4.0, 5.0, 5.0, 5.0, 5.0, 5.0, 5.0, 5.0, 4.0, 5.0, 4.0, 5.0, 5.0, 5.0, 5.0, 5.0, 4.0, 5.0, 4.0, 5.0, 5.0, 4.0, 4.0, 5.0, 5.0, 5.0, 5.0, 4.0, 5.0, 5.0, 5.0, 5.0, 5.0, 5.0, 5.0, 5.0, 3.0, 5.0, 5.0, 5.0, 4.0, 5.0, 5.0, 5.0, 5.0, 4.0, 5.0, 5.0, 5.0, 4.0, 5.0, 5.0, 5.0, 5.0, 5.0, 5.0, 5.0, 5.0, 5.0, 5.0, 5.0, 5.0, 4.0, 5.0, 5.0, 5.0, 5.0, 5.0, 5.0, 4.0, 5.0, 5.0, 5.0, 5.0, 5.0, 5.0, 5.0, 5.0, 5.0, 5.0, 2.0, 5.0, 5.0, 5.0, 5.0, 5.0, 5.0, 4.0, 4.0, 4.0, 5.0, 5.0, 4.0, 5.0, 5.0, 5.0, 3.0, 5.0, 4.0, 5.0, 5.0, 4.0, 4.0, 4.0, 4.0, 3.0, 5.0, 4.0, 5.0, 4.0, 4.0, 5.0, 4.0, 4.0, 5.0, 4.0, 4.0, 4.0, 4.0, 5.0, 4.0, 4.0, 5.0, 5.0, 4.0, 5.0, 4.0, 4.0, 3.0, 5.0, 5.0, 3.0, 5.0, 5.0, 5.0, 5.0, 5.0, 4.0, 5.0, 5.0, 4.0, 4.0, 5.0, 4.0, 5.0, 5.0, 3.0, 5.0, 5.0, 5.0, 5.0, 3.0, 5.0, 5.0, 5.0, 5.0, 5.0, 5.0, 5.0, 5.0, 5.0, 5.0, 5.0, 4.0, 5.0, 4.0, 5.0, 5.0, 4.0, 5.0, 5.0, 5.0, 4.0, 5.0, 5.0, 5.0, 4.0, 5.0, 4.0, 5.0, 3.0, 0.0, 5.0, 5.0, 0.0, 5.0, 5.0, 5.0, 5.0, 5.0, 4.0, 4.0, 5.0, 4.0, 5.0, 4.0, 5.0, 5.0, 5.0, 5.0, 5.0, 0.0, 5.0, 5.0, 5.0, 5.0, 5.0, 5.0, 4.0, 5.0, 5.0, 5.0, 5.0, 5.0, 5.0, 5.0, 5.0, 5.0, 5.0, 4.0, 5.0, 4.0, 5.0, 5.0, 5.0, 5.0, 4.0, 5.0, 0.0, 5.0, 5.0, 5.0, 5.0, 5.0, 5.0, 0.0, 5.0, 0.0]",407
5605,"[6, 0, 0, 3, 0, 0, 0, 1, 0, 4, 0, 1, 0, 0, 0, 0, 1, 0, 0, 0, 0, 2, 0, 1, 1, 0, 0, 0, 2, 1, 0, 0, 0, 4, 0, 0, 3, 0, 0, 0, 0, 0, 0, 0, 0, 0, 1, 0, 0, 0, 0, 0, 0, 0, 1, 2, 0, 1]","[2756, 161460, 73493, 37400, 72072, 6060, 46809, 51508, 160427, 104261]",10,"[5.0, 4.0, 5.0, 5.0, 5.0, 5.0, 5.0, 5.0, 5.0, 5.0]",10
4783,"[8, 0, 0, 1, 1, 0, 0, 0, 0, 9, 1, 1, 0, 0, 0, 0, 1, 0, 0, 2, 1, 0, 0, 0, 0, 0, 0, 2, 3, 2, 0, 0, 0, 3, 0, 0, 1, 0, 0, 0, 0, 0, 3, 2, 0, 0, 0, 0, 0, 0, 0, 0, 0, 1, 0, 0, 0, 2]","[2756, 946, 56077, 118122, 140898, 65759, 60898, 30713, 32114, 59660, 19887, 106975, 72975, 101904]",14,"[5.0, 5.0, 5.0, 5.0, 5.0, 5.0, 5.0, 5.0, 5.0, 5.0, 5.0, 5.0, 5.0, 5.0]",14
7177,"[8, 0, 0, 1, 8, 0, 0, 1, 0, 8, 1, 1, 0, 0, 1, 0, 4, 0, 0, 1, 0, 3, 0, 4, 0, 0, 0, 1, 5, 2, 0, 0, 0, 4, 0, 0, 2, 0, 1, 0, 0, 1, 4, 3, 1, 0, 1, 0, 0, 0, 0, 0, 0, 1, 0, 4, 0, 1]","[83359, 152073, 48236, 176215, 142634, 143371, 112564, 137100, 129646, 68596, 24236, 1691, 81021, 174036, 146032, 32128, 78220, 174298, 125637, 103020, 31765, 128984, 6427, 136233, 81826]",25,"[0.0, 0.0, 5.0, 5.0, 5.0, 5.0, 5.0, 5.0, 4.0, 5.0, 5.0, 5.0, 5.0, 5.0, 5.0, 5.0, 5.0, 0.0, 5.0, 5.0, 5.0, 0.0, 5.0, 4.0, 0.0]",25
16535,"[4, 0, 0, 1, 1, 0, 0, 0, 0, 3, 0, 0, 0, 0, 0, 0, 1, 0, 0, 0, 0, 0, 0, 0, 0, 0, 0, 0, 1, 0, 0, 0, 0, 2, 0, 0, 1, 0, 0, 1, 0, 0, 2, 0, 0, 0, 2, 0, 0, 1, 0, 0, 0, 0, 0, 1, 1, 1]","[171087, 97448, 37928, 121408, 33643, 112656]",6,"[5.0, 5.0, 4.0, 5.0, 5.0, 5.0]",6
1322,"[55, 0, 0, 14, 16, 0, 0, 6, 1, 39, 5, 2, 0, 0, 5, 0, 18, 1, 0, 2, 8, 5, 0, 3, 2, 0, 2, 2, 22, 4, 0, 0, 0, 29, 0, 3, 10, 4, 8, 0, 0, 6, 13, 6, 1, 0, 7, 0, 0, 0, 0, 1, 0, 4, 0, 9, 3, 7]","[130913, 62176, 135393, 164759, 100672, 20670, 120781, 149944, 142774, 41885, 505, 89074, 96937, 112180, 61366, 58993, 109736, 25279, 136535, 40660, 134610, 147444, 3823, 98739, 153154, 2694, 71789, 91485, 24578, 135658, 93135, 42717, 112668, 170357, 74245, 8826, 84859, 33653, 146662, 156455, 95773, 106969, 132946, 79316, 135965, 159861, 160305, 20075, 141651, 67579, 101486, 29076, 39762, 113937, 97490, 64117, 162813, 133197, 70314, 151906, 157324, 166415, 164118, 116156, 133434, 169483, 107768, 128816, 173415, 128131, 35943, 27073, 153988, 66508, 39192, 96443, 35378, 36951, 140057, 125708, 126014, 107964, 83919, 138669, 150138, 168342, 22396, 106479, 49389, 130417, 61578, 19634, 137056, 34559]",94,"[0.0, 0.0, 5.0, 5.0, 4.0, 5.0, 0.0, 5.0, 5.0, 5.0, 5.0, 5.0, 5.0, 5.0, 5.0, 5.0, 5.0, 5.0, 5.0, 3.0, 5.0, 5.0, 5.0, 5.0, 5.0, 5.0, 5.0, 5.0, 5.0, 5.0, 5.0, 5.0, 5.0, 5.0, 5.0, 5.0, 5.0, 5.0, 5.0, 5.0, 5.0, 5.0, 5.0, 5.0, 5.0, 5.0, 5.0, 5.0, 5.0, 5.0, 5.0, 5.0, 5.0, 5.0, 5.0, 5.0, 5.0, 5.0, 5.0, 5.0, 5.0, 5.0, 5.0, 5.0, 5.0, 5.0, 5.0, 5.0, 5.0, 5.0, 5.0, 5.0, 5.0, 5.0, 5.0, 5.0, 5.0, 5.0, 5.0, 5.0, 5.0, 5.0, 5.0, 5.0, 5.0, 5.0, 5.0, 5.0, 5.0, 5.0, 5.0, 5.0, 5.0, 5.0]",94
8912,"[6, 0, 0, 2, 3, 0, 0, 0, 0, 7, 0, 1, 0, 0, 1, 0, 2, 0, 0, 0, 1, 0, 0, 0, 0, 0, 0, 1, 3, 1, 0, 0, 0, 2, 0, 0, 0, 0, 0, 0, 1, 0, 1, 5, 0, 0, 3, 0, 0, 0, 0, 1, 0, 1, 0, 2, 1, 2]","[77259, 147382, 10112, 97373, 71408, 71894, 9513, 150722, 5700, 123732, 176227]",11,"[5.0, 5.0, 5.0, 5.0, 5.0, 0.0, 5.0, 5.0, 5.0, 5.0, 5.0]",11
14433,"[7, 0, 0, 3, 1, 0, 0, 1, 0, 5, 0, 0, 0, 0, 0, 0, 1, 0, 0, 0, 0, 0, 0, 0, 0, 0, 0, 0, 5, 0, 0, 0, 0, 7, 0, 1, 2, 0, 0, 0, 0, 0, 1, 0, 0, 0, 3, 1, 0, 0, 0, 0, 0, 1, 0, 0, 1, 3]","[13906, 56077, 77519, 162977, 139950, 174795, 160999, 78348, 135071, 70918, 48337]",11,"[5.0, 5.0, 5.0, 5.0, 5.0, 2.0, 5.0, 5.0, 5.0, 5.0, 5.0]",11
10228,"[5, 0, 0, 2, 3, 0, 0, 0, 0, 4, 0, 0, 0, 0, 0, 0, 1, 0, 0, 1, 0, 0, 0, 0, 0, 0, 0, 0, 2, 0, 0, 0, 1, 3, 0, 0, 0, 0, 1, 0, 0, 0, 1, 0, 0, 0, 1, 0, 0, 0, 0, 0, 0, 1, 0, 0, 0, 0]","[7195, 172997, 34236, 66319, 53780, 162732, 10566, 64311, 45824, 113515, 99939]",11,"[5.0, 5.0, 3.0, 5.0, 5.0, 5.0, 5.0, 3.0, 5.0, 1.0, 5.0]",11
3351,"[10, 0, 0, 2, 6, 0, 0, 0, 0, 7, 2, 1, 0, 0, 0, 0, 5, 0, 0, 0, 2, 0, 0, 0, 0, 0, 1, 1, 9, 4, 0, 0, 0, 9, 0, 0, 1, 3, 1, 0, 0, 0, 2, 1, 0, 0, 3, 0, 0, 1, 0, 1, 0, 1, 2, 2, 0, 0]","[173541, 33832, 83535, 123563, 132891, 92852, 37728, 3453, 113588, 57988, 44040, 162858, 145403, 74986, 82394, 1334, 20821, 13134, 92341, 172161, 99787, 168616, 177020, 19865, 102916, 89276, 102210]",27,"[5.0, 4.0, 0.0, 5.0, 5.0, 5.0, 5.0, 5.0, 5.0, 5.0, 5.0, 5.0, 3.0, 5.0, 5.0, 5.0, 5.0, 0.0, 5.0, 5.0, 5.0, 5.0, 3.0, 5.0, 4.0, 5.0, 5.0]",27
4888,"[29, 0, 0, 15, 24, 0, 0, 5, 2, 32, 3, 2, 0, 0, 3, 0, 28, 0, 0, 3, 7, 2, 0, 5, 0, 0, 2, 1, 23, 5, 0, 1, 0, 29, 0, 2, 12, 3, 17, 0, 1, 1, 18, 18, 0, 0, 10, 0, 0, 3, 0, 0, 0, 6, 3, 15, 1, 6]","[64476, 82053, 162864, 49507, 39626, 65689, 25612, 14873, 18848, 156981, 126552, 35640, 141166, 114060, 97738, 65934, 7738, 128192, 101908, 93686, 160108, 143313, 50442, 40004, 50839, 56507, 130402, 30530, 117466, 170620, 77493, 124653, 149715, 124607, 89174, 92968, 100908, 80260, 145449, 153713, 86594, 82451, 89741, 52060, 12266, 37703, 63304, 24997, 91781, 128237, 60434, 49883, 5439, 85318, 164489, 7585, 39381, 61451, 147602, 56975, 120083, 49369, 67005, 159297, 108851, 160999, 6486, 139867, 169570, 53153, 129719, 166892, 160876, 22916, 162947, 90102, 26544, 119323, 20585, 70385, 101549, 137053, 29362, 43631, 98008, 57912, 49661, 16981, 15289, 45402, 25741, 149238, 119227, 109008, 151961, 162358, 26616, 2210, 95882, 89828, 172885, 109331, 68268, 145430]",104,"[4.0, 4.0, 4.0, 5.0, 4.0, 5.0, 5.0, 5.0, 5.0, 5.0, 4.0, 5.0, 4.0, 5.0, 5.0, 5.0, 5.0, 5.0, 5.0, 5.0, 5.0, 4.0, 5.0, 5.0, 5.0, 5.0, 4.0, 5.0, 5.0, 5.0, 5.0, 4.0, 5.0, 5.0, 5.0, 4.0, 5.0, 5.0, 4.0, 5.0, 5.0, 5.0, 5.0, 5.0, 5.0, 5.0, 5.0, 5.0, 5.0, 5.0, 5.0, 5.0, 4.0, 5.0, 4.0, 5.0, 4.0, 5.0, 5.0, 5.0, 4.0, 5.0, 5.0, 5.0, 4.0, 5.0, 5.0, 5.0, 5.0, 5.0, 5.0, 5.0, 4.0, 5.0, 5.0, 5.0, 5.0, 5.0, 5.0, 5.0, 5.0, 5.0, 5.0, 5.0, 4.0, 5.0, 5.0, 4.0, 4.0, 5.0, 4.0, 5.0, 5.0, 5.0, 5.0, 5.0, 5.0, 5.0, 5.0, 5.0, 5.0, 5.0, 5.0, 5.0]",104
14050,"[15, 0, 0, 1, 13, 0, 0, 2, 0, 15, 1, 1, 0, 0, 0, 0, 3, 0, 0, 1, 2, 3, 0, 2, 0, 0, 3, 0, 4, 0, 0, 0, 0, 17, 0, 0, 5, 2, 2, 1, 0, 1, 4, 3, 0, 0, 2, 0, 0, 0, 0, 0, 0, 4, 1, 3, 2, 4]","[108522, 135761, 96908, 111865, 151285, 102219, 29768, 173997, 67180, 147180, 83831, 44855, 154916, 138304, 47771, 171522, 67077, 166465, 30599, 67255, 106973, 40813, 96406, 98327, 156330, 43965, 168561, 133297, 125637, 13369, 19440]",31,"[5.0, 5.0, 5.0, 5.0, 5.0, 5.0, 5.0, 4.0, 5.0, 5.0, 5.0, 5.0, 5.0, 5.0, 5.0, 5.0, 5.0, 5.0, 5.0, 5.0, 5.0, 0.0, 5.0, 5.0, 5.0, 5.0, 0.0, 5.0, 5.0, 5.0, 5.0]",31
719,"[165, 3, 0, 50, 47, 0, 0, 9, 1, 115, 9, 7, 1, 0, 2, 0, 52, 0, 0, 11, 18, 9, 0, 9, 2, 0, 4, 15, 73, 8, 0, 2, 0, 108, 0, 2, 40, 13, 19, 1, 0, 14, 28, 40, 10, 3, 28, 4, 0, 6, 2, 1, 0, 22, 6, 43, 21, 35]","[53086, 136163, 66448, 12178, 117252, 141005, 86860, 160693, 130550, 140406, 110738, 24204, 149739, 105392, 76859, 25290, 95104, 110617, 113961, 158151, 120080, 130480, 143474, 32710, 26313, 138908, 118065, 55898, 174297, 116124, 92594, 105691, 72606, 43633, 9041, 140898, 158238, 18034, 6503, 150492, 5574, 146190, 50632, 65078, 61823, 97505, 67679, 22426, 146878, 45652, 117356, 15575, 22645, 97738, 124930, 54421, 135391, 55772, 156352, 85184, 152226, 122721, 177237, 133515, 108820, 37867, 946, 106785, 102807, 164203, 25478, 63482, 59019, 153091, 105538, 108439, 52334, 171099, 110062, 69608, 136275, 144477, 1684, 5299, 42042, 100343, 106852, 62068, 65578, 129470, 80078, 69820, 16974, 158025, 124024, 38699, 28204, 115620, 131023, 171717, 107795, 13476, 80978, 56425, 73209, 137083, 9489, 89683, 76577, 32952, 75591, 134105, 144458, 127312, 119147, 22792, 163625, 42512, 51669, 125946, 164706, 117759, 155236, 56049, 162238, 61111, 171519, 141898, 161337, 68437, 60930, 47923, 4790, 170673, 15615, 132786, 26350, 143661, 138541, 122673, 144565, 143580, 60145, 62365, 64693, 77166, 90536, 108045, 149678, 37265, 44174, 111120, 21720, 11115, 19140, 154564, 101493, 39879, 85777, 50909, 27049, 19297, 87604, 46332, 158496, 136244, 743, 139588, 113515, 129872, 84536, 28028, 18210, 99787, 44605, 54571, 168561, 62213, 77252, 13913, 55066, 120534, 66593, 87565, 103767, 59348, 75291, 119044, 9677, 1022, 50899, 90586, 48226, 53200, 7534, 28163, 72580, 46841, 75464, 140589, 153291, 116217, 27360, 78333, 78593, 91485, 154916, 84680, 57210, 157740, 118122, 174036, 150561, 32812, 39655, 153100, 176215, 79467, 46776, 134452, 30599, 2854, 13661, 134610, 66562, 123213, 150229, 173270, 81311, 87696, 168802, 82768, 66508, 24515, 164596, 89947, 27692, 120664, 53194, 95207, 73730, 63377, 111032, 17321, 12083, 107411, 121494, 99653, 13903, 51043, 32114, 7796, 124734, 103556, 89063, 28567, 96361, 84210, 93985, 110128, 94021, 67898, 33965, 100554, 88219, 130488, 82595, 44546, 118682, 172148, 125855, 112466, 84719, 159554, 66923, 103470, 163125, 99885, 128436, 130226, 161263, 67229, 30216, 86408, 21510, 19634, 82712, 32742, 8628, 161211, 85186, 172236, 71973, 120673, 97711, 27449, 139585, 38031, 109476, 176271, 28831, 110203, 160154, 27099, 164032, 161086, 145423, 96326, 15468, 142580, 87424, 139565, 170802, 67747, 7480, 62866, 7195, 59949, 91773, 249, 114411, 93726, 27057, 72743, 134480, 134923, 25519, 109061, 24538, 54986]",330,"[5.0, 5.0, 5.0, 5.0, 5.0, 5.0, 5.0, 5.0, 5.0, 2.0, 5.0, 1.0, 5.0, 5.0, 5.0, 5.0, 2.0, 4.0, 5.0, 5.0, 5.0, 5.0, 5.0, 5.0, 3.0, 5.0, 3.0, 2.0, 1.0, 5.0, 5.0, 5.0, 5.0, 5.0, 4.0, 5.0, 1.0, 5.0, 5.0, 5.0, 5.0, 5.0, 5.0, 5.0, 5.0, 5.0, 5.0, 5.0, 5.0, 4.0, 5.0, 5.0, 4.0, 5.0, 4.0, 4.0, 4.0, 5.0, 5.0, 5.0, 5.0, 5.0, 5.0, 5.0, 3.0, 5.0, 5.0, 5.0, 5.0, 5.0, 5.0, 5.0, 5.0, 5.0, 5.0, 5.0, 5.0, 5.0, 5.0, 5.0, 5.0, 5.0, 5.0, 5.0, 5.0, 5.0, 5.0, 5.0, 5.0, 5.0, 5.0, 5.0, 5.0, 5.0, 5.0, 5.0, 5.0, 5.0, 4.0, 4.0, 5.0, 4.0, 5.0, 5.0, 5.0, 5.0, 5.0, 5.0, 5.0, 5.0, 5.0, 5.0, 5.0, 5.0, 5.0, 5.0, 5.0, 5.0, 5.0, 5.0, 5.0, 4.0, 5.0, 5.0, 5.0, 5.0, 5.0, 3.0, 3.0, 3.0, 5.0, 5.0, 5.0, 5.0, 5.0, 5.0, 5.0, 5.0, 5.0, 5.0, 4.0, 5.0, 5.0, 5.0, 5.0, 5.0, 5.0, 5.0, 5.0, 4.0, 5.0, 4.0, 5.0, 5.0, 3.0, 5.0, 4.0, 5.0, 5.0, 4.0, 4.0, 5.0, 5.0, 5.0, 4.0, 5.0, 5.0, 3.0, 5.0, 5.0, 4.0, 4.0, 5.0, 4.0, 4.0, 4.0, 5.0, 5.0, 4.0, 5.0, 5.0, 4.0, 5.0, 5.0, 5.0, 5.0, 5.0, 5.0, 5.0, 5.0, 4.0, 0.0, 4.0, 5.0, 5.0, 5.0, 5.0, 5.0, 5.0, 5.0, 5.0, 4.0, 4.0, 5.0, 4.0, 3.0, 5.0, 5.0, 5.0, 5.0, 5.0, 5.0, 3.0, 5.0, 5.0, 5.0, 3.0, 5.0, 5.0, 5.0, 5.0, 5.0, 5.0, 5.0, 5.0, 2.0, 5.0, 5.0, 5.0, 2.0, 5.0, 4.0, 5.0, 4.0, 5.0, 4.0, 3.0, 5.0, 5.0, 5.0, 5.0, 5.0, 5.0, 4.0, 5.0, 5.0, 5.0, 5.0, 5.0, 5.0, 5.0, 4.0, 4.0, 5.0, 4.0, 5.0, 4.0, 5.0, 5.0, 4.0, 5.0, 4.0, 5.0, 4.0, 5.0, 5.0, 5.0, 5.0, 4.0, 5.0, 5.0, 5.0, 5.0, 0.0, 5.0, 5.0, 5.0, 5.0, 3.0, 5.0, 5.0, 5.0, 3.0, 4.0, 5.0, 5.0, 5.0, 5.0, 4.0, 5.0, 5.0, 5.0, 5.0, 5.0, 5.0, 5.0, 5.0, 5.0, 5.0, 5.0, 5.0, 5.0, 5.0, 5.0, 4.0, 4.0, 5.0, 5.0, 5.0, 4.0, 5.0, 5.0, 5.0, 5.0, 5.0, 5.0, 5.0, 5.0, 5.0, 5.0, 5.0, 5.0, 4.0, 5.0, 5.0, 5.0, 5.0, 5.0, 5.0, 5.0]",330
15218,"[6, 0, 0, 1, 1, 0, 0, 0, 0, 2, 0, 0, 0, 0, 0, 0, 1, 0, 0, 0, 0, 0, 0, 0, 1, 0, 0, 0, 1, 0, 0, 0, 0, 2, 0, 0, 1, 0, 0, 0, 0, 0, 1, 0, 0, 0, 1, 0, 0, 0, 0, 0, 0, 0, 0, 0, 1, 0]","[160680, 15450, 77144, 111136, 80096, 61037]",6,"[5.0, 5.0, 5.0, 5.0, 5.0, 5.0]",6
23035,"[4, 0, 0, 3, 2, 0, 0, 0, 0, 5, 1, 0, 0, 0, 0, 0, 3, 0, 0, 0, 1, 1, 0, 0, 0, 0, 0, 0, 2, 0, 0, 0, 0, 3, 0, 0, 1, 0, 0, 0, 0, 0, 0, 2, 1, 0, 2, 0, 0, 0, 0, 0, 0, 1, 0, 0, 0, 0]","[53476, 110604, 113588, 78551, 53461, 92769, 154689, 128213]",8,"[4.0, 5.0, 5.0, 5.0, 5.0, 5.0, 5.0, 5.0]",8
8744,"[20, 0, 0, 5, 12, 0, 0, 1, 0, 14, 0, 0, 0, 0, 0, 0, 4, 0, 0, 1, 4, 1, 1, 2, 2, 0, 3, 2, 9, 1, 0, 0, 0, 12, 1, 0, 7, 5, 11, 1, 0, 4, 8, 4, 0, 0, 6, 0, 0, 1, 0, 1, 0, 3, 0, 7, 3, 3]","[69937, 130399, 47657, 93564, 155665, 57976, 162258, 127869, 107662, 57758, 106564, 169903, 49183, 7612, 7256, 75244, 147486, 173080, 29768, 111883, 40371, 94901, 93685, 119043, 146818, 95642, 162238, 93983, 152495, 146695, 99319, 136117, 81953, 45408, 176544, 5520, 44857, 177245, 15090, 73487, 113132, 64703, 6531, 49391, 177647, 61578, 161602, 89385, 93053]",49,"[5.0, 5.0, 5.0, 4.0, 5.0, 5.0, 5.0, 5.0, 5.0, 5.0, 5.0, 5.0, 5.0, 5.0, 5.0, 5.0, 5.0, 5.0, 5.0, 1.0, 4.0, 5.0, 5.0, 5.0, 5.0, 5.0, 5.0, 5.0, 5.0, 5.0, 5.0, 5.0, 5.0, 5.0, 5.0, 5.0, 5.0, 5.0, 5.0, 5.0, 5.0, 5.0, 5.0, 5.0, 5.0, 5.0, 5.0, 5.0, 5.0]",49
21036,"[6, 0, 0, 3, 2, 0, 0, 0, 0, 5, 0, 0, 0, 0, 0, 0, 1, 0, 0, 0, 0, 0, 0, 0, 1, 0, 0, 1, 2, 0, 0, 0, 0, 5, 0, 0, 1, 0, 0, 0, 0, 0, 2, 0, 1, 0, 3, 0, 0, 0, 0, 0, 0, 1, 0, 0, 0, 2]","[73694, 165582, 145326, 147972, 67671, 111092, 176746, 97698, 169592, 134766, 53461, 37568]",12,"[5.0, 5.0, 5.0, 5.0, 5.0, 5.0, 5.0, 5.0, 5.0, 5.0, 5.0, 5.0]",12
6067,"[38, 0, 0, 10, 23, 1, 0, 2, 0, 27, 4, 1, 1, 0, 1, 0, 8, 0, 0, 2, 2, 2, 0, 3, 5, 0, 1, 2, 10, 3, 0, 1, 1, 19, 0, 0, 10, 6, 4, 1, 0, 1, 12, 3, 0, 0, 10, 0, 0, 1, 1, 3, 0, 5, 3, 5, 6, 8]","[15077, 23058, 129773, 14550, 19634, 63760, 126147, 32845, 4583, 156373, 20160, 57778, 121722, 129522, 111398, 112523, 44289, 104800, 85047, 82570, 89715, 47335, 134018, 114402, 114131, 91687, 74986, 27063, 66048, 4089, 22519, 109178, 64032, 87550, 153938, 66855, 172451, 20197, 157740, 175555, 105193, 55282, 22353, 82528, 124930, 38263, 22975, 16459, 152182, 149210, 17139, 74646, 67666, 117146, 13545, 129505, 3174, 63273, 41144, 169037, 139822, 112807, 28344, 72887, 168294, 108659, 16834, 9902, 129316, 91587, 121221, 99787, 146455, 87047]",74,"[5.0, 5.0, 5.0, 5.0, 5.0, 5.0, 5.0, 5.0, 5.0, 5.0, 5.0, 5.0, 5.0, 5.0, 5.0, 4.0, 4.0, 5.0, 5.0, 5.0, 5.0, 5.0, 5.0, 5.0, 5.0, 5.0, 5.0, 5.0, 5.0, 5.0, 5.0, 5.0, 5.0, 5.0, 5.0, 5.0, 5.0, 5.0, 5.0, 5.0, 5.0, 5.0, 5.0, 5.0, 5.0, 5.0, 5.0, 5.0, 5.0, 5.0, 5.0, 5.0, 5.0, 5.0, 5.0, 5.0, 5.0, 5.0, 5.0, 5.0, 5.0, 5.0, 5.0, 5.0, 5.0, 5.0, 5.0, 5.0, 5.0, 5.0, 5.0, 5.0, 5.0, 5.0]",74
5195,"[8, 0, 0, 4, 10, 0, 0, 0, 0, 13, 1, 0, 0, 0, 0, 0, 8, 0, 0, 2, 2, 0, 0, 4, 0, 0, 2, 1, 5, 1, 0, 0, 0, 6, 0, 0, 2, 3, 6, 0, 0, 0, 9, 7, 2, 0, 0, 1, 0, 3, 1, 0, 0, 8, 1, 7, 1, 0]","[131339, 21621, 62598, 70930, 148033, 131663, 131025, 46343, 26305, 64311, 74716, 121813, 75495, 175249, 172126, 113653, 130680, 153708, 177794, 27953, 90478, 119999, 22869, 7249, 97459, 138873, 73888, 110229, 26863, 2404]",30,"[5.0, 5.0, 5.0, 5.0, 5.0, 5.0, 5.0, 4.0, 5.0, 5.0, 5.0, 5.0, 5.0, 5.0, 5.0, 5.0, 4.0, 4.0, 5.0, 4.0, 5.0, 4.0, 5.0, 5.0, 4.0, 5.0, 5.0, 5.0, 5.0, 4.0]",30
11195,"[10, 3, 0, 3, 3, 0, 0, 0, 0, 7, 0, 0, 0, 0, 0, 0, 2, 0, 0, 0, 1, 0, 0, 1, 0, 0, 1, 1, 2, 0, 0, 0, 0, 9, 0, 0, 3, 0, 2, 0, 0, 0, 3, 3, 0, 0, 2, 0, 0, 1, 0, 0, 0, 1, 0, 1, 3, 0]","[39225, 170613, 14774, 156319, 56425, 29880, 160483, 102432, 125637, 59987, 81763, 11974, 177848, 158973, 129214, 17421, 14572, 8409, 177146]",19,"[5.0, 5.0, 5.0, 5.0, 5.0, 5.0, 5.0, 5.0, 4.0, 5.0, 5.0, 5.0, 5.0, 5.0, 5.0, 5.0, 5.0, 0.0, 5.0]",19
1241,"[4, 0, 0, 2, 1, 0, 0, 0, 1, 8, 1, 0, 0, 0, 0, 0, 2, 0, 0, 1, 1, 0, 0, 0, 0, 0, 1, 1, 1, 0, 0, 0, 0, 2, 0, 1, 0, 0, 0, 0, 0, 1, 1, 2, 0, 0, 1, 1, 0, 0, 0, 1, 0, 1, 1, 0, 0, 0]","[453, 134610, 75244, 45084, 129018, 60171, 81035, 100787, 23895, 161053]",10,"[5.0, 4.0, 4.0, 5.0, 4.0, 5.0, 4.0, 4.0, 5.0, 5.0]",10
3770,"[5, 0, 0, 3, 3, 0, 0, 1, 0, 2, 0, 0, 0, 0, 0, 0, 3, 0, 0, 0, 1, 0, 0, 0, 0, 0, 0, 0, 4, 0, 0, 0, 0, 5, 0, 0, 3, 0, 4, 0, 0, 0, 3, 2, 0, 0, 2, 0, 0, 0, 1, 0, 0, 2, 0, 2, 0, 2]","[2105, 137900, 118051, 64951, 11442, 1633, 131016, 117285, 113338, 168251, 147374]",11,"[5.0, 5.0, 5.0, 5.0, 5.0, 5.0, 5.0, 5.0, 5.0, 5.0, 5.0]",11
6509,"[7, 0, 0, 1, 2, 0, 0, 1, 0, 5, 0, 0, 0, 0, 1, 0, 1, 0, 0, 0, 0, 0, 0, 1, 1, 0, 0, 0, 3, 0, 0, 0, 0, 2, 0, 0, 1, 0, 0, 0, 0, 0, 2, 1, 0, 0, 0, 0, 0, 0, 0, 0, 0, 0, 1, 1, 1, 0]","[20868, 138427, 3459, 135961, 79270, 4783, 139822, 31881, 40986, 12087, 89385, 155908]",12,"[5.0, 5.0, 5.0, 5.0, 5.0, 5.0, 5.0, 5.0, 5.0, 5.0, 5.0, 5.0]",12
3675,"[21, 0, 0, 7, 9, 0, 0, 2, 1, 16, 0, 0, 0, 0, 1, 0, 4, 0, 0, 1, 3, 2, 0, 0, 2, 0, 1, 0, 7, 1, 0, 1, 0, 14, 2, 0, 7, 1, 3, 1, 0, 1, 6, 7, 0, 0, 4, 1, 0, 0, 0, 0, 0, 5, 1, 3, 5, 4]","[117521, 71045, 95981, 131947, 102591, 46612, 65323, 148487, 24595, 20523, 118836, 103290, 122158, 69707, 76140, 168367, 54850, 88315, 47255, 36616, 112001, 16150, 141578, 168126, 39146, 120103, 32035, 27225, 157732, 171925, 149284, 23509, 54986, 151283, 94593, 129505, 26878, 1565, 68803, 172667, 39438]",41,"[5.0, 5.0, 5.0, 5.0, 4.0, 5.0, 5.0, 5.0, 5.0, 5.0, 5.0, 5.0, 5.0, 5.0, 4.0, 4.0, 5.0, 4.0, 4.0, 5.0, 5.0, 5.0, 5.0, 5.0, 5.0, 5.0, 5.0, 0.0, 5.0, 0.0, 5.0, 5.0, 5.0, 5.0, 5.0, 5.0, 5.0, 0.0, 0.0, 5.0, 5.0]",41
4348,"[28, 0, 1, 5, 6, 0, 0, 0, 0, 17, 0, 0, 0, 0, 0, 0, 4, 0, 0, 0, 2, 1, 0, 0, 2, 0, 0, 3, 4, 1, 0, 0, 0, 11, 0, 0, 2, 2, 2, 0, 0, 1, 4, 5, 0, 0, 5, 0, 0, 0, 0, 2, 0, 1, 0, 1, 0, 4]","[78333, 71071, 99653, 172342, 34215, 153921, 87622, 36493, 157586, 4967, 51950, 156416, 74665, 83725, 147180, 162686, 62365, 83262, 74292, 21342, 16163, 149218, 148468, 157498, 120549, 11547, 136014, 6254, 89162, 36850, 80756, 173530, 72590, 1859, 85197, 93522, 98483, 62317, 8142, 54549, 52334, 50899]",42,"[5.0, 5.0, 5.0, 5.0, 5.0, 5.0, 4.0, 5.0, 5.0, 4.0, 5.0, 5.0, 5.0, 4.0, 5.0, 4.0, 5.0, 5.0, 5.0, 5.0, 5.0, 5.0, 5.0, 5.0, 5.0, 4.0, 5.0, 4.0, 5.0, 4.0, 5.0, 5.0, 4.0, 4.0, 5.0, 5.0, 5.0, 4.0, 5.0, 5.0, 5.0, 5.0]",42
17698,"[7, 0, 0, 3, 3, 0, 0, 1, 0, 4, 0, 0, 0, 0, 0, 0, 1, 0, 0, 0, 0, 0, 0, 0, 1, 0, 0, 2, 5, 1, 0, 0, 0, 4, 0, 0, 0, 0, 1, 0, 0, 0, 3, 1, 0, 0, 4, 0, 0, 0, 0, 0, 0, 0, 2, 0, 1, 1]","[96892, 26208, 132804, 124238, 97459, 141468, 104109, 105689, 71973, 22912, 159556, 177182, 154543, 67898, 54377]",15,"[5.0, 5.0, 5.0, 5.0, 5.0, 0.0, 5.0, 5.0, 5.0, 5.0, 5.0, 5.0, 5.0, 5.0, 5.0]",15
18327,"[2, 0, 0, 0, 3, 0, 0, 0, 0, 1, 1, 0, 0, 0, 0, 0, 2, 0, 0, 0, 2, 0, 0, 0, 0, 0, 0, 0, 0, 0, 0, 0, 0, 1, 0, 0, 0, 1, 2, 0, 0, 1, 4, 0, 0, 0, 0, 0, 0, 0, 0, 0, 0, 0, 0, 0, 0, 0]","[86051, 25374, 26053, 66232, 102615, 92327, 163574, 127219]",8,"[5.0, 5.0, 5.0, 5.0, 5.0, 5.0, 5.0, 5.0]",8
4560,"[24, 0, 0, 1, 15, 0, 1, 2, 0, 20, 2, 1, 0, 0, 0, 0, 5, 0, 0, 3, 3, 2, 1, 0, 0, 0, 0, 2, 17, 1, 0, 0, 0, 19, 0, 0, 3, 4, 3, 0, 0, 2, 9, 6, 1, 0, 11, 0, 0, 0, 0, 1, 0, 6, 0, 1, 1, 3]","[28083, 90709, 167228, 92594, 134747, 129505, 54293, 43844, 1022, 126547, 39834, 68321, 17186, 69461, 53953, 113341, 37047, 63809, 21510, 24199, 97663, 91238, 131918, 102942, 55237, 19316, 130591, 13216, 171293, 37952, 18722, 70529, 63916, 13238, 57655, 2010, 110166, 111381, 161497, 79562, 12903, 76205, 97816, 20247, 80952, 8271, 145292]",47,"[5.0, 5.0, 5.0, 5.0, 3.0, 3.0, 5.0, 5.0, 4.0, 3.0, 5.0, 5.0, 5.0, 5.0, 5.0, 4.0, 5.0, 5.0, 4.0, 5.0, 5.0, 5.0, 5.0, 5.0, 5.0, 5.0, 5.0, 5.0, 0.0, 5.0, 5.0, 5.0, 5.0, 5.0, 5.0, 5.0, 5.0, 5.0, 5.0, 5.0, 5.0, 4.0, 5.0, 5.0, 0.0, 5.0, 4.0]",47
8225,"[23, 0, 0, 10, 7, 0, 0, 1, 0, 15, 0, 1, 0, 0, 0, 0, 6, 0, 0, 3, 2, 0, 0, 0, 2, 0, 1, 2, 8, 2, 0, 2, 0, 10, 0, 0, 7, 1, 2, 0, 0, 1, 3, 1, 0, 0, 4, 1, 0, 1, 0, 0, 0, 1, 2, 5, 2, 4]","[136091, 49910, 79410, 142883, 24002, 168582, 41698, 7938, 95442, 162400, 5006, 142766, 124087, 58818, 60204, 50444, 6109, 113588, 39125, 45316, 125802, 64359, 118080, 67110, 7919, 163949, 41819, 46159, 97344, 105907, 120785, 51784, 7208, 8862, 38699, 101246, 140087, 2949]",38,"[5.0, 5.0, 5.0, 5.0, 5.0, 5.0, 5.0, 5.0, 5.0, 5.0, 5.0, 5.0, 5.0, 5.0, 5.0, 5.0, 5.0, 5.0, 5.0, 5.0, 5.0, 5.0, 5.0, 5.0, 5.0, 5.0, 5.0, 5.0, 5.0, 5.0, 5.0, 4.0, 4.0, 5.0, 5.0, 5.0, 5.0, 5.0]",38
11975,"[6, 0, 0, 0, 0, 0, 0, 0, 0, 7, 0, 1, 0, 0, 2, 0, 1, 0, 0, 0, 1, 0, 0, 0, 0, 0, 0, 2, 2, 0, 0, 0, 1, 0, 0, 0, 0, 0, 0, 0, 0, 2, 0, 7, 0, 0, 0, 0, 0, 0, 0, 0, 0, 0, 0, 1, 0, 0]","[10112, 71894, 80262, 125618, 62822, 36963, 74196, 113814, 9513, 24038, 129993]",11,"[5.0, 5.0, 5.0, 0.0, 5.0, 5.0, 5.0, 0.0, 5.0, 5.0, 5.0]",11
1356,"[49, 4, 1, 10, 26, 1, 1, 5, 4, 37, 0, 2, 0, 0, 3, 0, 26, 0, 0, 4, 6, 4, 0, 11, 2, 0, 6, 5, 19, 4, 0, 0, 0, 47, 0, 0, 13, 3, 5, 0, 0, 3, 17, 22, 1, 0, 9, 1, 0, 2, 0, 2, 0, 5, 5, 8, 4, 13]","[57595, 6664, 33065, 4218, 169903, 49640, 52076, 50885, 24963, 15173, 64802, 81468, 72580, 38699, 61725, 21617, 33882, 20898, 86397, 140087, 3080, 17468, 161086, 81311, 68029, 41859, 118823, 3003, 131089, 12938, 104330, 115557, 140502, 139669, 163142, 104030, 28560, 172734, 118146, 93346, 173938, 86888, 95273, 93698, 73439, 90959, 154702, 67801, 61969, 76078, 159581, 77786, 106714, 38492, 168504, 51001, 102601, 71554, 153379, 87199, 89386, 148855, 63634, 513, 76549, 32563, 82451, 30342, 76716, 89534, 10626, 176693, 99318, 143862, 35063, 120881, 52334, 116194, 113352, 110082, 90158, 105376, 19796, 15163, 47127, 34731, 31796, 87069, 126279, 45663, 32128, 57444, 36484, 99509, 45188, 149629, 158194, 101505, 79691, 129509, 16960, 6066, 63312, 46172, 125637, 129002, 54821, 2042, 116513, 70043, 28247, 65718, 85149, 136059, 91485, 18218, 9489, 54791]",118,"[5.0, 5.0, 5.0, 5.0, 5.0, 5.0, 5.0, 5.0, 5.0, 5.0, 5.0, 5.0, 5.0, 5.0, 5.0, 5.0, 5.0, 5.0, 5.0, 5.0, 5.0, 5.0, 5.0, 5.0, 5.0, 5.0, 5.0, 5.0, 5.0, 5.0, 5.0, 5.0, 5.0, 5.0, 5.0, 5.0, 5.0, 5.0, 5.0, 5.0, 5.0, 5.0, 5.0, 5.0, 5.0, 5.0, 5.0, 5.0, 5.0, 5.0, 5.0, 5.0, 5.0, 5.0, 5.0, 5.0, 5.0, 5.0, 5.0, 5.0, 5.0, 5.0, 5.0, 5.0, 5.0, 5.0, 5.0, 5.0, 5.0, 5.0, 5.0, 5.0, 5.0, 5.0, 5.0, 5.0, 4.0, 5.0, 5.0, 5.0, 4.0, 5.0, 4.0, 4.0, 5.0, 5.0, 5.0, 5.0, 5.0, 5.0, 5.0, 5.0, 5.0, 5.0, 5.0, 5.0, 5.0, 4.0, 5.0, 5.0, 5.0, 5.0, 5.0, 5.0, 5.0, 5.0, 0.0, 5.0, 4.0, 5.0, 5.0, 5.0, 5.0, 5.0, 5.0, 5.0, 5.0, 4.0]",118
12312,"[7, 0, 0, 0, 3, 0, 0, 0, 1, 9, 0, 0, 0, 0, 1, 0, 0, 0, 0, 0, 2, 0, 0, 2, 0, 0, 0, 1, 7, 0, 0, 0, 0, 5, 0, 0, 2, 2, 2, 0, 0, 0, 3, 3, 0, 0, 1, 0, 0, 1, 0, 0, 0, 2, 0, 2, 1, 1]","[115112, 15929, 123410, 64532, 47837, 114674, 136577, 77156, 52334, 82291, 68663, 9677, 152256, 39832, 114729, 157680, 86955, 84437, 145439, 89188]",20,"[4.0, 5.0, 5.0, 5.0, 0.0, 5.0, 5.0, 5.0, 4.0, 5.0, 5.0, 5.0, 4.0, 5.0, 4.0, 5.0, 4.0, 5.0, 5.0, 5.0]",20
1704,"[78, 4, 1, 25, 49, 0, 0, 8, 3, 74, 3, 4, 0, 0, 4, 0, 43, 0, 0, 13, 27, 9, 0, 28, 1, 0, 10, 17, 55, 10, 1, 2, 1, 59, 0, 3, 29, 10, 19, 0, 2, 12, 31, 47, 4, 3, 32, 6, 0, 2, 0, 8, 0, 16, 14, 21, 12, 30]","[34602, 140375, 145695, 172947, 94367, 73513, 148648, 149390, 48573, 102223, 30877, 64914, 140092, 140517, 128832, 70694, 98247, 36625, 94266, 162596, 128794, 116316, 169916, 97222, 52907, 18075, 94907, 116088, 87136, 169116, 148508, 42955, 178099, 147212, 93049, 153015, 158749, 88742, 79202, 30109, 119649, 25480, 170957, 99653, 73272, 93669, 40114, 140459, 91010, 22816, 102781, 64898, 61816, 68142, 166638, 115541, 38626, 29949, 99205, 43028, 121648, 81350, 100869, 46193, 100300, 148877, 129148, 56450, 117629, 30824, 116306, 129728, 155990, 87652, 116642, 87228, 5454, 68727, 98651, 30051, 137990, 74064, 29338, 8290, 169756, 72565, 27409, 19812, 60619, 28384, 82339, 20297, 27047, 105972, 63442, 11144, 57659, 14475, 154746, 4851, 177056, 3711, 15735, 146428, 48624, 140312, 110197, 112816, 18209, 8871, 148698, 127024, 28534, 143711, 117851, 143290, 144751, 80552, 78931, 153387, 144840, 25643, 64227, 38608, 121512, 50151, 55603, 10486, 39598, 86546, 173119, 79612, 151102, 154378, 169291, 52825, 177573, 123441, 2138, 17430, 47231, 141453, 67955, 65823, 137731, 115681, 153756, 67734, 127513, 93568, 29138, 160079, 58894, 80276, 35085, 136574, 127097, 41555, 147840, 36020, 88599, 167352, 145411, 69984, 145608, 87782, 9630, 119167, 59864, 3381, 144291, 132186, 166223, 57480, 45464, 132012, 58779, 1236, 149606, 54667, 159375, 22209, 102802, 86282, 131136, 64600, 166652, 3631, 157400, 5587, 86349, 85061, 9229, 40977, 38667, 167003, 137369, 93294, 159337, 152088, 165082, 45006, 61666, 114990, 8628, 47670, 61713, 62731, 43938, 93409, 141202, 111684, 52828, 32277, 30211, 100183, 149640, 127055, 125844, 83208, 156475, 92806, 667, 94671, 14248, 93790, 44776, 168378, 10645, 2274, 141812, 7038, 143683, 124232, 138672, 43188, 102303, 57650, 139263, 142350, 100644, 131607]",242,"[5.0, 5.0, 5.0, 5.0, 5.0, 5.0, 5.0, 5.0, 4.0, 4.0, 5.0, 5.0, 5.0, 5.0, 3.0, 4.0, 5.0, 5.0, 5.0, 5.0, 5.0, 5.0, 5.0, 5.0, 3.0, 4.0, 5.0, 5.0, 5.0, 3.0, 4.0, 3.0, 4.0, 4.0, 3.0, 3.0, 4.0, 5.0, 5.0, 5.0, 5.0, 4.0, 5.0, 5.0, 5.0, 3.0, 5.0, 5.0, 5.0, 5.0, 5.0, 5.0, 4.0, 5.0, 5.0, 5.0, 4.0, 0.0, 4.0, 5.0, 5.0, 5.0, 5.0, 5.0, 5.0, 4.0, 5.0, 5.0, 5.0, 4.0, 5.0, 4.0, 5.0, 4.0, 5.0, 5.0, 5.0, 5.0, 5.0, 5.0, 5.0, 5.0, 5.0, 5.0, 5.0, 5.0, 5.0, 4.0, 0.0, 3.0, 4.0, 5.0, 5.0, 5.0, 5.0, 5.0, 5.0, 5.0, 5.0, 5.0, 5.0, 5.0, 5.0, 5.0, 5.0, 5.0, 5.0, 5.0, 5.0, 5.0, 5.0, 5.0, 5.0, 5.0, 4.0, 4.0, 4.0, 5.0, 4.0, 4.0, 5.0, 5.0, 5.0, 4.0, 4.0, 5.0, 5.0, 5.0, 5.0, 5.0, 4.0, 5.0, 0.0, 5.0, 4.0, 5.0, 5.0, 5.0, 5.0, 5.0, 5.0, 5.0, 4.0, 3.0, 5.0, 5.0, 5.0, 3.0, 5.0, 5.0, 5.0, 5.0, 0.0, 5.0, 5.0, 5.0, 5.0, 5.0, 5.0, 4.0, 5.0, 5.0, 5.0, 5.0, 5.0, 5.0, 5.0, 5.0, 5.0, 5.0, 5.0, 4.0, 5.0, 4.0, 5.0, 5.0, 5.0, 5.0, 5.0, 5.0, 4.0, 5.0, 5.0, 5.0, 5.0, 5.0, 5.0, 5.0, 5.0, 5.0, 5.0, 5.0, 4.0, 5.0, 5.0, 5.0, 5.0, 5.0, 5.0, 5.0, 5.0, 5.0, 4.0, 5.0, 5.0, 5.0, 5.0, 5.0, 5.0, 5.0, 5.0, 5.0, 5.0, 5.0, 5.0, 5.0, 5.0, 0.0, 4.0, 3.0, 5.0, 5.0, 4.0, 5.0, 5.0, 5.0, 3.0, 5.0, 4.0, 5.0, 4.0, 5.0, 5.0, 5.0, 5.0, 5.0, 5.0, 5.0, 5.0, 5.0, 4.0, 5.0]",242
12630,"[3, 0, 0, 1, 3, 0, 0, 1, 0, 3, 1, 1, 0, 0, 0, 0, 4, 0, 0, 0, 1, 1, 0, 2, 0, 0, 0, 0, 3, 0, 0, 0, 0, 1, 0, 0, 2, 0, 0, 0, 0, 1, 1, 1, 0, 0, 1, 0, 0, 0, 0, 0, 0, 0, 1, 0, 0, 1]","[134610, 110017, 73493, 10735, 37409, 99653, 75061]",7,"[5.0, 5.0, 5.0, 4.0, 4.0, 5.0, 5.0]",7
15603,"[8, 0, 0, 0, 1, 0, 0, 0, 0, 5, 0, 0, 0, 0, 0, 0, 0, 0, 0, 0, 0, 0, 0, 0, 0, 0, 0, 0, 1, 0, 0, 0, 0, 1, 0, 0, 2, 0, 1, 0, 0, 0, 1, 1, 0, 0, 1, 0, 0, 0, 1, 0, 0, 0, 0, 0, 0, 0]","[33649, 134675, 60403, 160680, 131437, 16322, 138083, 24634, 177101]",9,"[5.0, 4.0, 4.0, 4.0, 4.0, 4.0, 5.0, 5.0, 5.0]",9
6297,"[2, 0, 0, 5, 8, 0, 0, 0, 0, 6, 0, 0, 0, 0, 1, 0, 1, 1, 0, 0, 0, 0, 0, 1, 0, 0, 0, 0, 0, 0, 0, 0, 0, 3, 0, 0, 0, 2, 0, 0, 0, 0, 3, 0, 0, 0, 1, 0, 0, 1, 0, 0, 0, 0, 0, 3, 0, 2]","[157499, 32696, 46411, 80993, 3268, 29758, 64393, 64008, 106676, 75792, 93894, 18905, 66519, 11048, 125699, 162139]",16,"[5.0, 5.0, 5.0, 5.0, 4.0, 4.0, 5.0, 4.0, 5.0, 5.0, 5.0, 5.0, 5.0, 5.0, 5.0, 5.0]",16
21233,"[3, 0, 0, 0, 1, 0, 0, 1, 0, 0, 1, 0, 0, 0, 0, 0, 1, 0, 0, 1, 0, 0, 0, 1, 0, 0, 1, 0, 2, 0, 0, 0, 0, 3, 0, 0, 2, 2, 0, 0, 0, 0, 0, 1, 0, 0, 0, 0, 0, 1, 0, 0, 0, 0, 0, 1, 1, 1]","[109766, 77322, 38541, 101065, 134387, 80290, 99787]",7,"[5.0, 5.0, 5.0, 5.0, 5.0, 4.0, 5.0]",7
2519,"[19, 0, 1, 10, 13, 0, 1, 2, 0, 21, 2, 3, 0, 0, 2, 0, 7, 0, 0, 0, 11, 2, 1, 6, 0, 0, 3, 5, 7, 0, 0, 0, 0, 15, 0, 3, 5, 4, 7, 0, 0, 1, 17, 9, 0, 1, 4, 2, 0, 0, 1, 3, 0, 4, 1, 12, 0, 6]","[138686, 41427, 14789, 171279, 170924, 177846, 174109, 36439, 69472, 99121, 148910, 116302, 150744, 33235, 167023, 58492, 167268, 121340, 49573, 155979, 37400, 152042, 41169, 137694, 96199, 9651, 12791, 94478, 24669, 976, 44903, 4954, 136551, 148472, 19253, 112860, 145727, 120053, 60732, 118937, 126731, 88568, 98739, 75918, 78605, 17817, 1370, 65384, 56157, 13009, 138555, 78733, 79091, 51205, 174824, 131203, 170326, 123072, 54875, 169085, 72740, 122209, 151610, 74464, 81458, 95880, 48421, 96575, 80693, 81884, 109747]",71,"[5.0, 4.0, 5.0, 4.0, 3.0, 3.0, 4.0, 3.0, 4.0, 5.0, 3.0, 5.0, 4.0, 4.0, 4.0, 4.0, 3.0, 3.0, 4.0, 3.0, 5.0, 4.0, 5.0, 5.0, 4.0, 4.0, 4.0, 4.0, 5.0, 4.0, 2.0, 4.0, 4.0, 5.0, 3.0, 4.0, 5.0, 5.0, 4.0, 3.0, 3.0, 4.0, 4.0, 4.0, 4.0, 4.0, 4.0, 3.0, 4.0, 3.0, 2.0, 5.0, 5.0, 4.0, 4.0, 5.0, 0.0, 3.0, 3.0, 3.0, 4.0, 4.0, 5.0, 4.0, 3.0, 4.0, 3.0, 4.0, 4.0, 2.0, 5.0]",71
20235,"[1, 0, 0, 1, 1, 0, 0, 1, 0, 1, 0, 0, 0, 0, 0, 0, 1, 0, 0, 0, 1, 0, 0, 0, 0, 0, 0, 0, 1, 0, 0, 0, 0, 1, 0, 0, 0, 0, 2, 0, 0, 0, 4, 3, 0, 0, 0, 0, 0, 0, 0, 0, 0, 0, 0, 1, 0, 0]","[117899, 33250, 110405, 150197, 65468, 91255, 147374]",7,"[5.0, 5.0, 5.0, 5.0, 5.0, 5.0, 5.0]",7
12203,"[19, 0, 0, 9, 4, 0, 0, 0, 0, 10, 1, 0, 0, 0, 0, 0, 1, 0, 0, 0, 1, 1, 0, 0, 1, 0, 1, 0, 8, 3, 0, 0, 0, 8, 0, 0, 4, 1, 2, 0, 0, 0, 3, 0, 0, 0, 6, 0, 0, 1, 0, 1, 0, 1, 0, 1, 0, 1]","[82283, 127790, 132083, 172804, 82426, 57578, 124501, 89840, 52463, 9875, 54684, 16840, 129940, 67087, 84265, 147708, 93195, 45396, 82838, 166867, 129573, 119970, 116326, 106079, 57758, 135961]",26,"[5.0, 5.0, 5.0, 5.0, 3.0, 5.0, 5.0, 5.0, 5.0, 5.0, 5.0, 5.0, 5.0, 5.0, 5.0, 5.0, 5.0, 5.0, 5.0, 5.0, 5.0, 4.0, 5.0, 4.0, 5.0, 5.0]",26
13441,"[6, 0, 0, 3, 4, 0, 0, 0, 0, 4, 0, 0, 0, 0, 0, 0, 2, 0, 0, 1, 0, 1, 0, 0, 0, 0, 0, 0, 1, 0, 0, 0, 0, 3, 0, 0, 2, 0, 1, 0, 0, 0, 2, 0, 0, 0, 3, 0, 0, 0, 0, 0, 0, 0, 0, 0, 0, 0]","[51784, 89955, 168812, 99682, 12086, 52334, 122779, 56054, 145439, 110064, 99969]",11,"[3.0, 5.0, 4.0, 5.0, 5.0, 5.0, 5.0, 5.0, 5.0, 5.0, 5.0]",11
1682,"[135, 1, 1, 72, 64, 0, 0, 11, 1, 137, 6, 5, 0, 0, 8, 0, 46, 0, 0, 15, 14, 13, 10, 15, 9, 0, 5, 22, 49, 14, 0, 0, 0, 90, 0, 10, 32, 9, 25, 0, 5, 11, 40, 66, 5, 0, 31, 3, 0, 5, 4, 4, 0, 18, 11, 34, 8, 32]","[89409, 108708, 62542, 114658, 135869, 41857, 134610, 137203, 134109, 84010, 84266, 20819, 124099, 104852, 121075, 68663, 59019, 129177, 16532, 159851, 11115, 113123, 57322, 167260, 127068, 127478, 99787, 165909, 109598, 153532, 140941, 34879, 49778, 164829, 125237, 61379, 90606, 133709, 20264, 23291, 109491, 35344, 95202, 9417, 19397, 131599, 55498, 155979, 59872, 121256, 31699, 151445, 147054, 166013, 145568, 19183, 51688, 6475, 122849, 28001, 24773, 147831, 70749, 21798, 82441, 118541, 168658, 147489, 56007, 22070, 140958, 18144, 21330, 67440, 25853, 77148, 121387, 149364, 138436, 5864, 7938, 139427, 58714, 10404, 60540, 140967, 164504, 86737, 20631, 28678, 77005, 130631, 75686, 6757, 116132, 159179, 5929, 102316, 113531, 52652, 39613, 6709, 171708, 107054, 26279, 131672, 44977, 109017, 107976, 151232, 90322, 87867, 140238, 119657, 46043, 151060, 129334, 151617, 137478, 82328, 53677, 69707, 81800, 79174, 94150, 150069, 56832, 27790, 166259, 65978, 90803, 38100, 95820, 64588, 59746, 173863, 120152, 176017, 171192, 151958, 117766, 110660, 149614, 154752, 100286, 17509, 111642, 77697, 117576, 110978, 125544, 37402, 23283, 130425, 85286, 67187, 65172, 90196, 33501, 87492, 21305, 60327, 39988, 71002, 139257, 11722, 8821, 103596, 90399, 117464, 127080, 55364, 102705, 96008, 89234, 155536, 177394, 127250, 17859, 135490, 88437, 56044, 20118, 53867, 172022, 156262, 134774, 110902, 18268, 140270, 2140, 170732, 151425, 106710, 44511, 32730, 150716, 169214, 1334, 617, 164203, 43550, 3851, 151181, 56060, 60958, 79894, 647, 97799, 129561, 51216, 94224, 19939, 147509, 39617, 2019, 114553, 137667, 56274, 137989, 89385, 38986, 86078, 50890, 37416, 25192, 28261, 103327, 137199, 133244, 126352, 172080, 72890, 148503, 113710, 63677, 159857, 130826, 33053, 65747, 141500, 157679, 76564, 97327, 152501, 114959, 171620, 95746, 27244, 97372, 163374, 68395, 66392, 176937, 135961, 54149, 111161, 126726, 54511, 45680, 26686, 110539, 6791, 75928, 80459, 147888, 143265, 144288, 159609, 110223, 109364, 141468, 173269, 90451, 122688, 56934, 83512, 20902, 34576, 157718, 135761, 137502, 1321, 46020, 51468, 7185, 56425, 102664, 55931, 87396, 159573, 151787, 34135, 33305, 140024, 83551, 37359, 14751, 154545, 26208, 145345, 99954, 151797, 14019, 173635, 48339, 63825, 163429, 164234, 75291, 162023, 8038, 1114, 119280, 32885, 138447, 2305, 164037, 66024, 107652, 20194, 150418, 65855, 88583, 79193, 90615, 3067, 8654, 128087, 173834, 128755, 172814, 74613, 12728, 87421, 75199, 115604, 17779]",338,"[5.0, 5.0, 3.0, 5.0, 5.0, 5.0, 5.0, 5.0, 5.0, 5.0, 5.0, 5.0, 5.0, 5.0, 5.0, 5.0, 4.0, 5.0, 5.0, 5.0, 5.0, 5.0, 5.0, 5.0, 4.0, 1.0, 4.0, 4.0, 4.0, 5.0, 5.0, 5.0, 5.0, 1.0, 5.0, 5.0, 5.0, 5.0, 5.0, 5.0, 0.0, 5.0, 5.0, 3.0, 5.0, 5.0, 5.0, 5.0, 5.0, 5.0, 5.0, 5.0, 5.0, 4.0, 4.0, 5.0, 4.0, 5.0, 5.0, 5.0, 5.0, 3.0, 5.0, 5.0, 5.0, 4.0, 5.0, 5.0, 5.0, 5.0, 5.0, 5.0, 5.0, 5.0, 4.0, 5.0, 4.0, 5.0, 5.0, 5.0, 5.0, 4.0, 5.0, 4.0, 5.0, 4.0, 5.0, 5.0, 4.0, 4.0, 5.0, 5.0, 4.0, 5.0, 5.0, 4.0, 5.0, 5.0, 5.0, 5.0, 5.0, 5.0, 5.0, 5.0, 5.0, 5.0, 5.0, 5.0, 5.0, 4.0, 4.0, 4.0, 4.0, 4.0, 5.0, 5.0, 5.0, 4.0, 4.0, 4.0, 5.0, 5.0, 5.0, 4.0, 5.0, 5.0, 5.0, 5.0, 5.0, 4.0, 4.0, 5.0, 5.0, 4.0, 5.0, 5.0, 4.0, 4.0, 5.0, 4.0, 4.0, 5.0, 5.0, 5.0, 5.0, 5.0, 5.0, 5.0, 5.0, 5.0, 5.0, 4.0, 5.0, 5.0, 5.0, 5.0, 5.0, 5.0, 5.0, 5.0, 5.0, 4.0, 4.0, 4.0, 3.0, 2.0, 4.0, 4.0, 5.0, 5.0, 5.0, 5.0, 4.0, 4.0, 5.0, 5.0, 5.0, 5.0, 4.0, 3.0, 5.0, 5.0, 5.0, 4.0, 5.0, 5.0, 5.0, 5.0, 4.0, 5.0, 5.0, 5.0, 5.0, 5.0, 5.0, 5.0, 5.0, 5.0, 5.0, 5.0, 5.0, 5.0, 4.0, 5.0, 4.0, 5.0, 5.0, 5.0, 5.0, 5.0, 5.0, 5.0, 5.0, 5.0, 5.0, 5.0, 5.0, 5.0, 5.0, 4.0, 5.0, 5.0, 5.0, 4.0, 5.0, 5.0, 5.0, 5.0, 5.0, 5.0, 5.0, 5.0, 5.0, 5.0, 5.0, 5.0, 5.0, 5.0, 5.0, 5.0, 5.0, 4.0, 5.0, 5.0, 5.0, 4.0, 5.0, 5.0, 4.0, 5.0, 5.0, 5.0, 5.0, 5.0, 5.0, 5.0, 4.0, 5.0, 5.0, 5.0, 5.0, 5.0, 5.0, 5.0, 5.0, 5.0, 5.0, 5.0, 5.0, 5.0, 5.0, 5.0, 5.0, 5.0, 4.0, 4.0, 4.0, 5.0, 5.0, 5.0, 5.0, 4.0, 5.0, 4.0, 5.0, 5.0, 0.0, 5.0, 5.0, 4.0, 4.0, 4.0, 5.0, 5.0, 5.0, 5.0, 5.0, 5.0, 5.0, 5.0, 5.0, 5.0, 4.0, 4.0, 5.0, 4.0, 5.0, 5.0, 5.0, 5.0, 4.0, 4.0, 4.0, 4.0, 5.0, 4.0, 5.0, 5.0, 5.0, 5.0, 5.0, 5.0, 5.0, 4.0, 5.0, 4.0, 5.0, 5.0, 4.0, 0.0, 5.0, 5.0, 5.0, 5.0, 5.0, 4.0, 5.0, 5.0]",338
22306,"[1, 0, 0, 4, 2, 0, 0, 0, 0, 0, 0, 1, 0, 0, 1, 0, 0, 0, 0, 0, 0, 0, 0, 1, 0, 0, 0, 0, 0, 0, 0, 0, 0, 0, 0, 1, 0, 1, 1, 0, 0, 0, 2, 1, 0, 0, 0, 0, 0, 0, 0, 0, 0, 0, 0, 0, 0, 0]","[95442, 137631, 46114, 58875, 141554, 127000]",6,"[5.0, 5.0, 4.0, 5.0, 5.0, 5.0]",6
10109,"[8, 0, 0, 2, 2, 0, 0, 0, 0, 7, 0, 0, 0, 0, 0, 0, 1, 0, 0, 0, 0, 0, 0, 0, 0, 0, 0, 0, 3, 1, 0, 0, 0, 4, 0, 0, 1, 0, 0, 0, 0, 0, 1, 0, 0, 0, 4, 0, 0, 0, 0, 0, 0, 0, 0, 0, 1, 1]","[76704, 17109, 102942, 78607, 141563, 7012, 90678, 102211, 7673]",9,"[5.0, 0.0, 5.0, 5.0, 2.0, 5.0, 2.0, 5.0, 5.0]",9
6605,"[30, 2, 0, 19, 28, 0, 1, 3, 1, 27, 6, 5, 2, 0, 6, 0, 35, 1, 1, 3, 20, 4, 1, 13, 2, 0, 6, 13, 20, 2, 0, 1, 0, 38, 0, 4, 18, 10, 4, 0, 0, 5, 27, 28, 1, 3, 9, 1, 0, 3, 1, 2, 1, 7, 7, 19, 0, 12]","[147683, 30058, 163875, 38698, 148816, 144530, 125916, 29067, 117235, 38857, 22919, 82441, 148831, 60835, 100824, 168772, 170654, 91354, 142410, 36413, 71693, 161919, 144013, 140302, 57691, 46781, 171772, 111039, 169141, 25048, 147180, 148892, 91709, 45133, 112817, 55957, 14512, 62093, 148482, 126905, 57128, 173523, 26381, 145950, 172532, 167808, 104236, 175345, 61452, 17322, 87596, 106588, 73750, 155250, 69194, 55953, 25622, 80774, 145422, 20977, 26173, 12782, 144652, 99293, 39859, 93537, 88353, 153571, 18468, 4289, 142267, 86796, 19218, 67159, 40024, 97784, 60561, 139251, 161866, 58304, 164361, 164080, 135698, 74909, 144725, 112040, 47781, 35360, 165421, 40340, 148036, 50784, 65529, 82159, 81558, 122583, 98381, 67319, 175395, 168467, 158904, 75576, 161331, 149302, 123934, 151680, 76166, 20800, 108846, 145954, 161889, 92292, 39971, 73568, 104288, 57737, 147526, 47715, 172640, 146212, 19242, 145323, 114018, 38117, 96626, 28634, 3527, 86004, 76737, 73246, 142050, 38825, 66938, 87775, 62991]",135,"[4.0, 0.0, 5.0, 5.0, 5.0, 3.0, 4.0, 4.0, 3.0, 5.0, 4.0, 4.0, 4.0, 4.0, 4.0, 3.0, 2.0, 1.0, 4.0, 5.0, 5.0, 4.0, 4.0, 5.0, 4.0, 3.0, 5.0, 5.0, 3.0, 4.0, 4.0, 5.0, 4.0, 4.0, 5.0, 3.0, 5.0, 2.0, 3.0, 5.0, 3.0, 4.0, 4.0, 5.0, 2.0, 4.0, 0.0, 3.0, 5.0, 3.0, 4.0, 3.0, 4.0, 4.0, 5.0, 5.0, 4.0, 4.0, 4.0, 4.0, 0.0, 4.0, 5.0, 5.0, 5.0, 5.0, 5.0, 4.0, 4.0, 3.0, 3.0, 5.0, 5.0, 5.0, 5.0, 5.0, 5.0, 4.0, 3.0, 5.0, 3.0, 3.0, 4.0, 5.0, 4.0, 3.0, 3.0, 3.0, 5.0, 4.0, 4.0, 5.0, 4.0, 3.0, 5.0, 3.0, 4.0, 5.0, 3.0, 4.0, 2.0, 5.0, 4.0, 4.0, 5.0, 5.0, 0.0, 4.0, 5.0, 5.0, 4.0, 4.0, 4.0, 4.0, 3.0, 3.0, 0.0, 3.0, 3.0, 5.0, 0.0, 3.0, 4.0, 4.0, 4.0, 4.0, 5.0, 5.0, 3.0, 4.0, 2.0, 4.0, 4.0, 2.0, 5.0]",135
197,"[13, 0, 0, 10, 8, 0, 0, 3, 0, 18, 1, 1, 0, 0, 1, 0, 9, 0, 0, 1, 3, 1, 0, 2, 0, 0, 0, 1, 14, 0, 0, 0, 0, 8, 0, 4, 3, 0, 4, 0, 0, 1, 10, 7, 0, 0, 6, 1, 0, 0, 1, 0, 0, 5, 0, 6, 2, 4]","[28409, 57603, 68738, 109747, 27680, 19211, 144275, 142628, 25518, 127846, 138800, 146055, 1246, 38205, 122927, 137158, 14508, 84, 34243, 34481, 123234, 29177, 23664, 55816, 53736, 103859, 142122, 24176, 42343, 134763, 81838, 71265, 137444, 98693, 52225, 126236, 39121, 111547]",38,"[5.0, 5.0, 4.0, 5.0, 5.0, 5.0, 5.0, 5.0, 2.0, 3.0, 3.0, 5.0, 5.0, 5.0, 5.0, 5.0, 5.0, 3.0, 4.0, 5.0, 1.0, 5.0, 5.0, 5.0, 4.0, 5.0, 0.0, 5.0, 3.0, 5.0, 5.0, 5.0, 5.0, 5.0, 3.0, 4.0, 5.0, 0.0]",38
14130,"[1, 0, 0, 2, 0, 0, 0, 0, 0, 2, 0, 0, 0, 0, 1, 0, 1, 0, 0, 0, 1, 0, 0, 0, 0, 0, 0, 1, 1, 0, 0, 0, 0, 3, 0, 0, 0, 0, 3, 0, 0, 0, 2, 3, 0, 0, 1, 0, 0, 0, 1, 0, 0, 0, 0, 1, 0, 0]","[90844, 109735, 116410, 123989, 138545, 29454, 141290, 162941, 163367, 172070]",10,"[5.0, 5.0, 5.0, 5.0, 5.0, 0.0, 5.0, 5.0, 5.0, 5.0]",10
1070,"[102, 1, 1, 31, 41, 0, 0, 6, 0, 60, 1, 3, 0, 0, 4, 0, 28, 0, 0, 7, 22, 5, 0, 5, 7, 0, 2, 9, 30, 3, 1, 0, 0, 41, 0, 0, 9, 6, 14, 1, 0, 6, 33, 30, 0, 1, 28, 3, 0, 2, 3, 3, 0, 14, 8, 17, 4, 10]","[103986, 103590, 45835, 69022, 99743, 108496, 146382, 100969, 4971, 29434, 34215, 121536, 103956, 11933, 163678, 162529, 78609, 46699, 17127, 149336, 8953, 2301, 69281, 164203, 111183, 127790, 21471, 114460, 51497, 149126, 175469, 48159, 101634, 170734, 20347, 59081, 93940, 22024, 94463, 81766, 68275, 36568, 160651, 153864, 88423, 46147, 20103, 7594, 44855, 146021, 22975, 122353, 60986, 33518, 14311, 96304, 177665, 115758, 102112, 110288, 86376, 11335, 100213, 32438, 98881, 167210, 154981, 15099, 13233, 107339, 25846, 172697, 119301, 110989, 60036, 151732, 46182, 68184, 33196, 127083, 21062, 90100, 115109, 112962, 44861, 44669, 139803, 65565, 361, 119202, 108110, 139776, 7278, 91768, 164608, 153178, 113968, 2281, 127235, 65859, 23298, 49389, 104261, 88131, 145590, 146229, 83231, 136212, 130055, 135732, 127804, 103819, 86263, 75726, 113162, 91755, 177867, 27324, 167545, 164816, 115045, 120214, 110431, 38493, 8863, 45824, 1694, 83359, 110750, 1700, 147856, 62687, 9352, 21072, 128152, 132682, 111735, 151265, 56433, 8623, 46490, 23653, 137786, 67005, 1633, 106852, 80020, 130193, 66523, 105225, 136977, 10971, 24869, 106723, 14290, 43565, 47072, 86393, 72955, 77348, 39353, 21618, 143106, 17926, 175149, 52182, 150946, 34884, 99869, 36940, 169786, 31620, 16153, 28277, 97468, 73769, 135688, 25804, 64188, 87946, 159957, 91812, 42406, 103059, 23462, 64391, 40389, 12025, 20460, 123491, 109181, 18757, 92382, 51046, 143166, 11378, 102527, 35716, 62793, 40682, 176280]",201,"[4.0, 5.0, 5.0, 5.0, 5.0, 5.0, 5.0, 4.0, 4.0, 4.0, 5.0, 5.0, 4.0, 5.0, 5.0, 4.0, 5.0, 5.0, 5.0, 5.0, 4.0, 5.0, 5.0, 5.0, 5.0, 0.0, 5.0, 5.0, 5.0, 5.0, 5.0, 5.0, 5.0, 5.0, 4.0, 4.0, 5.0, 5.0, 4.0, 5.0, 4.0, 1.0, 4.0, 5.0, 5.0, 5.0, 5.0, 4.0, 5.0, 3.0, 5.0, 5.0, 4.0, 4.0, 5.0, 0.0, 5.0, 4.0, 5.0, 5.0, 4.0, 5.0, 5.0, 5.0, 5.0, 4.0, 5.0, 5.0, 3.0, 5.0, 5.0, 4.0, 4.0, 3.0, 5.0, 5.0, 5.0, 5.0, 5.0, 4.0, 5.0, 5.0, 5.0, 5.0, 5.0, 5.0, 4.0, 5.0, 5.0, 4.0, 5.0, 5.0, 4.0, 0.0, 4.0, 5.0, 5.0, 5.0, 5.0, 5.0, 5.0, 5.0, 4.0, 2.0, 5.0, 4.0, 4.0, 5.0, 4.0, 4.0, 4.0, 5.0, 5.0, 5.0, 5.0, 3.0, 5.0, 5.0, 4.0, 4.0, 5.0, 5.0, 5.0, 5.0, 4.0, 5.0, 4.0, 4.0, 5.0, 4.0, 5.0, 5.0, 4.0, 4.0, 5.0, 5.0, 5.0, 4.0, 5.0, 4.0, 5.0, 5.0, 5.0, 5.0, 5.0, 5.0, 4.0, 4.0, 5.0, 5.0, 4.0, 5.0, 5.0, 4.0, 5.0, 5.0, 5.0, 5.0, 5.0, 5.0, 5.0, 5.0, 5.0, 5.0, 4.0, 5.0, 4.0, 5.0, 4.0, 5.0, 5.0, 5.0, 5.0, 5.0, 4.0, 5.0, 5.0, 5.0, 5.0, 5.0, 5.0, 5.0, 5.0, 4.0, 4.0, 4.0, 4.0, 4.0, 5.0, 4.0, 4.0, 5.0, 4.0, 5.0, 5.0, 5.0, 0.0, 4.0, 4.0, 4.0, 5.0]",201
5629,"[28, 0, 0, 11, 11, 0, 0, 1, 1, 20, 0, 0, 0, 0, 0, 0, 3, 0, 0, 1, 1, 0, 1, 3, 0, 0, 2, 0, 9, 2, 0, 0, 0, 20, 0, 0, 5, 3, 1, 1, 0, 1, 6, 5, 0, 0, 9, 1, 0, 1, 1, 0, 0, 4, 0, 3, 4, 1]","[39891, 93076, 176868, 116029, 47429, 128535, 51424, 26146, 85320, 25606, 49181, 55984, 153117, 163090, 122536, 106295, 30000, 109481, 38498, 147374, 52334, 64997, 82121, 34556, 133349, 99149, 97448, 67930, 73956, 22465, 66950, 161412, 147679, 36155, 129801, 162734, 47210, 45418, 125637, 9325, 42988, 148490, 35438, 2756, 165705, 10346, 83881, 41965, 164321, 20268]",50,"[4.0, 5.0, 5.0, 5.0, 5.0, 3.0, 5.0, 5.0, 5.0, 2.0, 4.0, 5.0, 3.0, 5.0, 2.0, 5.0, 4.0, 5.0, 4.0, 5.0, 5.0, 5.0, 5.0, 5.0, 5.0, 5.0, 5.0, 5.0, 5.0, 5.0, 5.0, 5.0, 2.0, 5.0, 5.0, 5.0, 5.0, 4.0, 2.0, 5.0, 5.0, 4.0, 2.0, 5.0, 3.0, 4.0, 5.0, 5.0, 5.0, 4.0]",50
7023,"[8, 0, 0, 6, 4, 0, 0, 1, 0, 6, 0, 0, 0, 0, 0, 0, 6, 0, 0, 3, 5, 1, 0, 5, 0, 0, 4, 0, 4, 0, 0, 0, 0, 8, 0, 0, 2, 2, 1, 0, 0, 0, 4, 7, 1, 0, 4, 1, 0, 0, 0, 0, 0, 0, 2, 6, 1, 6]","[134720, 24935, 35234, 140148, 158113, 119940, 77779, 118811, 35405, 91793, 21734, 18194, 136097, 39122, 21353, 68348, 7859, 96245, 160732, 3922, 123199, 124605, 142303, 17168, 74004, 167045, 115401, 162942, 21775, 121947, 78824, 42241]",32,"[4.0, 5.0, 5.0, 5.0, 5.0, 4.0, 5.0, 5.0, 5.0, 5.0, 5.0, 5.0, 5.0, 5.0, 5.0, 5.0, 4.0, 5.0, 5.0, 4.0, 5.0, 5.0, 4.0, 4.0, 5.0, 5.0, 5.0, 5.0, 5.0, 5.0, 5.0, 5.0]",32
6307,"[20, 0, 0, 6, 7, 0, 0, 0, 0, 20, 2, 1, 0, 0, 0, 0, 7, 0, 0, 6, 1, 2, 0, 3, 0, 0, 3, 3, 5, 3, 0, 0, 0, 16, 0, 0, 8, 2, 0, 1, 0, 1, 3, 8, 3, 1, 6, 0, 0, 1, 0, 0, 0, 2, 0, 1, 3, 3]","[31918, 147374, 148573, 57192, 11324, 81739, 170188, 160507, 133540, 130650, 149048, 39906, 177509, 92269, 82100, 124559, 146566, 97284, 170377, 130591, 123816, 137198, 73888, 51263, 3276, 131928, 46823, 88470, 112633, 44502, 142939, 89034, 76947, 11458, 82983, 138454, 71421, 47956, 14774, 139349, 46812, 90678]",42,"[5.0, 5.0, 3.0, 5.0, 5.0, 5.0, 5.0, 5.0, 5.0, 4.0, 5.0, 5.0, 5.0, 5.0, 5.0, 5.0, 5.0, 4.0, 5.0, 5.0, 4.0, 2.0, 5.0, 5.0, 5.0, 5.0, 5.0, 5.0, 5.0, 5.0, 5.0, 0.0, 5.0, 5.0, 4.0, 2.0, 5.0, 5.0, 5.0, 5.0, 5.0, 3.0]",42
13855,"[2, 0, 0, 0, 1, 0, 0, 0, 0, 2, 0, 1, 0, 0, 0, 0, 0, 0, 0, 0, 0, 1, 0, 1, 0, 0, 0, 0, 0, 0, 0, 0, 0, 2, 0, 0, 1, 0, 1, 0, 1, 0, 0, 2, 0, 0, 0, 0, 0, 0, 0, 0, 0, 0, 0, 1, 0, 1]","[139948, 85914, 13020, 177514, 56272, 178015]",6,"[5.0, 5.0, 5.0, 5.0, 0.0, 5.0]",6
4096,"[4, 0, 0, 2, 3, 0, 0, 0, 0, 4, 4, 1, 0, 0, 0, 0, 1, 0, 0, 1, 1, 0, 0, 0, 1, 0, 0, 0, 2, 0, 0, 0, 0, 4, 0, 0, 1, 1, 2, 0, 0, 1, 3, 0, 1, 0, 2, 1, 0, 0, 0, 0, 0, 0, 0, 1, 0, 0]","[147272, 142774, 149428, 80962, 28774, 146878, 160427, 114402, 11727, 17465, 104812, 46487, 43071, 97415, 70218, 36895]",16,"[5.0, 2.0, 5.0, 5.0, 5.0, 5.0, 3.0, 5.0, 4.0, 5.0, 5.0, 5.0, 3.0, 5.0, 5.0, 5.0]",16
16363,"[4, 0, 0, 3, 2, 0, 0, 0, 0, 4, 1, 1, 0, 0, 0, 0, 2, 0, 0, 0, 2, 0, 0, 1, 0, 0, 0, 0, 2, 0, 0, 0, 0, 3, 0, 0, 1, 2, 0, 0, 0, 0, 2, 1, 0, 0, 1, 0, 0, 0, 0, 0, 0, 1, 2, 0, 0, 1]","[95593, 169731, 37409, 98362, 110190, 165350, 109629, 18210, 99787, 23525]",10,"[5.0, 5.0, 5.0, 5.0, 5.0, 5.0, 5.0, 5.0, 5.0, 5.0]",10
14277,"[4, 0, 0, 0, 2, 0, 0, 0, 0, 2, 1, 0, 0, 0, 0, 0, 1, 0, 0, 0, 0, 0, 0, 0, 0, 0, 0, 0, 1, 0, 0, 0, 0, 2, 0, 0, 1, 0, 0, 0, 0, 0, 0, 0, 0, 0, 1, 0, 0, 0, 0, 0, 0, 1, 0, 2, 0, 1]","[32114, 114795, 164203, 52334, 54613, 24309]",6,"[5.0, 4.0, 0.0, 5.0, 1.0, 5.0]",6
8819,"[3, 0, 0, 2, 1, 0, 0, 1, 0, 3, 0, 0, 0, 0, 0, 0, 0, 0, 0, 1, 0, 0, 0, 2, 0, 0, 0, 1, 3, 0, 0, 0, 0, 0, 0, 1, 0, 0, 0, 0, 0, 0, 1, 0, 0, 1, 0, 0, 0, 0, 0, 0, 0, 1, 1, 1, 0, 0]","[19297, 16284, 76381, 36207, 5593, 133437, 92548, 121747]",8,"[5.0, 5.0, 4.0, 5.0, 5.0, 3.0, 5.0, 5.0]",8
7138,"[1, 0, 0, 0, 1, 0, 0, 1, 0, 3, 1, 0, 0, 0, 0, 0, 2, 0, 0, 0, 0, 3, 0, 1, 0, 0, 0, 0, 1, 0, 0, 0, 0, 3, 0, 0, 0, 1, 1, 0, 0, 2, 1, 1, 1, 0, 0, 1, 0, 0, 0, 0, 0, 0, 0, 1, 0, 0]","[87350, 4049, 169524, 99787, 73493, 53391]",6,"[5.0, 5.0, 4.0, 5.0, 5.0, 5.0]",6
16436,"[9, 0, 0, 3, 0, 0, 0, 0, 0, 5, 0, 0, 0, 0, 1, 0, 0, 0, 0, 2, 0, 0, 0, 0, 0, 0, 0, 0, 2, 0, 0, 0, 0, 0, 0, 1, 1, 0, 0, 0, 0, 0, 1, 0, 0, 0, 1, 0, 0, 0, 0, 1, 0, 2, 0, 0, 1, 1]","[107502, 93637, 166633, 138058, 18465, 136347, 25560, 110516, 23291, 21417, 86217, 116421]",12,"[5.0, 4.0, 4.0, 4.0, 5.0, 5.0, 5.0, 5.0, 5.0, 5.0, 4.0, 5.0]",12
13278,"[2, 1, 0, 0, 1, 0, 0, 1, 0, 1, 2, 0, 0, 0, 0, 0, 1, 0, 0, 0, 1, 0, 0, 0, 0, 0, 1, 0, 1, 0, 0, 0, 0, 4, 0, 0, 1, 0, 0, 0, 0, 1, 0, 1, 0, 0, 3, 0, 0, 0, 0, 0, 0, 0, 0, 2, 0, 0]","[11814, 123206, 114402, 170732, 98797, 117899, 68877]",7,"[5.0, 5.0, 5.0, 5.0, 5.0, 5.0, 4.0]",7
18357,"[3, 0, 0, 1, 1, 0, 0, 0, 0, 3, 0, 0, 0, 0, 0, 0, 0, 0, 0, 0, 1, 0, 0, 2, 0, 0, 1, 0, 0, 0, 0, 0, 0, 2, 0, 0, 2, 1, 1, 0, 0, 0, 1, 1, 1, 0, 3, 0, 0, 0, 0, 1, 0, 0, 0, 0, 1, 1]","[60958, 62999, 56074, 163127, 46641, 147374, 74195, 170232]",8,"[5.0, 5.0, 5.0, 5.0, 4.0, 0.0, 5.0, 5.0]",8
1373,"[50, 2, 1, 22, 28, 0, 2, 2, 0, 42, 0, 6, 0, 0, 1, 0, 20, 0, 0, 3, 10, 0, 0, 10, 1, 0, 9, 8, 27, 2, 0, 1, 0, 31, 0, 1, 18, 4, 8, 0, 0, 4, 22, 13, 1, 0, 17, 0, 0, 1, 1, 0, 0, 7, 1, 11, 3, 11]","[74300, 47026, 136845, 75006, 65578, 6810, 104119, 38413, 46490, 13438, 4126, 50820, 118180, 2142, 5066, 70385, 137929, 161707, 114177, 153287, 116125, 99682, 82791, 142603, 106973, 22870, 91247, 93295, 116890, 130507, 38348, 16103, 68893, 120400, 174747, 70938, 132325, 53600, 109171, 20228, 96313, 54303, 8737, 49889, 16456, 153014, 101819, 66508, 54670, 58248, 97342, 91100, 173156, 17632, 2304, 119044, 21793, 130017, 36649, 145050, 74195, 25455, 529, 174138, 118051, 142495, 46510, 125155, 3601, 140993, 171717, 32600, 46588, 115225, 50551, 41209, 135328, 87631, 92384, 136789, 7910, 102620, 104309, 67956, 91430, 145305, 19160, 42044, 165439, 19316, 124630, 113221, 4313, 176587, 102211, 176388, 176014, 54612, 1169, 129890, 40574, 38699, 86460, 103393, 145613, 42406, 143311, 647, 37400, 82397, 9579, 128480, 128131, 157752, 107507, 135078, 68195, 42737, 138922, 114934, 144609]",121,"[4.0, 5.0, 5.0, 4.0, 5.0, 4.0, 5.0, 5.0, 5.0, 4.0, 4.0, 0.0, 5.0, 4.0, 5.0, 4.0, 5.0, 5.0, 5.0, 5.0, 4.0, 5.0, 3.0, 4.0, 5.0, 5.0, 5.0, 5.0, 5.0, 5.0, 3.0, 4.0, 5.0, 5.0, 5.0, 5.0, 5.0, 5.0, 4.0, 4.0, 4.0, 5.0, 5.0, 5.0, 4.0, 5.0, 5.0, 5.0, 4.0, 4.0, 4.0, 5.0, 5.0, 5.0, 5.0, 5.0, 5.0, 4.0, 5.0, 5.0, 5.0, 5.0, 5.0, 5.0, 5.0, 5.0, 5.0, 5.0, 5.0, 5.0, 5.0, 5.0, 5.0, 4.0, 5.0, 4.0, 5.0, 5.0, 4.0, 5.0, 5.0, 5.0, 4.0, 4.0, 4.0, 5.0, 5.0, 5.0, 4.0, 4.0, 5.0, 5.0, 5.0, 5.0, 5.0, 5.0, 5.0, 4.0, 5.0, 5.0, 5.0, 5.0, 5.0, 5.0, 4.0, 5.0, 5.0, 5.0, 4.0, 5.0, 5.0, 5.0, 5.0, 5.0, 5.0, 5.0, 5.0, 5.0, 4.0, 5.0, 5.0]",121
10238,"[8, 0, 0, 3, 4, 0, 0, 3, 0, 5, 0, 0, 0, 0, 0, 0, 0, 0, 0, 0, 0, 1, 0, 1, 0, 0, 0, 1, 3, 2, 0, 0, 0, 4, 0, 0, 2, 1, 0, 0, 0, 0, 2, 2, 0, 0, 2, 0, 0, 1, 0, 1, 0, 1, 0, 1, 2, 1]","[19634, 7223, 34819, 142052, 165420, 91887, 54855, 33864, 80449, 18324, 146982, 140405, 117840, 159031, 90533, 10663]",16,"[5.0, 5.0, 5.0, 5.0, 5.0, 5.0, 5.0, 5.0, 0.0, 5.0, 5.0, 5.0, 5.0, 5.0, 5.0, 0.0]",16
1432,"[15, 0, 0, 5, 3, 0, 0, 2, 1, 16, 9, 0, 0, 0, 0, 0, 8, 0, 0, 2, 5, 2, 1, 3, 0, 0, 0, 0, 9, 1, 0, 0, 0, 15, 0, 0, 3, 4, 5, 0, 0, 3, 5, 11, 3, 1, 1, 1, 0, 1, 0, 0, 0, 2, 2, 8, 0, 2]","[41819, 123297, 161863, 63565, 78979, 123678, 19222, 156052, 78929, 541, 175110, 93265, 97933, 74897, 31033, 101550, 16349, 19887, 23933, 91924, 45525, 164321, 8136, 132802, 112404, 129664, 71865, 150120, 614, 57401, 61725, 134610, 982, 127907, 44714, 174552, 82626, 10859, 92937, 82291, 172236, 46164, 109282, 119956, 139822]",45,"[5.0, 5.0, 3.0, 5.0, 5.0, 5.0, 5.0, 4.0, 2.0, 5.0, 5.0, 4.0, 5.0, 5.0, 5.0, 5.0, 5.0, 5.0, 3.0, 5.0, 5.0, 5.0, 2.0, 5.0, 5.0, 2.0, 5.0, 5.0, 5.0, 4.0, 5.0, 4.0, 3.0, 5.0, 0.0, 5.0, 5.0, 5.0, 5.0, 5.0, 4.0, 5.0, 2.0, 5.0, 5.0]",45
2341,"[9, 0, 2, 14, 53, 0, 0, 0, 0, 25, 3, 2, 0, 0, 4, 0, 39, 0, 0, 2, 3, 7, 1, 1, 0, 0, 1, 1, 13, 6, 0, 4, 0, 19, 0, 2, 6, 1, 15, 0, 0, 8, 47, 13, 2, 1, 6, 1, 0, 2, 1, 0, 0, 6, 6, 17, 3, 5]","[84284, 26464, 82633, 112499, 8797, 1080, 172465, 900, 168594, 32727, 9557, 96302, 23058, 43266, 136162, 96276, 54613, 63104, 28165, 58795, 78417, 143023, 136147, 145440, 169571, 127892, 163018, 153803, 90681, 63365, 60250, 41925, 122593, 72253, 8131, 38081, 34602, 19070, 108330, 14369, 81100, 15334, 125797, 16031, 118643, 71670, 156860, 85341, 117438, 93056, 66415, 67586, 71611, 59196, 12695, 162124, 14930, 111419, 150638, 70662, 26628, 47468, 153344, 93608, 145976, 5881, 78850, 86103, 24436, 100133, 147803, 108289, 39150, 13523, 150489, 128681, 21324, 173231, 114894, 103351, 159657, 79916, 158221, 172468, 133456, 45513, 12003, 74261, 41255, 143790, 43282, 38819, 140513, 29626, 62746, 22015, 63913, 13856, 84330, 90104, 8160, 14951, 46671, 133382, 103832, 162802, 46699, 15619, 23333, 139940, 150137, 46036, 130340, 160650, 146104, 25490, 108899, 5867, 128543, 113903, 61963, 15703, 26250, 35295, 2988, 138945, 39702, 88104, 75255, 24649]",130,"[4.0, 4.0, 4.0, 5.0, 5.0, 5.0, 4.0, 5.0, 5.0, 5.0, 5.0, 5.0, 5.0, 5.0, 4.0, 5.0, 4.0, 5.0, 5.0, 4.0, 4.0, 5.0, 5.0, 4.0, 5.0, 4.0, 4.0, 5.0, 4.0, 4.0, 5.0, 5.0, 5.0, 5.0, 4.0, 4.0, 5.0, 5.0, 5.0, 5.0, 5.0, 4.0, 5.0, 4.0, 5.0, 4.0, 4.0, 5.0, 5.0, 4.0, 5.0, 5.0, 5.0, 4.0, 5.0, 5.0, 4.0, 5.0, 5.0, 5.0, 4.0, 4.0, 5.0, 4.0, 5.0, 4.0, 5.0, 5.0, 5.0, 5.0, 4.0, 5.0, 4.0, 5.0, 4.0, 4.0, 4.0, 5.0, 5.0, 5.0, 5.0, 4.0, 5.0, 5.0, 4.0, 5.0, 4.0, 5.0, 5.0, 4.0, 5.0, 5.0, 5.0, 5.0, 5.0, 5.0, 5.0, 5.0, 5.0, 5.0, 5.0, 4.0, 5.0, 5.0, 5.0, 5.0, 5.0, 5.0, 5.0, 5.0, 5.0, 5.0, 5.0, 5.0, 5.0, 5.0, 5.0, 5.0, 5.0, 5.0, 5.0, 5.0, 5.0, 5.0, 5.0, 5.0, 5.0, 5.0, 5.0, 5.0]",130
10352,"[7, 0, 0, 2, 4, 0, 0, 1, 1, 6, 0, 0, 1, 0, 3, 0, 1, 0, 0, 0, 3, 1, 0, 0, 0, 0, 1, 0, 1, 0, 0, 0, 0, 4, 1, 0, 1, 2, 3, 0, 0, 0, 5, 3, 0, 1, 1, 0, 0, 1, 0, 0, 0, 1, 0, 1, 0, 0]","[128001, 98483, 7334, 64156, 92359, 117452, 13747, 123294, 89137, 10242, 8389, 99301, 132182, 120374, 59392]",15,"[5.0, 5.0, 5.0, 5.0, 5.0, 5.0, 5.0, 5.0, 4.0, 5.0, 5.0, 5.0, 5.0, 5.0, 5.0]",15
22538,"[2, 0, 0, 2, 2, 0, 0, 0, 0, 3, 0, 1, 0, 0, 0, 0, 1, 0, 0, 0, 1, 0, 1, 1, 0, 0, 1, 0, 2, 0, 0, 0, 0, 1, 0, 0, 0, 0, 1, 0, 0, 0, 1, 1, 0, 0, 1, 0, 0, 0, 0, 0, 0, 0, 0, 0, 0, 1]","[162866, 72891, 159089, 48398, 148096, 141665]",6,"[5.0, 5.0, 3.0, 5.0, 5.0, 5.0]",6
8905,"[4, 0, 0, 0, 2, 0, 0, 0, 0, 3, 1, 1, 0, 0, 0, 0, 2, 0, 0, 2, 2, 0, 0, 0, 0, 0, 0, 1, 3, 0, 0, 0, 0, 3, 0, 0, 2, 0, 1, 0, 0, 0, 3, 2, 0, 0, 1, 0, 0, 1, 0, 0, 0, 2, 0, 0, 1, 1]","[94223, 5697, 27307, 110888, 7926, 63964, 15931, 111487, 103877]",9,"[1.0, 5.0, 5.0, 5.0, 5.0, 5.0, 5.0, 5.0, 5.0]",9
9181,"[12, 0, 0, 5, 2, 0, 0, 0, 0, 4, 1, 1, 0, 0, 0, 0, 4, 0, 0, 1, 0, 1, 0, 2, 1, 0, 0, 0, 1, 0, 0, 0, 0, 4, 0, 0, 6, 2, 1, 0, 0, 0, 2, 4, 0, 0, 4, 0, 0, 0, 1, 0, 0, 0, 1, 0, 0, 1]","[122279, 5978, 130034, 31260, 12943, 93275, 15173, 17760, 97975, 67055, 141842, 143910, 55282, 71135, 65578, 32139, 95268, 30593, 77528]",19,"[5.0, 5.0, 5.0, 5.0, 5.0, 5.0, 5.0, 5.0, 5.0, 5.0, 5.0, 5.0, 5.0, 5.0, 5.0, 0.0, 5.0, 5.0, 5.0]",19
2979,"[2, 0, 0, 1, 0, 0, 0, 0, 0, 2, 0, 0, 0, 0, 0, 0, 2, 0, 0, 1, 2, 1, 0, 3, 0, 0, 0, 0, 2, 0, 0, 0, 0, 1, 0, 0, 0, 0, 2, 0, 0, 0, 1, 2, 0, 0, 1, 0, 0, 0, 0, 0, 0, 1, 1, 0, 0, 1]","[1182, 115844, 176945, 95089, 104688, 100388, 41637]",7,"[5.0, 5.0, 5.0, 4.0, 4.0, 5.0, 5.0]",7
1396,"[3, 0, 0, 0, 3, 0, 0, 0, 0, 2, 0, 0, 0, 0, 0, 0, 2, 0, 0, 0, 3, 0, 0, 0, 0, 0, 0, 0, 1, 0, 0, 0, 0, 3, 0, 0, 0, 0, 1, 0, 0, 1, 4, 1, 0, 0, 2, 0, 0, 0, 0, 0, 0, 3, 0, 0, 0, 1]","[29634, 154916, 84493, 36155, 532, 75244, 22578, 108091]",8,"[5.0, 5.0, 5.0, 5.0, 5.0, 5.0, 5.0, 5.0]",8
2959,"[28, 2, 0, 11, 39, 0, 0, 6, 2, 45, 8, 1, 0, 0, 2, 0, 22, 0, 0, 4, 7, 2, 2, 7, 0, 0, 5, 1, 22, 1, 0, 2, 0, 35, 0, 2, 11, 9, 12, 0, 0, 4, 32, 31, 6, 3, 9, 2, 0, 0, 0, 1, 0, 12, 6, 11, 8, 9]","[23245, 174036, 173834, 46559, 73956, 1169, 153014, 8032, 117899, 134792, 33864, 15173, 54303, 161718, 176368, 126540, 90092, 98766, 80022, 150368, 167905, 61725, 54421, 5952, 98791, 139831, 136961, 76455, 8666, 63746, 124600, 83799, 176271, 71416, 175398, 32128, 45573, 2524, 68033, 9190, 125843, 52238, 152272, 92955, 94411, 117590, 92697, 79095, 82291, 160154, 11324, 29454, 68463, 124503, 113961, 36003, 74158, 25631, 28552, 34287, 170543, 92341, 172037, 135573, 124789, 173303, 56232, 42141, 74016, 48750, 15491, 41436, 89598, 37359, 163308, 36646, 158076, 79284, 110155, 136059, 21314, 39227, 169353, 82965, 41209, 21617, 87450, 166767, 174391, 1711, 155626, 60930, 19634, 68576, 150412, 52334, 116435, 136536, 141400, 35296, 84120, 99654, 82411, 158104, 38973, 175082, 164308, 94488, 38432, 91792, 49072, 19812, 147344, 1190, 80398]",115,"[5.0, 5.0, 3.0, 3.0, 5.0, 5.0, 4.0, 5.0, 5.0, 5.0, 5.0, 5.0, 4.0, 5.0, 5.0, 5.0, 5.0, 5.0, 5.0, 5.0, 5.0, 5.0, 4.0, 5.0, 5.0, 5.0, 5.0, 5.0, 5.0, 5.0, 5.0, 4.0, 5.0, 4.0, 5.0, 5.0, 5.0, 5.0, 5.0, 5.0, 4.0, 4.0, 4.0, 4.0, 0.0, 5.0, 0.0, 3.0, 5.0, 4.0, 5.0, 4.0, 5.0, 5.0, 4.0, 5.0, 3.0, 5.0, 5.0, 4.0, 5.0, 5.0, 0.0, 5.0, 4.0, 5.0, 5.0, 5.0, 4.0, 5.0, 5.0, 5.0, 5.0, 3.0, 5.0, 5.0, 5.0, 4.0, 5.0, 5.0, 5.0, 5.0, 5.0, 4.0, 4.0, 5.0, 4.0, 5.0, 5.0, 5.0, 4.0, 0.0, 5.0, 5.0, 5.0, 5.0, 5.0, 5.0, 4.0, 4.0, 5.0, 5.0, 5.0, 5.0, 5.0, 5.0, 5.0, 5.0, 4.0, 4.0, 4.0, 4.0, 5.0, 5.0, 4.0]",115
3069,"[3, 0, 0, 2, 4, 0, 0, 1, 0, 4, 0, 0, 0, 0, 0, 0, 1, 0, 0, 0, 0, 0, 0, 0, 0, 0, 0, 0, 2, 0, 0, 0, 0, 1, 0, 0, 1, 0, 2, 0, 0, 1, 4, 1, 0, 0, 0, 0, 0, 1, 0, 1, 0, 0, 1, 0, 0, 2]","[1224, 109885, 9194, 7838, 77398, 3632, 97535, 165490, 22261, 26407, 37397]",11,"[5.0, 5.0, 5.0, 5.0, 5.0, 5.0, 5.0, 5.0, 5.0, 5.0, 0.0]",11
16260,"[3, 0, 0, 0, 1, 0, 0, 0, 0, 1, 0, 0, 0, 0, 1, 0, 1, 0, 0, 0, 1, 0, 0, 0, 0, 0, 0, 0, 1, 2, 0, 0, 0, 1, 0, 0, 0, 0, 2, 0, 0, 1, 1, 1, 0, 1, 1, 1, 0, 0, 0, 0, 1, 0, 0, 1, 0, 0]","[79667, 17876, 81193, 108403, 63731, 62768]",6,"[5.0, 5.0, 5.0, 5.0, 5.0, 0.0]",6
6178,"[18, 0, 0, 0, 3, 0, 0, 0, 0, 3, 3, 1, 0, 0, 1, 0, 6, 0, 0, 0, 0, 1, 0, 0, 0, 0, 0, 3, 4, 3, 0, 0, 0, 12, 0, 0, 2, 1, 1, 0, 0, 1, 1, 1, 1, 0, 2, 0, 0, 0, 0, 0, 0, 1, 1, 1, 0, 0]","[157357, 163678, 80236, 52334, 15573, 99787, 107431, 40699, 54613, 112494, 60551, 54839, 30713, 174280, 1652, 112997, 175745, 51196, 54944, 76975, 66416, 139655, 71696, 157105]",24,"[5.0, 5.0, 5.0, 5.0, 5.0, 5.0, 5.0, 3.0, 4.0, 4.0, 5.0, 5.0, 2.0, 4.0, 4.0, 5.0, 2.0, 3.0, 5.0, 2.0, 5.0, 4.0, 3.0, 5.0]",24
4302,"[2, 0, 0, 0, 2, 0, 0, 0, 0, 3, 0, 1, 0, 0, 0, 0, 1, 0, 0, 0, 0, 0, 0, 1, 0, 0, 0, 0, 1, 0, 0, 0, 0, 1, 0, 0, 0, 0, 1, 0, 0, 0, 1, 0, 0, 0, 0, 0, 0, 0, 0, 0, 0, 0, 0, 0, 0, 0]","[113937, 87631, 153928, 101200, 101819, 1815]",6,"[5.0, 5.0, 0.0, 5.0, 5.0, 5.0]",6
10095,"[3, 0, 0, 0, 2, 0, 0, 0, 1, 6, 1, 1, 0, 0, 0, 0, 2, 0, 0, 0, 0, 0, 0, 0, 0, 0, 0, 1, 1, 0, 0, 0, 0, 4, 0, 0, 2, 1, 1, 0, 0, 0, 2, 0, 0, 0, 1, 0, 0, 1, 0, 0, 0, 0, 0, 1, 1, 0]","[134585, 49438, 91247, 26389, 7012, 53142, 108858, 101819, 32734, 96603, 105656]",11,"[4.0, 5.0, 5.0, 5.0, 3.0, 0.0, 5.0, 4.0, 5.0, 5.0, 5.0]",11
4859,"[9, 1, 0, 2, 3, 0, 0, 0, 1, 8, 3, 0, 0, 0, 1, 0, 3, 0, 0, 0, 3, 2, 0, 3, 0, 0, 1, 1, 6, 0, 0, 0, 0, 4, 0, 0, 5, 2, 2, 0, 0, 1, 1, 2, 0, 0, 3, 0, 0, 0, 0, 0, 0, 1, 1, 3, 1, 3]","[111675, 32114, 15059, 21213, 133544, 97305, 162529, 102888, 147180, 169731, 105732, 109304, 2161, 28552, 99787, 58739, 38627, 108401, 2949, 25773, 164087, 8003, 38195, 146951, 172114, 19297]",26,"[5.0, 5.0, 3.0, 5.0, 5.0, 5.0, 5.0, 4.0, 5.0, 5.0, 5.0, 5.0, 5.0, 5.0, 5.0, 1.0, 5.0, 5.0, 5.0, 5.0, 5.0, 4.0, 4.0, 5.0, 5.0, 5.0]",26
4775,"[2, 0, 0, 3, 4, 0, 0, 0, 0, 5, 0, 0, 0, 0, 0, 0, 3, 0, 0, 0, 1, 0, 0, 1, 0, 0, 1, 2, 0, 0, 0, 0, 0, 5, 0, 0, 0, 5, 2, 0, 0, 2, 4, 4, 2, 0, 0, 0, 0, 0, 0, 0, 0, 0, 1, 1, 0, 1]","[107224, 97372, 49181, 28308, 41005, 946, 98004, 62660, 86300, 6446, 171132, 101200, 89113, 130591, 44663, 39600, 120869]",17,"[5.0, 5.0, 5.0, 5.0, 5.0, 5.0, 5.0, 5.0, 5.0, 0.0, 5.0, 5.0, 5.0, 5.0, 5.0, 5.0, 5.0]",17
1509,"[5, 0, 0, 4, 2, 0, 1, 2, 0, 3, 2, 1, 0, 0, 0, 0, 1, 0, 0, 0, 0, 0, 0, 2, 0, 0, 2, 1, 2, 0, 0, 0, 0, 6, 0, 0, 0, 1, 2, 0, 0, 0, 3, 2, 0, 0, 2, 0, 0, 0, 0, 0, 0, 2, 0, 1, 0, 2]","[67220, 157675, 106973, 114306, 589, 93026, 119877, 176014, 57201, 144215, 74897]",11,"[4.0, 3.0, 5.0, 4.0, 5.0, 4.0, 5.0, 5.0, 5.0, 5.0, 5.0]",11
2627,"[1, 0, 0, 1, 3, 0, 0, 0, 0, 4, 0, 0, 0, 0, 0, 0, 1, 0, 0, 0, 3, 0, 0, 1, 0, 0, 0, 1, 0, 0, 0, 0, 0, 3, 0, 1, 1, 0, 2, 0, 0, 0, 2, 3, 0, 0, 0, 0, 0, 1, 0, 0, 0, 1, 0, 1, 0, 3]","[994, 136059, 37047, 68663, 150304, 10076, 105011, 75661]",8,"[4.0, 5.0, 5.0, 5.0, 5.0, 5.0, 5.0, 5.0]",8
10983,"[6, 0, 0, 2, 2, 0, 0, 0, 0, 7, 1, 1, 0, 0, 0, 0, 1, 0, 0, 1, 0, 0, 1, 1, 0, 0, 1, 0, 3, 1, 0, 0, 0, 2, 0, 1, 0, 0, 1, 0, 0, 0, 2, 3, 0, 1, 2, 0, 0, 0, 0, 0, 0, 2, 0, 2, 1, 2]","[163923, 136050, 84719, 11324, 168342, 123993, 150899, 9678, 108069, 111161, 65156, 174552, 109305, 8177, 118496, 90394]",16,"[5.0, 5.0, 5.0, 5.0, 5.0, 5.0, 5.0, 5.0, 5.0, 5.0, 5.0, 5.0, 5.0, 5.0, 5.0, 5.0]",16
16154,"[10, 1, 0, 2, 2, 0, 0, 0, 0, 5, 1, 0, 0, 0, 0, 0, 4, 0, 0, 1, 1, 0, 1, 1, 0, 0, 0, 0, 7, 2, 0, 2, 0, 4, 0, 0, 0, 0, 0, 0, 0, 1, 2, 5, 1, 0, 0, 0, 0, 0, 0, 0, 0, 0, 1, 0, 0, 1]","[154689, 134610, 137085, 127080, 92292, 56402, 34789, 33240, 46722, 99301, 28469, 123250, 72878, 173834, 17509, 48069]",16,"[5.0, 4.0, 3.0, 5.0, 5.0, 5.0, 5.0, 0.0, 5.0, 5.0, 4.0, 5.0, 4.0, 5.0, 5.0, 4.0]",16
13111,"[4, 0, 0, 3, 7, 0, 0, 0, 1, 8, 0, 0, 0, 1, 0, 0, 8, 0, 0, 1, 4, 0, 0, 0, 0, 0, 0, 2, 3, 0, 0, 1, 0, 5, 0, 0, 2, 0, 1, 0, 0, 0, 5, 2, 0, 0, 4, 1, 0, 0, 0, 3, 0, 3, 1, 0, 0, 0]","[55708, 86408, 153178, 15173, 104805, 164131, 147374, 87773, 35645, 117477, 15014, 148966, 11519, 12810, 18209, 177796, 52009, 28483, 89113, 62038, 102218, 122697, 37359, 82100, 123943]",25,"[5.0, 5.0, 5.0, 5.0, 5.0, 5.0, 5.0, 5.0, 5.0, 4.0, 4.0, 5.0, 4.0, 0.0, 5.0, 5.0, 5.0, 2.0, 5.0, 5.0, 4.0, 4.0, 5.0, 5.0, 0.0]",25
17949,"[5, 0, 0, 1, 4, 0, 0, 0, 0, 5, 0, 1, 0, 0, 0, 0, 3, 0, 0, 0, 0, 0, 0, 0, 0, 0, 0, 0, 3, 0, 0, 0, 0, 3, 0, 0, 1, 0, 3, 0, 0, 0, 3, 2, 0, 0, 0, 0, 0, 0, 0, 0, 0, 2, 0, 0, 0, 1]","[23722, 28701, 26488, 84265, 129619, 125149, 49469, 59281, 136274]",9,"[5.0, 5.0, 4.0, 5.0, 5.0, 5.0, 5.0, 5.0, 0.0]",9
1522,"[70, 1, 0, 13, 20, 0, 0, 2, 1, 43, 3, 3, 1, 0, 0, 0, 26, 0, 0, 3, 9, 2, 0, 4, 0, 0, 1, 2, 24, 11, 0, 0, 0, 31, 0, 0, 15, 1, 8, 0, 0, 4, 10, 26, 0, 0, 9, 4, 0, 0, 0, 1, 0, 6, 3, 11, 7, 4]","[169647, 144909, 141260, 176716, 114795, 130561, 71812, 80260, 29112, 13847, 36005, 49906, 26324, 153140, 153456, 153152, 28483, 52386, 119749, 96389, 4559, 20280, 51436, 133863, 87142, 38306, 35809, 3008, 97987, 114480, 163454, 145326, 94021, 80349, 44397, 135965, 21153, 53297, 170568, 31584, 64452, 174850, 90550, 123721, 52602, 596, 68803, 117317, 118791, 112781, 8026, 74549, 24080, 69001, 89113, 5372, 8003, 139054, 122383, 97738, 3869, 91485, 39511, 69821, 118481, 6327, 167024, 125637, 43748, 102933, 17401, 38335, 127869, 61495, 35082, 142620, 146810, 34789, 87565, 46699, 71592, 81793, 85870, 139571, 34744, 7249, 79376, 55545, 90215, 134874, 89028, 105478, 124230, 78724, 124473, 89665, 173764, 166859, 167268, 132934, 127080, 58739, 74633, 87048, 76457, 1918, 145528, 94493, 105896, 83473, 17415, 107116, 15827, 173080, 137597, 76770, 95936, 145893, 131599, 65203, 144885, 76296, 80958, 133576, 101865, 60309, 74052, 134319, 49042, 103556, 147542, 50605, 105272, 87182, 65992, 55559, 55177, 134972]",138,"[5.0, 5.0, 5.0, 5.0, 5.0, 5.0, 5.0, 5.0, 5.0, 5.0, 5.0, 5.0, 4.0, 5.0, 4.0, 5.0, 3.0, 5.0, 3.0, 3.0, 5.0, 5.0, 4.0, 4.0, 1.0, 5.0, 5.0, 5.0, 5.0, 5.0, 4.0, 5.0, 5.0, 5.0, 5.0, 5.0, 5.0, 5.0, 5.0, 5.0, 4.0, 5.0, 5.0, 3.0, 5.0, 5.0, 5.0, 5.0, 3.0, 5.0, 5.0, 5.0, 5.0, 4.0, 5.0, 5.0, 5.0, 5.0, 3.0, 3.0, 5.0, 4.0, 4.0, 4.0, 5.0, 4.0, 5.0, 1.0, 5.0, 3.0, 3.0, 5.0, 5.0, 5.0, 1.0, 5.0, 2.0, 5.0, 5.0, 5.0, 5.0, 5.0, 5.0, 4.0, 5.0, 5.0, 5.0, 5.0, 5.0, 5.0, 5.0, 5.0, 5.0, 2.0, 5.0, 5.0, 5.0, 5.0, 5.0, 5.0, 5.0, 5.0, 5.0, 5.0, 5.0, 5.0, 5.0, 5.0, 5.0, 5.0, 4.0, 5.0, 5.0, 5.0, 5.0, 5.0, 5.0, 5.0, 5.0, 5.0, 5.0, 4.0, 5.0, 5.0, 5.0, 5.0, 5.0, 5.0, 5.0, 5.0, 5.0, 5.0, 5.0, 5.0, 5.0, 5.0, 5.0, 5.0]",138
9347,"[13, 0, 0, 1, 2, 0, 1, 1, 0, 8, 0, 1, 0, 1, 1, 0, 2, 0, 0, 0, 0, 1, 0, 2, 0, 0, 1, 0, 3, 0, 0, 0, 0, 7, 0, 0, 6, 7, 2, 0, 0, 1, 2, 5, 1, 0, 1, 0, 0, 0, 0, 0, 0, 1, 1, 9, 0, 3]","[52334, 49072, 56859, 6099, 117899, 16620, 135431, 147615, 89095, 29746, 160614, 13367, 90494, 57401, 23768, 132498, 80859, 59895, 74840, 74494, 119107, 34602, 23291, 11115, 12744, 44470, 170802, 14033, 139335, 84330, 37088]",31,"[5.0, 5.0, 5.0, 2.0, 5.0, 5.0, 5.0, 5.0, 0.0, 5.0, 5.0, 5.0, 5.0, 5.0, 5.0, 5.0, 5.0, 5.0, 5.0, 5.0, 5.0, 5.0, 5.0, 5.0, 5.0, 5.0, 5.0, 5.0, 5.0, 4.0, 5.0]",31
6899,"[29, 0, 1, 10, 19, 0, 0, 8, 2, 30, 2, 2, 0, 1, 2, 0, 14, 0, 0, 1, 8, 5, 0, 7, 0, 0, 7, 3, 21, 2, 0, 1, 0, 20, 0, 0, 7, 5, 6, 0, 1, 2, 11, 13, 2, 0, 7, 1, 0, 4, 0, 1, 0, 4, 2, 10, 1, 7]","[47420, 119071, 72920, 155664, 15468, 41427, 13572, 124743, 49523, 99787, 35671, 73956, 14774, 97738, 101819, 90564, 161263, 90536, 129505, 166624, 89113, 3814, 68651, 35079, 147615, 89924, 154943, 163902, 76073, 112286, 45689, 49784, 135561, 17321, 151846, 148966, 25279, 64164, 93053, 62113, 121312, 102400, 98644, 29746, 129796, 154562, 134266, 152904, 175164, 176716, 97711, 11115, 158806, 68803, 169423, 102577, 114266, 160760, 37359, 110941, 34206, 40589, 159193, 139350, 147977, 109105, 50761, 126456, 39989, 47680, 167909, 168258, 6061, 139822, 63569, 28552, 68663, 12062, 34287, 139597, 117899, 78224]",82,"[5.0, 5.0, 5.0, 5.0, 5.0, 5.0, 5.0, 3.0, 4.0, 5.0, 5.0, 5.0, 5.0, 5.0, 5.0, 4.0, 5.0, 5.0, 5.0, 5.0, 4.0, 5.0, 5.0, 5.0, 4.0, 0.0, 5.0, 5.0, 0.0, 5.0, 5.0, 4.0, 4.0, 5.0, 5.0, 5.0, 5.0, 5.0, 5.0, 5.0, 5.0, 5.0, 5.0, 5.0, 5.0, 5.0, 5.0, 5.0, 5.0, 5.0, 5.0, 5.0, 5.0, 5.0, 4.0, 5.0, 5.0, 5.0, 4.0, 5.0, 5.0, 5.0, 5.0, 5.0, 5.0, 5.0, 5.0, 5.0, 5.0, 5.0, 5.0, 5.0, 0.0, 5.0, 5.0, 5.0, 5.0, 5.0, 5.0, 5.0, 5.0, 5.0]",82
8102,"[15, 0, 0, 4, 6, 0, 0, 0, 0, 7, 0, 3, 0, 0, 1, 0, 6, 0, 0, 1, 3, 0, 0, 0, 0, 0, 1, 1, 5, 0, 0, 0, 0, 11, 0, 1, 4, 2, 1, 0, 0, 3, 7, 6, 0, 0, 4, 1, 0, 0, 0, 0, 0, 3, 2, 3, 4, 2]","[28650, 134105, 107503, 59660, 113588, 15173, 111449, 53102, 170520, 101819, 78497, 70144, 137278, 139822, 31395, 38130, 4870, 57440, 45835, 104640, 120454, 107060, 66298, 64969, 33196, 55772, 94247, 89444, 86155]",29,"[5.0, 5.0, 5.0, 5.0, 5.0, 5.0, 5.0, 4.0, 3.0, 5.0, 5.0, 5.0, 5.0, 5.0, 5.0, 5.0, 5.0, 5.0, 5.0, 5.0, 5.0, 5.0, 5.0, 5.0, 5.0, 5.0, 5.0, 5.0, 5.0]",29
21689,"[2, 0, 0, 0, 3, 0, 1, 1, 0, 2, 0, 0, 0, 0, 0, 0, 1, 0, 0, 0, 0, 1, 0, 1, 0, 0, 0, 0, 2, 0, 0, 0, 0, 2, 0, 0, 1, 1, 1, 0, 0, 0, 2, 1, 0, 0, 2, 0, 0, 0, 0, 0, 0, 0, 1, 3, 0, 1]","[41302, 100361, 82329, 111381, 49359, 43103]",6,"[5.0, 5.0, 5.0, 5.0, 5.0, 5.0]",6
11495,"[13, 1, 0, 2, 4, 0, 0, 0, 0, 11, 0, 0, 0, 0, 0, 0, 2, 0, 0, 0, 0, 1, 0, 0, 0, 0, 0, 1, 5, 0, 0, 1, 0, 11, 0, 0, 2, 0, 0, 1, 0, 0, 0, 1, 1, 1, 3, 0, 0, 0, 0, 1, 0, 0, 0, 0, 2, 2]","[138908, 14451, 155678, 51543, 80557, 129505, 26878, 155731, 56077, 34215, 101563, 127080, 75772, 8862, 97448, 140898, 33338, 52334, 103415, 119297]",20,"[5.0, 4.0, 5.0, 5.0, 5.0, 5.0, 5.0, 5.0, 5.0, 4.0, 5.0, 5.0, 5.0, 5.0, 5.0, 5.0, 5.0, 5.0, 5.0, 5.0]",20
15971,"[1, 0, 0, 2, 2, 0, 0, 0, 0, 1, 0, 0, 0, 0, 0, 0, 3, 0, 0, 0, 1, 0, 0, 0, 0, 0, 0, 1, 3, 1, 0, 0, 0, 2, 0, 0, 2, 0, 0, 0, 0, 1, 2, 1, 0, 0, 1, 0, 0, 0, 0, 0, 0, 0, 0, 0, 1, 1]","[76338, 10394, 160999, 173110, 74840, 89924]",6,"[5.0, 5.0, 5.0, 5.0, 5.0, 5.0]",6
9029,"[1, 0, 0, 1, 1, 0, 0, 1, 0, 6, 1, 0, 0, 0, 0, 0, 1, 0, 0, 0, 3, 0, 0, 0, 0, 0, 1, 0, 2, 0, 0, 0, 0, 3, 0, 0, 2, 1, 1, 0, 1, 0, 1, 2, 0, 0, 0, 0, 0, 1, 0, 0, 0, 1, 0, 2, 0, 0]","[70998, 150075, 135153, 11284, 94865, 15538, 155329, 66474, 82658, 164703, 116876, 138614]",12,"[4.0, 5.0, 5.0, 4.0, 4.0, 3.0, 4.0, 5.0, 5.0, 5.0, 5.0, 5.0]",12
18009,"[2, 0, 0, 0, 2, 0, 0, 0, 0, 3, 1, 0, 0, 0, 0, 0, 2, 0, 0, 1, 0, 0, 0, 0, 0, 0, 0, 0, 2, 0, 0, 0, 0, 2, 0, 0, 0, 1, 1, 0, 0, 1, 0, 1, 1, 0, 1, 0, 0, 0, 0, 0, 0, 0, 0, 1, 0, 0]","[37477, 92888, 24114, 165125, 31148, 24236, 29762]",7,"[5.0, 5.0, 4.0, 0.0, 5.0, 5.0, 4.0]",7
6479,"[4, 1, 0, 0, 3, 0, 0, 0, 0, 5, 0, 0, 0, 0, 1, 0, 2, 0, 0, 1, 1, 0, 0, 0, 0, 0, 0, 2, 0, 0, 0, 0, 0, 2, 0, 0, 2, 0, 0, 0, 0, 0, 4, 0, 0, 0, 2, 0, 0, 0, 0, 0, 0, 2, 0, 0, 1, 0]","[81517, 85965, 3438, 174539, 89924, 125615, 55772, 69167]",8,"[4.0, 5.0, 5.0, 5.0, 4.0, 5.0, 5.0, 5.0]",8
12972,"[3, 0, 0, 0, 0, 0, 0, 0, 0, 5, 0, 0, 0, 0, 0, 0, 1, 0, 0, 0, 0, 0, 0, 0, 0, 0, 0, 0, 4, 0, 0, 0, 0, 0, 0, 0, 0, 0, 1, 0, 0, 0, 0, 2, 0, 0, 0, 0, 0, 0, 0, 0, 0, 0, 0, 1, 0, 0]","[25434, 74426, 135961, 11283, 113961, 56077, 169901, 39146]",8,"[5.0, 5.0, 5.0, 5.0, 4.0, 4.0, 5.0, 3.0]",8
3943,"[3, 1, 0, 3, 2, 0, 0, 2, 0, 4, 0, 0, 0, 0, 1, 0, 0, 0, 0, 1, 0, 1, 0, 3, 1, 0, 1, 0, 1, 0, 0, 0, 0, 3, 0, 0, 2, 1, 1, 0, 0, 0, 1, 3, 0, 1, 0, 1, 0, 0, 0, 1, 0, 0, 0, 1, 0, 1]","[160702, 82411, 138882, 79996, 11728, 79117, 120557, 42988, 1690, 83163, 45794, 8468]",12,"[5.0, 5.0, 4.0, 5.0, 5.0, 5.0, 5.0, 5.0, 5.0, 4.0, 5.0, 5.0]",12
19461,"[7, 0, 0, 2, 0, 0, 0, 0, 0, 6, 0, 0, 0, 0, 0, 0, 0, 0, 0, 0, 0, 1, 0, 0, 0, 0, 0, 0, 0, 0, 0, 0, 0, 2, 0, 0, 0, 0, 0, 0, 0, 0, 0, 0, 0, 0, 2, 0, 0, 0, 0, 0, 0, 2, 0, 0, 0, 1]","[74360, 54938, 29886, 176090, 52334, 153456, 45833, 141173, 162789, 88946, 79999, 79996, 130266]",13,"[4.0, 5.0, 5.0, 5.0, 5.0, 5.0, 5.0, 5.0, 5.0, 5.0, 2.0, 5.0, 5.0]",13
1438,"[45, 2, 1, 31, 85, 0, 0, 3, 1, 48, 2, 7, 4, 0, 7, 0, 48, 0, 0, 7, 32, 12, 0, 11, 2, 0, 5, 9, 40, 6, 0, 2, 1, 39, 0, 9, 14, 11, 42, 0, 2, 6, 70, 55, 1, 2, 18, 5, 0, 11, 4, 4, 0, 19, 5, 42, 3, 13]","[72072, 117899, 125293, 84907, 23802, 169801, 96915, 19812, 110972, 119027, 77941, 174165, 57401, 175364, 138904, 160040, 172664, 25100, 12219, 92216, 166917, 167189, 145613, 101200, 58154, 175441, 8422, 62209, 96568, 53290, 13530, 146968, 128939, 144712, 119683, 137791, 40570, 175301, 5347, 59615, 146793, 16700, 175770, 4707, 129402, 114571, 41827, 165358, 60654, 55802, 127932, 138558, 142774, 5678, 89904, 7899, 85745, 53261, 26319, 35729, 54691, 37057, 61246, 51870, 149081, 42125, 131203, 114904, 174331, 104565, 119150, 21347, 37983, 170857, 112112, 71820, 11787, 157457, 39060, 83825, 128842, 52887, 110198, 96036, 84685, 113868, 114819, 166115, 54516, 126545, 51649, 52519, 32477, 53955, 109725, 9544, 56305, 170182, 137340, 112426, 171461, 124088, 38524, 73537, 97919, 137945, 90696, 99175, 33147, 106155, 87967, 44542, 39115, 29358, 32996, 124076, 60083, 122920, 105371, 112978, 9325, 19661, 177328, 135701, 151724, 125726, 50416, 137061, 45765, 46748, 122547, 80327, 9887, 80532, 32269, 152430, 124888, 142341, 113183, 20173, 62247, 87765, 119146, 33835, 49019, 78095, 165641, 6116, 145984, 79947, 20706, 33984, 82497, 2831, 169246, 143438, 89583, 70553, 150292, 66593, 37047, 173000, 158610, 154579, 78578, 77562, 155716, 148041, 163633, 97990, 124167, 161513, 149834, 72617, 117758, 112635, 1139, 107624, 66344, 41014, 160642, 11753, 148020, 40211, 77073, 8536, 117795, 27337, 148011, 93825, 134397, 32801, 170863, 75898, 160205, 27741, 130887, 15894, 72779, 131275, 36216, 170983, 30710, 154290, 64311, 120962, 153582, 541, 38939, 58183, 110178, 147029, 5932, 1487, 171328]",215,"[5.0, 5.0, 5.0, 5.0, 5.0, 5.0, 5.0, 4.0, 5.0, 5.0, 3.0, 5.0, 5.0, 5.0, 5.0, 5.0, 5.0, 5.0, 5.0, 5.0, 5.0, 5.0, 5.0, 5.0, 5.0, 5.0, 5.0, 5.0, 5.0, 5.0, 5.0, 5.0, 4.0, 5.0, 5.0, 5.0, 4.0, 5.0, 5.0, 5.0, 4.0, 5.0, 5.0, 5.0, 5.0, 0.0, 5.0, 5.0, 5.0, 5.0, 5.0, 5.0, 5.0, 5.0, 5.0, 5.0, 5.0, 5.0, 4.0, 5.0, 5.0, 5.0, 5.0, 0.0, 5.0, 5.0, 5.0, 5.0, 5.0, 4.0, 0.0, 5.0, 5.0, 5.0, 5.0, 4.0, 0.0, 4.0, 5.0, 5.0, 5.0, 5.0, 5.0, 5.0, 5.0, 5.0, 5.0, 5.0, 5.0, 5.0, 5.0, 5.0, 5.0, 5.0, 5.0, 5.0, 5.0, 5.0, 5.0, 5.0, 5.0, 4.0, 5.0, 5.0, 4.0, 5.0, 5.0, 4.0, 5.0, 5.0, 5.0, 5.0, 4.0, 5.0, 5.0, 5.0, 5.0, 5.0, 5.0, 5.0, 5.0, 4.0, 5.0, 5.0, 5.0, 5.0, 3.0, 5.0, 5.0, 0.0, 4.0, 5.0, 5.0, 5.0, 5.0, 5.0, 5.0, 5.0, 4.0, 4.0, 5.0, 5.0, 0.0, 5.0, 5.0, 5.0, 0.0, 5.0, 5.0, 5.0, 5.0, 5.0, 5.0, 5.0, 5.0, 5.0, 5.0, 5.0, 5.0, 5.0, 5.0, 5.0, 4.0, 4.0, 0.0, 5.0, 5.0, 5.0, 5.0, 5.0, 4.0, 5.0, 5.0, 5.0, 3.0, 5.0, 5.0, 5.0, 5.0, 5.0, 5.0, 5.0, 4.0, 5.0, 5.0, 5.0, 5.0, 0.0, 0.0, 5.0, 5.0, 5.0, 5.0, 5.0, 5.0, 5.0, 5.0, 4.0, 5.0, 5.0, 5.0, 5.0, 5.0, 5.0, 5.0, 5.0, 4.0, 5.0, 5.0, 3.0, 5.0, 5.0, 0.0, 5.0, 5.0]",215
16602,"[1, 0, 0, 1, 4, 0, 0, 0, 0, 2, 0, 0, 0, 0, 0, 0, 2, 0, 0, 0, 1, 0, 0, 0, 0, 0, 0, 0, 0, 0, 0, 0, 0, 3, 0, 1, 1, 0, 5, 0, 0, 0, 4, 8, 0, 0, 1, 1, 0, 0, 0, 0, 0, 3, 0, 3, 0, 1]","[145613, 91140, 97459, 19166, 64289, 19211, 170734, 117899, 177496, 135391, 163625, 101200, 19087]",13,"[5.0, 5.0, 5.0, 0.0, 5.0, 3.0, 3.0, 4.0, 5.0, 5.0, 5.0, 5.0, 5.0]",13
7029,"[22, 0, 0, 9, 4, 0, 0, 0, 0, 15, 0, 1, 0, 0, 0, 0, 1, 0, 0, 0, 1, 0, 0, 0, 1, 0, 0, 0, 4, 0, 0, 0, 0, 7, 0, 1, 1, 0, 2, 0, 0, 2, 1, 2, 0, 0, 4, 0, 0, 0, 0, 0, 0, 2, 0, 3, 1, 5]","[99725, 78333, 40038, 164832, 71102, 53200, 129182, 141773, 121340, 7278, 110521, 139383, 118545, 102581, 34086, 3924, 154916, 127000, 135071, 106224, 58002, 87622, 161396, 123491, 110079]",25,"[5.0, 5.0, 5.0, 5.0, 5.0, 5.0, 5.0, 5.0, 4.0, 5.0, 5.0, 5.0, 5.0, 5.0, 5.0, 5.0, 5.0, 5.0, 5.0, 5.0, 5.0, 5.0, 5.0, 5.0, 5.0]",25
615,"[36, 0, 0, 6, 13, 0, 0, 3, 0, 26, 11, 2, 0, 0, 0, 0, 17, 0, 0, 2, 3, 2, 0, 7, 0, 0, 1, 0, 21, 2, 0, 0, 0, 29, 0, 1, 12, 7, 4, 0, 0, 2, 11, 14, 4, 0, 7, 0, 0, 2, 0, 0, 0, 6, 2, 6, 6, 5]","[154125, 115560, 3174, 108824, 20212, 121511, 47837, 213, 19634, 87717, 98585, 50878, 172624, 95662, 73956, 23461, 29048, 23538, 53122, 158535, 77225, 68199, 94741, 33027, 95918, 56440, 71061, 81021, 117827, 39032, 59660, 139933, 168536, 31572, 118461, 141587, 20822, 81116, 46066, 9471, 20960, 41722, 1871, 43103, 151590, 174298, 39081, 68765, 161791, 154777, 64802, 125739, 154949, 17211, 150138, 131918, 96365, 24330, 14969, 28774, 34291, 121187, 11144, 90356, 74633, 32511, 7003, 159128, 135848, 173504, 60914, 107736, 153653, 154916, 21111, 20639, 23023, 110516, 18089, 165520, 154730, 144091, 41443, 123219, 130559, 146590]",86,"[4.0, 5.0, 2.0, 5.0, 5.0, 5.0, 5.0, 4.0, 5.0, 5.0, 5.0, 5.0, 5.0, 5.0, 5.0, 5.0, 5.0, 5.0, 5.0, 5.0, 4.0, 4.0, 4.0, 5.0, 5.0, 5.0, 4.0, 5.0, 5.0, 5.0, 5.0, 5.0, 4.0, 5.0, 5.0, 5.0, 5.0, 5.0, 5.0, 4.0, 5.0, 5.0, 5.0, 5.0, 4.0, 5.0, 5.0, 0.0, 5.0, 5.0, 5.0, 4.0, 5.0, 4.0, 5.0, 5.0, 5.0, 4.0, 5.0, 5.0, 5.0, 4.0, 5.0, 5.0, 5.0, 5.0, 5.0, 5.0, 5.0, 5.0, 4.0, 5.0, 5.0, 5.0, 5.0, 5.0, 4.0, 4.0, 5.0, 4.0, 5.0, 5.0, 5.0, 5.0, 5.0, 5.0]",86
2364,"[39, 0, 0, 17, 15, 0, 0, 0, 0, 36, 2, 4, 0, 0, 2, 0, 11, 0, 0, 4, 5, 3, 0, 4, 1, 0, 4, 5, 19, 2, 0, 1, 0, 30, 0, 0, 17, 3, 4, 0, 0, 5, 12, 7, 0, 0, 12, 1, 0, 0, 1, 1, 0, 5, 2, 9, 7, 13]","[160999, 15865, 75185, 71807, 52050, 19316, 55237, 47726, 77616, 51694, 94216, 903, 171950, 40447, 51010, 28552, 50551, 56402, 74986, 4091, 124230, 165324, 79316, 101819, 79095, 90262, 42784, 98585, 99290, 75244, 55772, 125637, 111252, 51647, 176660, 42950, 138882, 25973, 132128, 97081, 162420, 8806, 54303, 123491, 81468, 114890, 12560, 18060, 135342, 27606, 54875, 99787, 108237, 40635, 97437, 79370, 118223, 9651, 37217, 176215, 13315, 136274, 1011, 43678, 105478, 65078, 147180, 9325, 91520, 142634, 169611, 37359, 36646, 167753, 167979, 32484, 88292, 116979, 60754, 39832, 52334, 171187, 118670, 37409, 164596, 177952, 159800, 68527, 163312]",89,"[5.0, 5.0, 5.0, 5.0, 5.0, 5.0, 5.0, 5.0, 5.0, 5.0, 5.0, 4.0, 5.0, 3.0, 5.0, 5.0, 5.0, 5.0, 5.0, 5.0, 5.0, 4.0, 5.0, 5.0, 5.0, 5.0, 4.0, 5.0, 4.0, 5.0, 5.0, 4.0, 4.0, 5.0, 5.0, 4.0, 4.0, 5.0, 5.0, 5.0, 5.0, 5.0, 4.0, 5.0, 5.0, 3.0, 4.0, 3.0, 4.0, 4.0, 5.0, 4.0, 5.0, 5.0, 4.0, 4.0, 5.0, 5.0, 5.0, 4.0, 5.0, 5.0, 5.0, 4.0, 5.0, 5.0, 5.0, 5.0, 5.0, 5.0, 5.0, 4.0, 5.0, 5.0, 5.0, 5.0, 5.0, 4.0, 5.0, 5.0, 5.0, 5.0, 5.0, 5.0, 5.0, 5.0, 0.0, 5.0, 5.0]",89
881,"[24, 0, 0, 9, 10, 0, 0, 0, 0, 24, 1, 1, 0, 0, 2, 0, 13, 0, 0, 1, 4, 0, 0, 1, 0, 0, 2, 3, 7, 2, 0, 0, 0, 14, 0, 0, 9, 1, 3, 0, 0, 4, 6, 4, 2, 0, 4, 0, 0, 2, 0, 0, 0, 1, 0, 0, 3, 1]","[112272, 16905, 114743, 108522, 9108, 81557, 112978, 162352, 148033, 78377, 110941, 114402, 42272, 168038, 90496, 72253, 82611, 4791, 119077, 36771, 102437, 73332, 114154, 99184, 98746, 58701, 118588, 96394, 47633, 3462, 124549, 118169, 65345, 108508, 7318, 33398, 76671, 177420, 14565, 25413, 45833, 105276, 141408, 29538, 279, 24513]",46,"[5.0, 3.0, 4.0, 5.0, 4.0, 4.0, 5.0, 4.0, 5.0, 5.0, 5.0, 2.0, 5.0, 4.0, 5.0, 5.0, 5.0, 4.0, 5.0, 4.0, 4.0, 5.0, 5.0, 5.0, 5.0, 5.0, 5.0, 5.0, 4.0, 5.0, 5.0, 5.0, 5.0, 3.0, 4.0, 4.0, 5.0, 5.0, 5.0, 5.0, 5.0, 5.0, 5.0, 5.0, 5.0, 5.0]",46
7167,"[3, 0, 0, 2, 6, 0, 0, 1, 0, 2, 1, 0, 1, 0, 0, 0, 1, 0, 0, 2, 1, 1, 0, 1, 0, 0, 1, 2, 1, 0, 0, 0, 0, 6, 0, 1, 2, 0, 3, 0, 0, 0, 4, 2, 0, 0, 0, 0, 0, 0, 0, 0, 0, 3, 1, 2, 0, 2]","[5077, 124094, 98739, 89385, 101200, 7505, 63278, 47335, 158370, 43352, 1691, 51904, 173883, 63609, 117870]",15,"[3.0, 5.0, 4.0, 3.0, 5.0, 5.0, 4.0, 5.0, 4.0, 5.0, 5.0, 5.0, 5.0, 5.0, 5.0]",15
4780,"[27, 0, 0, 7, 11, 0, 0, 1, 0, 28, 2, 3, 0, 0, 0, 0, 8, 0, 0, 3, 4, 1, 0, 6, 0, 0, 2, 2, 11, 5, 0, 0, 0, 26, 0, 1, 5, 4, 4, 0, 0, 4, 6, 14, 2, 0, 5, 0, 0, 0, 0, 0, 1, 8, 1, 1, 2, 6]","[116477, 55598, 91238, 174747, 105376, 63191, 164348, 151462, 40017, 117291, 131023, 89863, 28552, 99301, 107300, 171328, 122721, 52334, 171045, 32855, 121942, 134319, 91259, 54421, 43057, 15775, 117686, 66593, 121509, 10200, 33338, 118834, 159942, 166444, 44721, 120865, 28166, 126003, 93793, 47877, 80290, 106476, 946, 45680, 109098, 46544, 51701, 86300, 16150, 89113, 67766, 55545, 167683, 129174, 6472, 135072, 47472, 15929, 148130, 67088, 124311, 176015]",62,"[5.0, 5.0, 5.0, 5.0, 5.0, 5.0, 5.0, 5.0, 5.0, 5.0, 5.0, 5.0, 5.0, 5.0, 5.0, 5.0, 5.0, 5.0, 5.0, 5.0, 5.0, 5.0, 4.0, 4.0, 5.0, 5.0, 4.0, 5.0, 5.0, 5.0, 5.0, 5.0, 5.0, 5.0, 5.0, 5.0, 4.0, 4.0, 5.0, 4.0, 5.0, 5.0, 4.0, 5.0, 5.0, 5.0, 5.0, 5.0, 4.0, 4.0, 5.0, 5.0, 5.0, 5.0, 5.0, 5.0, 5.0, 5.0, 5.0, 5.0, 5.0, 5.0]",62
2432,"[21, 1, 0, 5, 7, 0, 0, 6, 3, 25, 1, 1, 0, 1, 0, 0, 11, 0, 0, 4, 14, 0, 0, 5, 1, 0, 2, 1, 9, 3, 0, 1, 0, 19, 0, 0, 5, 1, 2, 1, 0, 0, 9, 14, 0, 0, 7, 1, 0, 1, 0, 0, 0, 3, 2, 8, 2, 7]","[160396, 68463, 152292, 8177, 75240, 133425, 90709, 66218, 167961, 103033, 10394, 115883, 19297, 107300, 9158, 923, 150229, 22912, 176716, 155279, 173270, 19807, 114868, 55115, 90536, 21213, 86172, 101084, 73694, 49469, 172115, 88440, 106969, 106973, 135071, 97448, 66172, 47680, 104130, 103175, 149428, 44805, 10076, 152980, 147344, 45824, 111136, 166124, 119235, 20722, 47046, 55772, 69214, 37003, 59303, 105478, 122252]",57,"[5.0, 5.0, 5.0, 5.0, 3.0, 2.0, 5.0, 5.0, 3.0, 5.0, 3.0, 5.0, 3.0, 4.0, 4.0, 5.0, 5.0, 5.0, 5.0, 5.0, 5.0, 2.0, 4.0, 2.0, 5.0, 4.0, 3.0, 5.0, 5.0, 5.0, 5.0, 5.0, 5.0, 5.0, 5.0, 5.0, 5.0, 0.0, 5.0, 4.0, 5.0, 5.0, 5.0, 3.0, 5.0, 2.0, 0.0, 5.0, 5.0, 5.0, 3.0, 5.0, 2.0, 5.0, 5.0, 5.0, 5.0]",57
17686,"[0, 0, 0, 1, 2, 0, 0, 1, 0, 2, 0, 0, 0, 0, 1, 0, 1, 0, 0, 0, 1, 0, 0, 0, 0, 0, 0, 0, 2, 0, 0, 0, 0, 0, 0, 2, 1, 0, 1, 0, 0, 1, 2, 1, 0, 0, 2, 0, 0, 1, 0, 0, 0, 0, 0, 0, 0, 0]","[82202, 160396, 32211, 170104, 171244, 55730, 31122]",7,"[5.0, 1.0, 3.0, 5.0, 5.0, 3.0, 2.0]",7
17312,"[4, 0, 0, 1, 1, 0, 0, 0, 0, 4, 0, 0, 0, 0, 0, 0, 0, 0, 0, 1, 0, 0, 0, 0, 0, 0, 0, 1, 1, 1, 0, 0, 0, 2, 0, 0, 0, 0, 0, 0, 0, 0, 1, 0, 0, 0, 3, 0, 0, 0, 0, 0, 0, 0, 1, 0, 0, 0]","[147374, 73956, 124230, 55772, 52334, 141468, 71578]",7,"[5.0, 5.0, 5.0, 5.0, 5.0, 5.0, 5.0]",7
1754,"[27, 0, 0, 16, 19, 0, 0, 3, 1, 38, 1, 1, 0, 0, 2, 0, 16, 0, 0, 0, 16, 2, 0, 15, 0, 0, 6, 5, 22, 2, 0, 1, 0, 33, 0, 1, 21, 1, 7, 0, 0, 4, 15, 14, 0, 1, 11, 0, 0, 1, 0, 1, 0, 8, 5, 15, 7, 14]","[24547, 101734, 159661, 60174, 42168, 131419, 13779, 147180, 63191, 102739, 137025, 33041, 130480, 122147, 170446, 108764, 110716, 165245, 18001, 10912, 163625, 107300, 48415, 44250, 164343, 36951, 93880, 106450, 170673, 82918, 28206, 16251, 98216, 57868, 144113, 177157, 41819, 148888, 16539, 130399, 45968, 14582, 57758, 61578, 55631, 59151, 73515, 125928, 93596, 91436, 31284, 57401, 113515, 176749, 106867, 55091, 268, 131448, 118481, 674, 138495, 135276, 163945, 46910, 169651, 133157, 58061, 69970, 12773, 171019, 39456, 4014, 99138, 125637, 36473, 118670, 176259, 167843, 77615, 51701, 135391, 117291, 103175, 111217, 84754, 12202, 11324, 110420, 109074, 34183, 51296, 10394, 92705, 74759, 64659, 14520, 21342, 109623, 117899, 8517, 87806]",101,"[5.0, 5.0, 5.0, 5.0, 5.0, 5.0, 5.0, 5.0, 5.0, 5.0, 5.0, 5.0, 5.0, 5.0, 5.0, 5.0, 5.0, 5.0, 5.0, 5.0, 5.0, 5.0, 5.0, 5.0, 5.0, 5.0, 5.0, 5.0, 5.0, 5.0, 5.0, 5.0, 5.0, 5.0, 5.0, 5.0, 5.0, 5.0, 5.0, 5.0, 5.0, 5.0, 5.0, 5.0, 5.0, 5.0, 5.0, 5.0, 5.0, 5.0, 5.0, 5.0, 5.0, 5.0, 5.0, 5.0, 0.0, 5.0, 5.0, 5.0, 5.0, 5.0, 5.0, 5.0, 5.0, 5.0, 5.0, 5.0, 5.0, 5.0, 5.0, 5.0, 5.0, 5.0, 5.0, 5.0, 4.0, 5.0, 5.0, 5.0, 5.0, 5.0, 5.0, 5.0, 5.0, 5.0, 4.0, 5.0, 5.0, 5.0, 5.0, 5.0, 5.0, 5.0, 5.0, 5.0, 0.0, 5.0, 5.0, 5.0, 5.0]",101
16093,"[4, 0, 0, 3, 2, 0, 0, 0, 0, 3, 0, 0, 0, 0, 1, 0, 0, 0, 0, 1, 0, 0, 0, 0, 1, 0, 0, 1, 1, 0, 0, 0, 0, 0, 0, 0, 0, 0, 0, 0, 0, 0, 0, 0, 0, 0, 0, 0, 0, 1, 0, 0, 0, 1, 0, 0, 0, 0]","[27001, 46129, 17360, 134266, 149739, 140087]",6,"[2.0, 4.0, 5.0, 5.0, 5.0, 5.0]",6
11439,"[5, 0, 0, 0, 1, 0, 0, 0, 0, 2, 0, 0, 0, 0, 1, 0, 1, 0, 0, 0, 3, 1, 0, 0, 0, 0, 0, 0, 1, 1, 0, 0, 0, 3, 0, 0, 0, 0, 2, 0, 0, 0, 1, 2, 0, 0, 0, 0, 0, 0, 0, 0, 0, 1, 0, 0, 1, 1]","[63778, 8761, 129305, 92800, 110119, 142634, 54939, 64311]",8,"[5.0, 4.0, 0.0, 5.0, 5.0, 5.0, 5.0, 5.0]",8
10287,"[5, 0, 0, 1, 5, 0, 0, 0, 0, 3, 0, 0, 0, 0, 0, 0, 2, 0, 0, 0, 0, 0, 0, 0, 1, 0, 0, 0, 3, 0, 0, 0, 0, 0, 0, 0, 1, 0, 2, 0, 0, 0, 3, 1, 0, 0, 0, 0, 0, 0, 0, 0, 0, 1, 1, 1, 0, 1]","[141554, 124818, 152979, 135961, 52950, 9605, 138290, 90536, 161152, 7234, 102541]",11,"[5.0, 5.0, 5.0, 5.0, 5.0, 5.0, 5.0, 5.0, 4.0, 5.0, 5.0]",11
11499,"[7, 1, 0, 0, 4, 0, 0, 0, 0, 6, 2, 0, 0, 0, 0, 0, 3, 0, 0, 0, 2, 1, 0, 2, 1, 0, 0, 2, 6, 0, 0, 1, 0, 5, 0, 0, 1, 5, 1, 0, 0, 0, 3, 3, 0, 1, 1, 0, 0, 0, 0, 1, 0, 1, 2, 6, 2, 2]","[37047, 30713, 30125, 156978, 28821, 25279, 75591, 97415, 25550, 10076, 84705, 34291, 171522, 152497, 117899, 161396, 138873, 96672, 8862]",19,"[5.0, 3.0, 4.0, 5.0, 4.0, 4.0, 4.0, 4.0, 4.0, 4.0, 4.0, 4.0, 4.0, 4.0, 4.0, 4.0, 4.0, 4.0, 4.0]",19
7982,"[4, 0, 1, 3, 4, 0, 0, 0, 1, 8, 2, 0, 0, 0, 0, 0, 4, 0, 0, 0, 3, 0, 0, 0, 0, 0, 1, 0, 3, 0, 0, 0, 0, 5, 0, 0, 1, 0, 0, 0, 0, 0, 4, 3, 0, 0, 5, 0, 0, 0, 0, 0, 0, 2, 0, 2, 1, 0]","[67745, 31067, 118335, 77094, 6569, 154257, 63559, 39664, 157317, 87631, 51263, 4790, 109193, 96445, 89471, 147374, 86393, 170860]",18,"[4.0, 5.0, 3.0, 5.0, 5.0, 4.0, 5.0, 5.0, 5.0, 5.0, 5.0, 5.0, 0.0, 5.0, 5.0, 5.0, 5.0, 5.0]",18
22317,"[4, 0, 0, 2, 1, 0, 0, 0, 0, 2, 0, 0, 0, 0, 0, 0, 0, 0, 0, 0, 0, 0, 0, 0, 0, 0, 0, 0, 1, 0, 0, 0, 0, 4, 0, 0, 1, 0, 0, 0, 0, 0, 0, 1, 0, 0, 1, 0, 0, 1, 0, 0, 0, 0, 0, 0, 0, 0]","[71313, 140744, 108820, 45833, 62184, 162636]",6,"[4.0, 5.0, 5.0, 5.0, 5.0, 5.0]",6
3395,"[6, 1, 0, 1, 3, 0, 0, 0, 0, 6, 4, 2, 1, 0, 0, 0, 2, 0, 0, 1, 1, 1, 0, 0, 1, 0, 0, 3, 3, 0, 0, 0, 0, 6, 0, 0, 3, 2, 0, 0, 0, 2, 5, 4, 0, 0, 0, 0, 0, 1, 0, 0, 0, 0, 1, 2, 0, 2]","[39308, 101819, 84490, 99787, 130650, 170732, 946, 23933, 15173, 113173, 150638, 90536, 50810, 1334, 66938, 94021]",16,"[5.0, 5.0, 5.0, 5.0, 5.0, 5.0, 5.0, 5.0, 5.0, 5.0, 5.0, 5.0, 5.0, 3.0, 5.0, 5.0]",16
13815,"[4, 0, 0, 2, 6, 0, 0, 2, 1, 5, 1, 0, 0, 0, 0, 0, 0, 0, 0, 1, 0, 2, 0, 1, 0, 0, 1, 1, 5, 0, 0, 0, 0, 3, 0, 1, 2, 2, 2, 0, 0, 0, 3, 6, 1, 0, 3, 0, 0, 0, 0, 0, 0, 1, 1, 4, 0, 1]","[134266, 171050, 142941, 29746, 63129, 94498, 66199, 130683, 53907, 147654, 26504, 46289, 98579, 136931, 19297, 12919, 110288]",17,"[5.0, 5.0, 5.0, 5.0, 5.0, 5.0, 5.0, 5.0, 5.0, 5.0, 5.0, 5.0, 5.0, 5.0, 5.0, 5.0, 0.0]",17
3773,"[7, 0, 0, 3, 9, 0, 0, 1, 0, 8, 2, 1, 2, 0, 2, 0, 7, 0, 0, 0, 2, 0, 0, 4, 0, 0, 1, 1, 5, 0, 1, 0, 0, 7, 0, 0, 4, 1, 4, 0, 0, 1, 8, 4, 1, 1, 2, 0, 0, 1, 1, 0, 0, 1, 0, 3, 1, 2]","[1633, 148114, 160037, 152493, 28552, 69163, 128410, 101819, 150292, 148855, 51594, 19085, 89113, 52334, 31827, 151462, 79832, 66264, 103324, 52727, 12293, 19770, 4091, 1653, 134610, 165907, 92292, 55479]",28,"[4.0, 4.0, 4.0, 3.0, 5.0, 5.0, 3.0, 5.0, 3.0, 4.0, 5.0, 3.0, 4.0, 4.0, 4.0, 4.0, 4.0, 4.0, 4.0, 3.0, 4.0, 4.0, 3.0, 4.0, 5.0, 4.0, 0.0, 5.0]",28
5608,"[7, 0, 0, 1, 1, 0, 0, 0, 0, 6, 0, 1, 0, 0, 0, 0, 2, 0, 0, 1, 1, 0, 0, 0, 0, 0, 0, 0, 1, 0, 0, 0, 0, 3, 0, 0, 1, 1, 1, 0, 0, 0, 3, 2, 0, 0, 0, 0, 0, 0, 0, 0, 0, 0, 0, 2, 1, 0]","[23606, 61366, 118013, 44557, 108484, 90175, 2756, 54949, 159088, 148855, 47877]",11,"[5.0, 5.0, 5.0, 5.0, 5.0, 5.0, 5.0, 5.0, 5.0, 5.0, 5.0]",11
11728,"[2, 0, 0, 2, 1, 0, 0, 0, 0, 1, 0, 0, 0, 0, 0, 0, 1, 0, 0, 0, 1, 0, 0, 0, 0, 0, 0, 0, 3, 0, 0, 0, 0, 2, 0, 0, 2, 0, 0, 0, 0, 2, 0, 1, 0, 0, 1, 0, 0, 0, 0, 0, 0, 0, 0, 2, 0, 1]","[161661, 133756, 122372, 11762, 87705, 31333]",6,"[5.0, 3.0, 5.0, 5.0, 4.0, 4.0]",6
15043,"[2, 1, 0, 0, 1, 0, 0, 0, 0, 0, 0, 0, 0, 0, 0, 0, 2, 0, 0, 0, 0, 0, 0, 1, 0, 0, 0, 0, 1, 0, 0, 0, 0, 0, 0, 0, 1, 0, 1, 0, 0, 0, 3, 3, 0, 0, 0, 0, 0, 0, 0, 0, 0, 0, 1, 1, 0, 0]","[15173, 77550, 167922, 67752, 173908, 110234, 142963]",7,"[5.0, 5.0, 5.0, 5.0, 5.0, 5.0, 4.0]",7
24848,"[0, 0, 0, 2, 2, 0, 0, 0, 0, 1, 2, 0, 0, 0, 0, 0, 2, 0, 0, 0, 0, 1, 0, 0, 0, 0, 0, 1, 2, 0, 0, 0, 0, 2, 0, 0, 0, 0, 2, 0, 0, 0, 2, 1, 0, 0, 1, 0, 0, 0, 0, 0, 0, 0, 0, 1, 0, 1]","[148658, 168342, 177182, 159578, 174895, 100152, 122140]",7,"[5.0, 4.0, 5.0, 5.0, 5.0, 4.0, 5.0]",7
6968,"[4, 0, 0, 0, 1, 0, 0, 0, 0, 3, 1, 0, 0, 0, 0, 0, 1, 0, 0, 0, 0, 0, 0, 1, 0, 0, 1, 0, 1, 0, 0, 0, 0, 5, 0, 0, 1, 0, 1, 0, 0, 0, 0, 3, 0, 0, 0, 0, 0, 0, 0, 0, 0, 1, 0, 1, 1, 1]","[117899, 3869, 133544, 97372, 125637, 33563, 155689, 134610, 137240, 171344]",10,"[5.0, 2.0, 5.0, 5.0, 4.0, 5.0, 5.0, 5.0, 5.0, 5.0]",10
9358,"[26, 0, 0, 7, 9, 0, 0, 3, 0, 14, 1, 0, 0, 0, 0, 0, 10, 0, 0, 2, 2, 0, 0, 3, 0, 0, 4, 3, 11, 1, 0, 0, 0, 17, 0, 1, 8, 2, 4, 1, 0, 1, 4, 6, 0, 0, 4, 1, 0, 1, 1, 0, 0, 4, 4, 10, 0, 6]","[152537, 124230, 69097, 20075, 127770, 82053, 95316, 37990, 148697, 142668, 13779, 139715, 84423, 56692, 135342, 8371, 111119, 22556, 115884, 104811, 105272, 73708, 71738, 90916, 21471, 27545, 93228, 117368, 125703, 29952, 133220, 53868, 41209, 108592, 104402, 151051, 62609, 42702, 156699, 116360, 49385, 105697, 79089, 6141, 56425, 20976, 148186, 88360, 67063, 111647, 72156, 149048, 46606]",53,"[5.0, 3.0, 4.0, 4.0, 4.0, 4.0, 5.0, 1.0, 4.0, 0.0, 5.0, 3.0, 5.0, 3.0, 3.0, 3.0, 4.0, 4.0, 5.0, 3.0, 4.0, 4.0, 3.0, 5.0, 5.0, 4.0, 3.0, 5.0, 5.0, 5.0, 5.0, 3.0, 4.0, 3.0, 4.0, 5.0, 3.0, 4.0, 5.0, 5.0, 4.0, 4.0, 4.0, 2.0, 5.0, 4.0, 5.0, 4.0, 4.0, 3.0, 4.0, 5.0, 5.0]",53
20698,"[2, 1, 0, 3, 1, 0, 0, 1, 0, 3, 0, 0, 0, 0, 1, 0, 2, 0, 0, 0, 1, 1, 0, 0, 0, 0, 0, 0, 0, 0, 0, 0, 0, 2, 0, 0, 1, 0, 1, 0, 0, 0, 1, 3, 0, 1, 2, 0, 0, 0, 0, 1, 0, 0, 0, 1, 0, 1]","[102699, 68177, 112286, 144458, 36794, 35347, 119297, 152493]",8,"[5.0, 5.0, 5.0, 5.0, 5.0, 5.0, 5.0, 0.0]",8
16709,"[6, 0, 0, 3, 0, 0, 0, 0, 0, 5, 0, 0, 0, 0, 0, 0, 1, 0, 0, 0, 1, 0, 0, 0, 1, 0, 0, 1, 0, 1, 0, 0, 0, 2, 0, 0, 0, 0, 0, 0, 0, 0, 0, 1, 0, 0, 0, 0, 0, 0, 0, 0, 0, 0, 0, 0, 0, 2]","[40959, 171931, 42090, 19349, 53507, 102281]",6,"[5.0, 4.0, 5.0, 5.0, 5.0, 4.0]",6
11883,"[3, 0, 0, 0, 1, 0, 0, 1, 1, 1, 2, 0, 0, 0, 1, 0, 1, 0, 0, 1, 2, 0, 0, 1, 0, 0, 0, 0, 3, 0, 0, 0, 0, 5, 0, 0, 0, 0, 2, 0, 0, 3, 2, 3, 0, 0, 1, 0, 0, 0, 0, 0, 0, 0, 1, 0, 0, 0]","[160921, 165032, 47424, 32783, 26588, 54347, 132627, 104493, 73367, 31067, 9369, 124004, 103175]",13,"[4.0, 5.0, 5.0, 5.0, 5.0, 3.0, 5.0, 5.0, 0.0, 5.0, 5.0, 5.0, 5.0]",13
6088,"[9, 0, 0, 3, 4, 0, 0, 0, 0, 6, 1, 0, 0, 0, 0, 0, 3, 0, 0, 1, 0, 1, 0, 0, 1, 0, 0, 1, 3, 0, 0, 0, 0, 3, 0, 0, 0, 0, 1, 0, 0, 0, 0, 1, 0, 0, 2, 0, 0, 0, 0, 0, 0, 2, 0, 0, 0, 1]","[16726, 89034, 18910, 146046, 21273, 37359, 134610, 3198, 33608, 91485, 9651, 69247, 154511, 64526, 87422]",15,"[5.0, 5.0, 0.0, 5.0, 5.0, 0.0, 2.0, 5.0, 5.0, 0.0, 5.0, 5.0, 5.0, 5.0, 5.0]",15
19546,"[3, 0, 0, 3, 1, 0, 0, 0, 0, 3, 0, 0, 0, 0, 0, 0, 0, 0, 0, 0, 0, 1, 0, 1, 0, 0, 1, 0, 0, 1, 0, 0, 0, 4, 0, 0, 1, 1, 1, 0, 0, 0, 0, 0, 0, 0, 1, 0, 0, 0, 0, 0, 0, 0, 0, 0, 0, 2]","[115277, 137056, 30316, 65109, 98153, 166353]",6,"[0.0, 5.0, 5.0, 4.0, 5.0, 4.0]",6
8013,"[8, 0, 0, 2, 7, 0, 0, 0, 0, 10, 0, 0, 0, 0, 0, 0, 2, 0, 0, 1, 0, 1, 0, 2, 0, 0, 2, 1, 4, 0, 0, 0, 0, 7, 0, 0, 1, 2, 2, 0, 0, 2, 6, 2, 0, 0, 3, 0, 0, 2, 0, 0, 0, 0, 0, 4, 1, 2]","[77006, 105481, 96081, 52334, 37597, 115783, 45824, 135961, 164596, 66829, 21866, 70685, 175919, 97436, 4793, 168532, 144458, 17838, 110718]",19,"[5.0, 3.0, 5.0, 5.0, 5.0, 5.0, 5.0, 5.0, 5.0, 5.0, 5.0, 5.0, 5.0, 5.0, 5.0, 5.0, 5.0, 5.0, 5.0]",19
19872,"[5, 0, 0, 5, 2, 0, 0, 0, 0, 6, 0, 0, 0, 0, 0, 0, 0, 0, 0, 0, 0, 0, 0, 0, 0, 0, 0, 1, 1, 0, 0, 0, 0, 1, 0, 1, 4, 1, 0, 0, 0, 0, 2, 0, 0, 0, 1, 0, 0, 0, 0, 0, 0, 0, 0, 1, 1, 0]","[57535, 31827, 61519, 56425, 32457, 147118, 114402, 132842]",8,"[5.0, 5.0, 5.0, 5.0, 5.0, 5.0, 5.0, 5.0]",8
16411,"[7, 0, 0, 3, 4, 0, 0, 0, 0, 9, 2, 2, 0, 0, 1, 0, 4, 0, 0, 2, 2, 0, 0, 4, 0, 0, 2, 2, 3, 1, 0, 0, 0, 8, 0, 0, 4, 2, 3, 0, 0, 0, 6, 6, 0, 0, 3, 0, 0, 0, 0, 1, 0, 0, 0, 3, 2, 3]","[149320, 82419, 62742, 74052, 142604, 103470, 18811, 55132, 90175, 92341, 148239, 112044, 94849, 167355, 56644, 79621, 173834, 143957, 64542, 125637, 134868, 29776, 22277, 71300, 134610, 83060, 18387, 75064]",28,"[5.0, 5.0, 5.0, 5.0, 5.0, 5.0, 5.0, 5.0, 5.0, 4.0, 5.0, 5.0, 5.0, 5.0, 5.0, 5.0, 5.0, 5.0, 4.0, 5.0, 5.0, 4.0, 4.0, 5.0, 5.0, 5.0, 5.0, 5.0]",28
14882,"[3, 0, 0, 0, 5, 0, 0, 3, 1, 4, 2, 0, 0, 0, 0, 0, 1, 0, 0, 0, 0, 0, 0, 0, 0, 0, 1, 0, 0, 0, 0, 0, 0, 4, 0, 0, 3, 0, 3, 0, 0, 0, 2, 5, 2, 0, 0, 0, 0, 1, 0, 0, 0, 2, 0, 0, 0, 0]","[82829, 167894, 150206, 29508, 101210, 83307, 76969, 51622, 23971, 14942, 102907, 71359, 121335]",13,"[4.0, 4.0, 5.0, 5.0, 4.0, 5.0, 5.0, 5.0, 4.0, 5.0, 4.0, 5.0, 5.0]",13
4762,"[28, 2, 0, 1, 10, 0, 0, 2, 0, 26, 3, 1, 0, 1, 0, 0, 13, 0, 0, 3, 5, 2, 0, 3, 0, 0, 0, 4, 17, 2, 0, 0, 0, 17, 0, 0, 7, 6, 4, 0, 0, 2, 12, 11, 1, 0, 2, 2, 0, 1, 1, 1, 0, 6, 0, 4, 2, 5]","[101819, 68092, 42044, 129505, 33338, 97522, 135658, 63482, 138882, 16056, 139822, 55598, 134610, 167228, 51248, 133063, 946, 28650, 169524, 176271, 97738, 103556, 45478, 65759, 68803, 99787, 9325, 73843, 1652, 113048, 130480, 119351, 147374, 147615, 163193, 63113, 23711, 78254, 148114, 9712, 135573, 18210, 52727, 66593, 33305, 28426, 117899, 50909, 55772, 119401, 138133, 51200, 76181, 67440, 45593, 19834]",56,"[5.0, 5.0, 4.0, 5.0, 5.0, 4.0, 5.0, 5.0, 5.0, 5.0, 5.0, 4.0, 5.0, 5.0, 5.0, 5.0, 5.0, 4.0, 4.0, 5.0, 4.0, 5.0, 4.0, 5.0, 5.0, 5.0, 4.0, 5.0, 4.0, 4.0, 5.0, 5.0, 5.0, 5.0, 5.0, 5.0, 5.0, 5.0, 5.0, 5.0, 4.0, 5.0, 5.0, 5.0, 5.0, 4.0, 5.0, 5.0, 5.0, 5.0, 5.0, 5.0, 5.0, 5.0, 5.0, 5.0]",56
3174,"[7, 0, 0, 1, 1, 0, 0, 1, 0, 3, 1, 0, 0, 0, 0, 0, 1, 0, 0, 0, 0, 0, 0, 0, 0, 0, 0, 1, 2, 0, 0, 0, 0, 4, 0, 0, 1, 0, 0, 0, 0, 0, 3, 1, 0, 0, 1, 0, 0, 0, 0, 0, 0, 1, 0, 0, 0, 1]","[68958, 135419, 119635, 110824, 110405, 92748, 133396, 1270, 31067, 7166, 102778, 77616, 74495]",13,"[5.0, 5.0, 5.0, 4.0, 5.0, 5.0, 5.0, 5.0, 5.0, 5.0, 5.0, 5.0, 5.0]",13
9886,"[17, 1, 0, 0, 3, 0, 0, 0, 0, 8, 2, 1, 0, 0, 0, 0, 3, 0, 0, 1, 1, 1, 0, 2, 0, 0, 0, 1, 3, 0, 0, 0, 0, 8, 0, 0, 0, 0, 2, 0, 0, 0, 7, 4, 0, 0, 0, 1, 0, 0, 0, 0, 0, 1, 1, 2, 1, 2]","[6699, 125637, 49296, 10394, 20641, 77550, 148114, 44557, 19625, 130650, 172210, 72576, 74556, 161263, 159088, 140350, 155889, 21137, 17415, 70541, 156568, 123481, 120697, 68366]",24,"[3.0, 5.0, 3.0, 4.0, 3.0, 4.0, 5.0, 3.0, 4.0, 3.0, 5.0, 4.0, 5.0, 5.0, 5.0, 5.0, 3.0, 3.0, 5.0, 4.0, 5.0, 4.0, 3.0, 3.0]",24
19092,"[0, 1, 0, 0, 1, 0, 0, 0, 1, 0, 0, 0, 0, 0, 0, 0, 2, 0, 0, 0, 0, 0, 0, 3, 0, 0, 1, 0, 1, 0, 0, 0, 0, 2, 0, 0, 0, 1, 0, 0, 0, 0, 1, 1, 1, 0, 0, 0, 0, 0, 0, 1, 0, 1, 0, 0, 0, 1]","[90158, 53350, 97372, 119351, 63746, 158076]",6,"[5.0, 5.0, 5.0, 5.0, 5.0, 5.0]",6
15621,"[13, 0, 0, 0, 3, 0, 0, 0, 0, 1, 0, 0, 0, 0, 1, 0, 6, 0, 0, 0, 6, 7, 0, 0, 0, 0, 0, 2, 5, 2, 0, 0, 0, 3, 0, 0, 1, 0, 2, 0, 1, 0, 3, 5, 0, 0, 2, 0, 0, 2, 0, 0, 0, 4, 1, 1, 0, 1]","[82494, 154394, 147427, 51026, 39044, 21638, 87465, 29139, 68750, 64651, 142620, 176054, 68533, 41251, 148780, 128384, 58905, 104262, 129679, 16365, 133301, 121340, 78840]",23,"[5.0, 5.0, 5.0, 5.0, 5.0, 5.0, 5.0, 5.0, 5.0, 5.0, 4.0, 5.0, 5.0, 5.0, 5.0, 5.0, 5.0, 5.0, 5.0, 5.0, 5.0, 5.0, 5.0]",23
5412,"[9, 0, 0, 1, 6, 0, 0, 0, 0, 5, 0, 0, 0, 0, 3, 0, 2, 0, 0, 1, 3, 0, 0, 1, 1, 0, 0, 2, 6, 0, 0, 1, 0, 1, 0, 0, 0, 0, 0, 0, 0, 0, 4, 3, 0, 0, 3, 0, 0, 0, 0, 0, 0, 1, 0, 0, 1, 0]","[27168, 107197, 44557, 100303, 124230, 39928, 25279, 168203, 26544, 106644, 37047, 70385, 138058, 6997, 104399, 165365, 99080, 78357, 77487]",19,"[5.0, 5.0, 5.0, 5.0, 3.0, 5.0, 5.0, 4.0, 5.0, 5.0, 5.0, 3.0, 5.0, 2.0, 5.0, 5.0, 5.0, 5.0, 5.0]",19
11165,"[19, 0, 0, 7, 2, 0, 0, 0, 0, 11, 0, 0, 0, 0, 0, 0, 2, 0, 0, 1, 1, 0, 0, 0, 0, 0, 0, 0, 5, 0, 0, 0, 0, 7, 0, 1, 1, 1, 0, 0, 0, 0, 2, 1, 1, 0, 2, 0, 0, 0, 0, 0, 0, 1, 0, 0, 1, 2]","[92896, 83092, 160505, 78700, 165447, 92748, 74208, 105246, 14945, 36560, 106938, 54395, 169887, 135961, 92542, 93793, 69829, 71488, 28340, 100858, 168258, 11698, 38973, 2949, 85251]",25,"[3.0, 5.0, 0.0, 5.0, 5.0, 5.0, 4.0, 5.0, 5.0, 5.0, 0.0, 0.0, 5.0, 5.0, 5.0, 0.0, 5.0, 5.0, 5.0, 0.0, 5.0, 5.0, 5.0, 5.0, 5.0]",25
1230,"[14, 1, 0, 8, 12, 0, 0, 5, 0, 18, 0, 4, 0, 0, 2, 0, 11, 0, 0, 2, 4, 4, 0, 7, 0, 0, 0, 0, 5, 2, 0, 2, 0, 10, 0, 1, 12, 3, 4, 0, 0, 1, 7, 5, 0, 0, 2, 1, 0, 1, 0, 0, 0, 3, 1, 6, 4, 4]","[103033, 51644, 14565, 131170, 81349, 26990, 5418, 103250, 81694, 104130, 36951, 116379, 31827, 128331, 66749, 114090, 142918, 177932, 142567, 5159, 142561, 19634, 9314, 9297, 54303, 138152, 93843, 89658, 156015, 79691, 73493, 449, 37409, 151474, 142634, 68273, 65677, 66593, 147374, 5901, 90144, 59173, 61938, 104684, 92289, 138599, 2342]",47,"[5.0, 5.0, 5.0, 5.0, 5.0, 5.0, 5.0, 5.0, 5.0, 5.0, 4.0, 4.0, 5.0, 5.0, 5.0, 5.0, 5.0, 4.0, 5.0, 5.0, 5.0, 5.0, 2.0, 5.0, 3.0, 5.0, 5.0, 5.0, 5.0, 5.0, 5.0, 5.0, 5.0, 5.0, 4.0, 5.0, 5.0, 5.0, 5.0, 5.0, 5.0, 5.0, 5.0, 5.0, 5.0, 5.0, 5.0]",47
20287,"[4, 1, 0, 2, 1, 0, 0, 1, 0, 3, 0, 1, 0, 0, 0, 0, 1, 0, 0, 0, 0, 0, 0, 1, 0, 0, 1, 0, 2, 0, 0, 1, 0, 1, 0, 0, 1, 1, 0, 0, 0, 0, 1, 1, 0, 0, 1, 0, 0, 0, 0, 0, 0, 0, 0, 0, 0, 1]","[144458, 166139, 72878, 93514, 170734, 92748, 133530]",7,"[5.0, 5.0, 3.0, 3.0, 5.0, 5.0, 4.0]",7
18317,"[4, 0, 0, 1, 2, 0, 0, 0, 0, 3, 1, 1, 0, 0, 0, 0, 1, 0, 0, 0, 0, 0, 0, 0, 0, 0, 0, 0, 2, 1, 0, 0, 0, 3, 0, 0, 1, 0, 0, 0, 0, 1, 2, 3, 0, 0, 0, 0, 0, 0, 0, 0, 0, 0, 0, 1, 0, 0]","[31340, 28552, 55636, 25290, 114024, 34789, 154689, 109621]",8,"[5.0, 4.0, 5.0, 5.0, 4.0, 5.0, 5.0, 4.0]",8
16451,"[8, 0, 0, 6, 4, 0, 0, 1, 0, 3, 0, 0, 0, 0, 0, 0, 4, 0, 0, 1, 2, 0, 1, 1, 5, 0, 1, 1, 2, 0, 0, 0, 0, 3, 0, 0, 2, 0, 2, 0, 1, 1, 0, 2, 0, 0, 4, 1, 0, 0, 0, 1, 0, 1, 0, 1, 0, 2]","[36509, 37348, 66719, 113633, 167602, 94800, 54964, 99331, 123993, 138068, 18511, 71478, 97449, 178034, 168518, 53834, 56402, 38333, 168191, 151789]",20,"[3.0, 5.0, 5.0, 4.0, 4.0, 5.0, 5.0, 4.0, 5.0, 3.0, 4.0, 4.0, 4.0, 3.0, 5.0, 4.0, 5.0, 5.0, 5.0, 5.0]",20
5126,"[21, 0, 0, 8, 11, 0, 0, 2, 2, 28, 2, 2, 1, 0, 3, 0, 12, 0, 0, 0, 4, 1, 0, 13, 0, 0, 7, 2, 14, 1, 0, 0, 0, 16, 0, 1, 7, 7, 5, 0, 0, 1, 7, 7, 2, 1, 4, 2, 0, 1, 0, 0, 0, 6, 2, 9, 5, 5]","[21623, 135573, 155665, 7223, 51701, 51899, 65482, 170446, 83312, 160654, 46500, 156015, 41863, 177956, 82291, 2334, 8487, 91200, 57293, 100297, 25773, 58669, 2556, 130399, 164882, 14349, 50115, 20312, 40832, 69987, 137593, 81556, 99787, 83932, 55045, 36115, 149484, 139123, 51841, 13367, 147374, 12032, 101819, 151021, 145423, 81517, 162366, 15254, 156516, 26694, 49540, 11324, 118418, 175536, 86491, 159115, 152687, 35220, 174788, 23429, 86678, 14877, 132470, 21577, 24776]",65,"[5.0, 5.0, 5.0, 5.0, 5.0, 3.0, 5.0, 5.0, 5.0, 2.0, 5.0, 5.0, 5.0, 5.0, 5.0, 5.0, 5.0, 5.0, 5.0, 5.0, 5.0, 5.0, 5.0, 5.0, 5.0, 5.0, 5.0, 4.0, 5.0, 5.0, 5.0, 5.0, 5.0, 5.0, 2.0, 5.0, 5.0, 5.0, 5.0, 3.0, 5.0, 5.0, 3.0, 5.0, 5.0, 5.0, 5.0, 5.0, 5.0, 5.0, 5.0, 4.0, 3.0, 5.0, 5.0, 5.0, 5.0, 5.0, 5.0, 5.0, 5.0, 5.0, 5.0, 5.0, 5.0]",65
21481,"[5, 0, 0, 3, 1, 0, 0, 0, 0, 6, 0, 0, 0, 0, 0, 0, 3, 0, 0, 0, 0, 0, 0, 0, 1, 0, 0, 0, 2, 0, 0, 0, 0, 3, 0, 0, 1, 0, 1, 0, 0, 1, 0, 0, 0, 0, 4, 1, 0, 0, 0, 0, 0, 2, 0, 3, 1, 1]","[79756, 152940, 58919, 69655, 37265, 102621, 157633, 166543]",8,"[5.0, 5.0, 5.0, 5.0, 5.0, 4.0, 5.0, 5.0]",8
12125,"[7, 0, 0, 2, 4, 0, 0, 0, 0, 1, 0, 0, 0, 0, 0, 0, 2, 0, 0, 0, 3, 0, 1, 3, 1, 0, 1, 1, 6, 1, 0, 0, 1, 6, 0, 0, 0, 2, 4, 0, 0, 0, 5, 4, 0, 0, 0, 1, 0, 0, 0, 0, 0, 1, 1, 1, 0, 0]","[41430, 126790, 64377, 9717, 26816, 81461, 24169, 15839, 24773, 68115, 49575, 33592, 53743, 147297, 20173, 153798, 36286, 138804, 172095, 168978, 83020, 12584, 47777]",23,"[5.0, 5.0, 5.0, 5.0, 5.0, 5.0, 5.0, 5.0, 5.0, 5.0, 5.0, 5.0, 5.0, 5.0, 5.0, 5.0, 5.0, 5.0, 5.0, 5.0, 5.0, 5.0, 5.0]",23
2281,"[31, 0, 0, 12, 20, 0, 0, 0, 0, 30, 1, 1, 0, 0, 3, 0, 16, 0, 0, 2, 6, 3, 0, 1, 0, 0, 1, 3, 11, 2, 0, 1, 0, 21, 0, 0, 6, 2, 4, 0, 0, 1, 13, 5, 0, 0, 11, 0, 0, 1, 0, 1, 0, 3, 1, 6, 3, 9]","[60475, 69260, 57442, 54502, 47113, 56575, 14057, 177884, 101124, 71141, 3019, 176383, 17573, 95112, 100347, 49042, 55079, 154628, 79780, 39832, 78078, 106073, 172586, 69708, 16326, 51891, 90613, 148980, 161895, 35618, 2602, 47862, 20945, 55055, 136260, 130053, 82581, 38448, 84880, 170462, 107799, 132974, 881, 66759, 151611, 126355, 84529, 129452, 44165, 51913, 90554, 25802, 100842, 138072, 136901, 142098, 68852, 156698, 134610, 152424, 59083, 81602, 109747, 13730, 81666, 9787, 63338, 49283, 40542, 128932, 30184, 42129]",72,"[5.0, 5.0, 5.0, 5.0, 2.0, 5.0, 4.0, 5.0, 5.0, 5.0, 5.0, 5.0, 5.0, 5.0, 4.0, 5.0, 5.0, 5.0, 5.0, 4.0, 5.0, 4.0, 5.0, 5.0, 5.0, 5.0, 5.0, 5.0, 5.0, 5.0, 5.0, 5.0, 5.0, 5.0, 5.0, 5.0, 5.0, 5.0, 5.0, 4.0, 5.0, 5.0, 5.0, 5.0, 5.0, 5.0, 5.0, 5.0, 5.0, 5.0, 5.0, 5.0, 5.0, 5.0, 5.0, 5.0, 0.0, 5.0, 0.0, 5.0, 5.0, 5.0, 0.0, 0.0, 0.0, 5.0, 5.0, 5.0, 5.0, 5.0, 5.0, 5.0]",72
20311,"[4, 0, 0, 0, 2, 0, 0, 0, 0, 0, 0, 0, 0, 0, 0, 0, 0, 0, 0, 0, 0, 0, 0, 0, 0, 0, 0, 0, 2, 0, 0, 0, 0, 2, 0, 0, 0, 0, 1, 0, 0, 0, 2, 1, 0, 0, 0, 0, 0, 0, 0, 0, 0, 0, 0, 1, 0, 0]","[74070, 137187, 68418, 66852, 160702, 33545]",6,"[4.0, 4.0, 2.0, 5.0, 5.0, 5.0]",6
8840,"[0, 0, 0, 3, 1, 0, 0, 1, 0, 2, 0, 0, 0, 0, 1, 0, 1, 0, 0, 0, 2, 0, 0, 1, 0, 0, 0, 1, 1, 0, 0, 0, 0, 1, 0, 0, 2, 0, 1, 0, 0, 0, 1, 1, 1, 0, 2, 0, 0, 0, 0, 0, 0, 0, 0, 2, 0, 0]","[111424, 100432, 24040, 91374, 53378, 67841]",6,"[5.0, 4.0, 5.0, 5.0, 5.0, 5.0]",6
6773,"[32, 1, 1, 7, 8, 0, 0, 3, 0, 21, 1, 2, 0, 0, 0, 0, 9, 0, 0, 2, 5, 0, 0, 4, 0, 0, 2, 2, 11, 1, 0, 0, 0, 22, 0, 0, 6, 2, 3, 0, 0, 0, 7, 14, 1, 0, 3, 0, 0, 2, 2, 0, 0, 3, 2, 11, 1, 4]","[79803, 68033, 100654, 146578, 149802, 156822, 146348, 55545, 19297, 23198, 162865, 59415, 17360, 72857, 98797, 122121, 125501, 75082, 10200, 6060, 119828, 151057, 38498, 76600, 20721, 161086, 62176, 86521, 125405, 61844, 76271, 101542, 159088, 122463, 3691, 92051, 73724, 84933, 86103, 124414, 24419, 26127, 141218, 173834, 150824, 89199, 107203, 140431, 142251, 21273, 155912, 76493, 38586, 105772, 96094, 43368, 82397]",57,"[5.0, 4.0, 5.0, 5.0, 4.0, 3.0, 5.0, 5.0, 5.0, 5.0, 5.0, 5.0, 5.0, 5.0, 5.0, 5.0, 5.0, 5.0, 5.0, 5.0, 5.0, 5.0, 5.0, 5.0, 5.0, 5.0, 5.0, 5.0, 5.0, 5.0, 5.0, 5.0, 5.0, 5.0, 5.0, 5.0, 5.0, 5.0, 5.0, 5.0, 3.0, 5.0, 5.0, 5.0, 5.0, 5.0, 5.0, 5.0, 5.0, 5.0, 5.0, 5.0, 5.0, 5.0, 5.0, 0.0, 5.0]",57
9680,"[6, 0, 0, 2, 4, 0, 0, 0, 0, 3, 1, 0, 0, 0, 0, 0, 1, 0, 0, 0, 1, 1, 0, 0, 0, 0, 0, 1, 3, 1, 0, 0, 0, 2, 0, 0, 3, 0, 3, 0, 0, 0, 2, 1, 0, 0, 0, 0, 0, 0, 0, 0, 0, 0, 0, 1, 1, 1]","[37400, 47877, 11789, 34492, 9141, 78551, 86018, 118418, 6486, 80571, 9638]",11,"[5.0, 4.0, 5.0, 5.0, 2.0, 4.0, 5.0, 5.0, 4.0, 5.0, 5.0]",11
9304,"[5, 0, 0, 1, 1, 0, 0, 0, 0, 4, 0, 0, 0, 0, 0, 0, 2, 0, 0, 0, 0, 0, 0, 0, 0, 0, 0, 0, 3, 0, 0, 0, 0, 2, 0, 0, 0, 1, 0, 0, 0, 0, 1, 1, 0, 0, 2, 0, 0, 0, 0, 0, 0, 0, 0, 2, 0, 3]","[166401, 161675, 147313, 110941, 35263, 79095, 156352, 13425, 6067]",9,"[5.0, 5.0, 5.0, 5.0, 5.0, 4.0, 5.0, 5.0, 5.0]",9
6323,"[5, 0, 0, 1, 5, 0, 0, 0, 0, 3, 0, 1, 0, 0, 0, 0, 4, 0, 0, 1, 1, 1, 0, 0, 0, 0, 0, 0, 2, 0, 0, 0, 0, 3, 0, 0, 0, 0, 0, 0, 0, 0, 4, 4, 0, 0, 0, 0, 0, 0, 0, 0, 0, 2, 0, 2, 1, 0]","[3300, 166967, 148059, 37047, 99965, 126120, 81517, 171328, 117899, 169980]",10,"[5.0, 2.0, 3.0, 4.0, 5.0, 4.0, 5.0, 1.0, 5.0, 5.0]",10
2140,"[45, 2, 0, 8, 20, 0, 1, 4, 2, 46, 4, 5, 0, 0, 1, 0, 16, 0, 0, 3, 6, 3, 0, 18, 2, 0, 5, 5, 20, 4, 0, 0, 0, 30, 0, 0, 18, 5, 5, 0, 0, 3, 10, 15, 1, 0, 14, 1, 0, 1, 0, 2, 0, 4, 4, 13, 2, 15]","[141468, 31827, 65992, 139314, 123095, 152455, 121863, 164131, 23809, 176014, 37707, 8524, 134610, 32114, 52334, 142915, 139655, 140922, 45680, 27749, 163625, 38031, 50293, 105349, 39353, 67799, 118418, 52218, 78870, 71067, 145323, 67898, 121509, 19549, 95540, 8731, 15993, 95378, 134518, 137918, 57713, 91525, 5394, 105208, 91768, 24167, 146982, 146638, 159297, 97592, 142538, 82511, 146053, 107507, 96760, 45446, 103316, 22824, 27437, 93175, 2065, 106502, 164706, 57010, 161086, 80995, 76724, 130683, 110236, 74759, 31863, 130650, 167753, 169681, 61743, 102559, 994, 142369, 129336, 27042, 129109, 109485, 1326, 158414, 5454, 63344, 71729, 47822, 88020, 83310, 147344, 164348, 58223, 106973, 31268, 85593, 55556, 803, 90589, 68826, 67020, 62793, 75102, 105272, 77804, 56596, 63408, 101921, 123123, 61725]",110,"[5.0, 5.0, 5.0, 5.0, 5.0, 5.0, 5.0, 5.0, 5.0, 5.0, 5.0, 5.0, 2.0, 5.0, 5.0, 3.0, 5.0, 4.0, 5.0, 3.0, 5.0, 4.0, 5.0, 5.0, 5.0, 5.0, 5.0, 5.0, 5.0, 5.0, 5.0, 5.0, 4.0, 5.0, 5.0, 5.0, 5.0, 5.0, 5.0, 1.0, 4.0, 5.0, 5.0, 5.0, 5.0, 5.0, 4.0, 5.0, 5.0, 4.0, 5.0, 5.0, 4.0, 5.0, 4.0, 4.0, 4.0, 4.0, 4.0, 3.0, 5.0, 4.0, 5.0, 5.0, 3.0, 4.0, 0.0, 4.0, 4.0, 4.0, 3.0, 4.0, 4.0, 5.0, 5.0, 4.0, 4.0, 5.0, 5.0, 1.0, 5.0, 3.0, 4.0, 4.0, 5.0, 4.0, 5.0, 5.0, 3.0, 5.0, 5.0, 5.0, 3.0, 3.0, 3.0, 5.0, 5.0, 5.0, 5.0, 5.0, 5.0, 3.0, 3.0, 3.0, 4.0, 4.0, 5.0, 4.0, 5.0, 5.0]",110
382,"[23, 0, 0, 10, 13, 0, 0, 1, 0, 19, 2, 4, 0, 0, 0, 0, 10, 0, 0, 2, 2, 5, 1, 2, 0, 0, 0, 4, 8, 1, 0, 1, 0, 12, 0, 3, 2, 5, 7, 1, 0, 1, 8, 8, 0, 1, 4, 2, 0, 3, 0, 4, 0, 1, 3, 13, 1, 3]","[104039, 153, 97711, 52256, 3459, 108837, 152003, 14293, 16284, 163705, 132484, 87897, 156896, 31894, 18646, 99240, 169851, 89932, 13666, 64462, 151033, 54328, 12494, 101847, 44513, 8200, 59584, 44040, 174552, 97450, 35165, 95442, 130142, 173080, 47686, 3660, 159513, 30048, 18870, 93847, 140044, 97448, 84832, 161376, 134610, 20221, 176287, 168012, 40842, 120920, 79316, 98825, 117813, 151131, 94512, 87496, 71578, 109957, 7585, 116280, 106436, 29576, 81214, 4441, 64261, 157113]",66,"[5.0, 5.0, 5.0, 2.0, 5.0, 5.0, 5.0, 5.0, 5.0, 5.0, 2.0, 5.0, 5.0, 5.0, 5.0, 5.0, 5.0, 5.0, 5.0, 5.0, 5.0, 5.0, 1.0, 5.0, 5.0, 5.0, 5.0, 5.0, 5.0, 5.0, 5.0, 5.0, 5.0, 5.0, 5.0, 5.0, 5.0, 5.0, 5.0, 5.0, 5.0, 5.0, 5.0, 5.0, 5.0, 4.0, 5.0, 5.0, 5.0, 5.0, 5.0, 5.0, 2.0, 5.0, 5.0, 4.0, 5.0, 5.0, 5.0, 5.0, 5.0, 5.0, 5.0, 5.0, 5.0, 5.0]",66
1388,"[16, 0, 0, 5, 23, 0, 0, 5, 1, 15, 3, 4, 1, 0, 2, 0, 18, 0, 0, 0, 8, 5, 0, 7, 0, 0, 3, 3, 16, 2, 0, 0, 0, 17, 0, 0, 6, 5, 4, 0, 0, 5, 15, 13, 0, 0, 6, 0, 0, 1, 0, 0, 0, 6, 2, 9, 1, 8]","[156805, 64261, 35665, 37204, 146790, 32845, 135458, 96389, 82187, 34787, 171328, 175878, 147180, 150412, 163625, 10735, 51483, 49813, 136873, 75798, 99787, 129505, 89452, 97415, 27226, 103294, 37047, 117437, 55631, 57427, 153918, 532, 100101, 63463, 946, 77073, 136212, 115974, 41427, 107598, 89683, 65992, 73843, 63559, 119404, 159297, 91140, 4335, 166805, 118444, 17672, 64099, 9682, 131065, 70653]",55,"[5.0, 5.0, 5.0, 5.0, 5.0, 5.0, 5.0, 5.0, 4.0, 5.0, 5.0, 5.0, 5.0, 0.0, 5.0, 5.0, 5.0, 5.0, 5.0, 5.0, 5.0, 0.0, 5.0, 5.0, 5.0, 5.0, 5.0, 5.0, 4.0, 5.0, 5.0, 5.0, 5.0, 5.0, 5.0, 5.0, 5.0, 5.0, 5.0, 5.0, 5.0, 4.0, 5.0, 5.0, 5.0, 5.0, 4.0, 5.0, 5.0, 5.0, 5.0, 5.0, 5.0, 5.0, 5.0]",55
22154,"[7, 0, 0, 2, 3, 0, 0, 0, 0, 6, 0, 0, 0, 0, 0, 0, 1, 0, 0, 0, 1, 0, 0, 0, 0, 0, 0, 2, 0, 0, 0, 0, 0, 3, 0, 0, 1, 0, 0, 0, 0, 1, 2, 2, 0, 0, 3, 1, 0, 0, 0, 0, 0, 2, 0, 0, 0, 0]","[111400, 98797, 57201, 59415, 142706, 147681, 153271, 134452, 110881, 44935, 46696]",11,"[5.0, 5.0, 0.0, 5.0, 4.0, 5.0, 3.0, 5.0, 5.0, 5.0, 4.0]",11
1117,"[11, 0, 0, 4, 3, 0, 0, 0, 0, 8, 1, 0, 0, 0, 1, 0, 2, 0, 0, 2, 2, 0, 0, 0, 1, 0, 0, 1, 5, 0, 0, 0, 0, 7, 0, 0, 1, 2, 0, 0, 0, 0, 0, 0, 0, 0, 2, 0, 0, 0, 0, 0, 0, 1, 1, 1, 0, 3]","[90488, 382, 33307, 75600, 143200, 93728, 1225, 14729, 171204, 74158, 65899, 149418, 67784, 100821, 97836, 166767]",16,"[5.0, 5.0, 0.0, 0.0, 5.0, 0.0, 5.0, 5.0, 5.0, 5.0, 5.0, 5.0, 5.0, 5.0, 5.0, 5.0]",16
2004,"[58, 1, 0, 13, 13, 0, 0, 1, 1, 27, 3, 2, 0, 0, 0, 0, 8, 0, 0, 4, 1, 4, 0, 1, 2, 0, 1, 2, 12, 4, 0, 2, 0, 32, 0, 1, 10, 4, 2, 0, 0, 4, 9, 6, 1, 3, 8, 0, 0, 2, 0, 0, 1, 2, 2, 5, 10, 2]","[76702, 114480, 15173, 52114, 95587, 140709, 122793, 48058, 16869, 743, 19834, 89471, 89084, 17091, 165870, 55023, 77519, 153142, 80229, 156352, 11102, 95444, 62355, 72352, 37304, 48069, 80882, 160238, 104640, 113937, 131401, 4442, 146897, 11977, 23525, 2042, 148975, 46486, 67898, 162352, 104497, 133874, 170115, 97415, 1652, 21213, 138882, 15821, 33864, 7187, 83527, 84311, 54571, 117899, 72747, 12139, 132060, 157228, 97465, 92110, 68663, 32128, 176310, 169175, 19349, 147412, 155957, 104261, 170459, 31643, 97459, 155665, 173843, 133219, 164837, 40501, 168476, 147180, 99939, 2015, 3459, 51713, 129420]",83,"[5.0, 5.0, 5.0, 5.0, 5.0, 5.0, 5.0, 5.0, 5.0, 5.0, 5.0, 4.0, 4.0, 5.0, 5.0, 5.0, 5.0, 5.0, 5.0, 5.0, 5.0, 5.0, 5.0, 5.0, 5.0, 0.0, 5.0, 5.0, 5.0, 5.0, 5.0, 5.0, 5.0, 5.0, 5.0, 4.0, 5.0, 5.0, 5.0, 5.0, 5.0, 5.0, 5.0, 5.0, 5.0, 5.0, 5.0, 5.0, 5.0, 5.0, 5.0, 5.0, 5.0, 5.0, 5.0, 5.0, 5.0, 5.0, 5.0, 4.0, 4.0, 5.0, 5.0, 4.0, 5.0, 5.0, 5.0, 5.0, 4.0, 5.0, 5.0, 5.0, 5.0, 5.0, 5.0, 5.0, 5.0, 5.0, 5.0, 0.0, 5.0, 5.0, 5.0]",83
13145,"[6, 0, 0, 2, 2, 0, 0, 2, 0, 5, 0, 0, 0, 0, 0, 0, 1, 0, 0, 1, 1, 1, 0, 1, 1, 0, 0, 3, 7, 0, 0, 0, 0, 1, 0, 0, 1, 1, 0, 0, 0, 0, 1, 3, 0, 0, 3, 0, 0, 0, 0, 0, 0, 0, 0, 0, 1, 1]","[114044, 38965, 156978, 149428, 78348, 164363, 49994, 109193, 55596, 44174, 11555, 79089, 30517, 75439, 83393]",15,"[5.0, 5.0, 5.0, 5.0, 5.0, 5.0, 5.0, 5.0, 5.0, 5.0, 5.0, 5.0, 5.0, 5.0, 5.0]",15
6213,"[6, 1, 0, 4, 3, 0, 0, 1, 1, 6, 0, 1, 0, 0, 0, 0, 3, 0, 0, 0, 0, 1, 0, 1, 0, 0, 0, 1, 5, 1, 0, 0, 0, 3, 0, 0, 3, 2, 1, 0, 0, 0, 3, 1, 0, 0, 1, 0, 0, 2, 0, 0, 0, 2, 0, 3, 1, 2]","[15088, 32475, 98499, 82291, 123578, 3217, 132981, 79996, 4573, 106295, 138762, 92569, 89113, 56425, 36216]",15,"[5.0, 5.0, 5.0, 5.0, 3.0, 4.0, 4.0, 5.0, 4.0, 5.0, 5.0, 4.0, 0.0, 5.0, 4.0]",15
10975,"[7, 0, 0, 0, 4, 0, 0, 0, 0, 4, 1, 1, 0, 0, 0, 0, 2, 0, 0, 0, 1, 1, 1, 1, 0, 0, 0, 1, 2, 0, 0, 0, 0, 3, 0, 0, 0, 0, 0, 0, 0, 1, 1, 3, 0, 1, 0, 0, 0, 0, 0, 0, 0, 2, 0, 3, 0, 0]","[22809, 133731, 117906, 174552, 168126, 117899, 134610, 8177, 161263, 8379, 52779, 154511, 9699, 37359, 26878]",15,"[5.0, 5.0, 5.0, 5.0, 5.0, 5.0, 4.0, 4.0, 5.0, 5.0, 5.0, 5.0, 5.0, 5.0, 0.0]",15
1047,"[10, 1, 0, 4, 6, 0, 0, 0, 0, 8, 1, 1, 0, 0, 1, 0, 5, 0, 0, 1, 2, 1, 0, 2, 0, 0, 0, 3, 1, 0, 0, 0, 0, 8, 0, 1, 0, 0, 3, 0, 0, 0, 7, 5, 1, 0, 4, 0, 0, 0, 0, 0, 0, 4, 2, 3, 1, 5]","[31988, 66725, 150876, 268, 101871, 107947, 51767, 139994, 95700, 25750, 72358, 153001, 80957, 59142, 7085, 109139, 63694, 107255, 18380, 37594, 30760, 101978, 94107]",23,"[5.0, 5.0, 5.0, 4.0, 5.0, 5.0, 5.0, 5.0, 5.0, 5.0, 5.0, 5.0, 5.0, 5.0, 5.0, 5.0, 5.0, 5.0, 4.0, 3.0, 4.0, 4.0, 4.0]",23
16702,"[5, 0, 0, 2, 9, 0, 0, 2, 0, 7, 0, 1, 0, 1, 0, 0, 2, 0, 0, 1, 5, 1, 1, 3, 0, 0, 0, 0, 5, 1, 0, 0, 0, 5, 0, 0, 4, 0, 1, 0, 0, 1, 6, 3, 0, 0, 1, 2, 0, 0, 0, 0, 0, 2, 1, 3, 2, 3]","[164596, 89123, 19316, 166223, 162741, 19812, 154054, 30000, 81680, 154814, 105972, 138166, 71624, 47540, 27012, 69287, 78212, 147615, 61264, 52727, 104518, 57427, 51510]",23,"[4.0, 4.0, 5.0, 5.0, 4.0, 3.0, 4.0, 5.0, 4.0, 4.0, 3.0, 3.0, 4.0, 4.0, 3.0, 5.0, 4.0, 5.0, 3.0, 4.0, 3.0, 4.0, 3.0]",23
10064,"[7, 0, 0, 0, 2, 0, 0, 0, 0, 6, 0, 0, 0, 0, 1, 0, 2, 0, 0, 2, 1, 0, 0, 0, 0, 0, 0, 2, 3, 1, 0, 1, 0, 2, 0, 0, 2, 0, 1, 0, 0, 0, 1, 0, 0, 1, 1, 0, 0, 1, 0, 0, 0, 0, 0, 1, 0, 0]","[46699, 55772, 46812, 170377, 99498, 7003, 75048, 44857, 126120, 89007, 164781]",11,"[5.0, 5.0, 5.0, 5.0, 5.0, 5.0, 5.0, 5.0, 5.0, 5.0, 5.0]",11
8228,"[4, 0, 0, 1, 3, 0, 0, 1, 0, 4, 0, 1, 0, 0, 0, 0, 1, 0, 0, 2, 1, 0, 0, 0, 1, 0, 0, 1, 1, 2, 0, 0, 0, 5, 0, 1, 1, 2, 0, 0, 0, 0, 2, 1, 0, 0, 3, 0, 0, 1, 0, 0, 0, 0, 0, 2, 0, 0]","[126598, 169138, 149994, 157114, 57192, 147374, 38083, 55772, 65106, 5006, 10963, 125485]",12,"[3.0, 4.0, 5.0, 4.0, 5.0, 4.0, 4.0, 4.0, 3.0, 4.0, 4.0, 5.0]",12
13425,"[6, 0, 0, 2, 2, 0, 0, 0, 0, 6, 0, 0, 0, 0, 0, 0, 0, 0, 0, 0, 1, 0, 0, 0, 0, 0, 0, 0, 2, 1, 0, 0, 0, 3, 0, 1, 2, 1, 0, 0, 0, 0, 1, 0, 0, 0, 2, 0, 0, 0, 0, 0, 0, 0, 0, 0, 2, 2]","[75785, 12074, 126649, 90678, 61519, 136962, 132774, 147374, 29576, 69167]",10,"[5.0, 5.0, 5.0, 5.0, 5.0, 5.0, 5.0, 5.0, 5.0, 5.0]",10
14291,"[2, 0, 0, 1, 2, 0, 0, 3, 0, 3, 0, 0, 0, 0, 0, 0, 1, 0, 0, 0, 1, 1, 0, 2, 0, 0, 1, 0, 2, 0, 0, 0, 0, 0, 0, 0, 1, 1, 0, 0, 0, 0, 2, 2, 0, 0, 1, 0, 0, 0, 0, 0, 0, 1, 1, 2, 0, 1]","[101459, 56402, 97738, 19634, 34283, 67404]",6,"[5.0, 5.0, 4.0, 4.0, 5.0, 4.0]",6
3490,"[16, 0, 0, 4, 4, 0, 0, 0, 0, 5, 1, 0, 0, 0, 1, 0, 1, 0, 0, 1, 3, 0, 0, 0, 0, 0, 1, 2, 5, 0, 0, 0, 0, 10, 0, 2, 1, 1, 1, 0, 0, 0, 5, 3, 0, 0, 3, 1, 0, 0, 1, 2, 0, 2, 0, 1, 1, 3]","[91851, 47534, 165544, 27381, 23933, 109939, 132703, 82109, 35841, 109282, 12912, 57573, 136144, 147530, 107062, 1393, 7022, 7315, 107994, 33510, 28042, 56364, 19812]",23,"[5.0, 5.0, 5.0, 5.0, 4.0, 5.0, 5.0, 5.0, 5.0, 5.0, 5.0, 4.0, 5.0, 5.0, 5.0, 5.0, 5.0, 5.0, 5.0, 5.0, 5.0, 5.0, 5.0]",23
1889,"[8, 0, 1, 4, 2, 0, 0, 1, 0, 2, 1, 0, 0, 0, 0, 0, 3, 0, 0, 1, 0, 0, 0, 1, 0, 0, 2, 1, 2, 0, 0, 0, 0, 4, 0, 0, 1, 0, 1, 0, 0, 1, 1, 2, 0, 0, 3, 0, 0, 0, 0, 0, 0, 1, 0, 0, 1, 1]","[14440, 45418, 145641, 84788, 106973, 158806, 26208, 46194, 708, 100979, 165938, 128246, 94688]",13,"[5.0, 3.0, 5.0, 5.0, 5.0, 5.0, 5.0, 5.0, 5.0, 5.0, 5.0, 5.0, 5.0]",13
17556,"[5, 0, 0, 3, 1, 0, 0, 0, 0, 2, 0, 0, 0, 0, 0, 0, 0, 0, 0, 0, 0, 0, 0, 0, 0, 0, 0, 0, 2, 1, 0, 0, 0, 1, 0, 0, 0, 0, 0, 0, 0, 0, 0, 1, 0, 0, 0, 0, 0, 0, 0, 0, 0, 0, 0, 0, 0, 0]","[90320, 73956, 167677, 174495, 99939, 22265]",6,"[5.0, 0.0, 5.0, 0.0, 5.0, 1.0]",6
9910,"[11, 0, 0, 6, 8, 0, 0, 0, 0, 13, 0, 1, 0, 0, 1, 0, 4, 0, 0, 1, 0, 0, 0, 0, 0, 0, 0, 2, 4, 2, 0, 0, 0, 3, 0, 0, 2, 0, 1, 0, 0, 0, 4, 4, 1, 0, 4, 0, 0, 1, 0, 0, 0, 4, 1, 3, 1, 2]","[141461, 67948, 58048, 15131, 31068, 149930, 69302, 169487, 122299, 64188, 14451, 58146, 40957, 172638, 138285, 114795, 43103, 12083, 58499, 33953, 6725, 144304]",22,"[5.0, 5.0, 5.0, 5.0, 2.0, 5.0, 5.0, 5.0, 5.0, 0.0, 5.0, 4.0, 5.0, 5.0, 0.0, 5.0, 5.0, 2.0, 5.0, 5.0, 5.0, 5.0]",22
6822,"[14, 0, 0, 3, 7, 0, 1, 1, 0, 20, 3, 2, 0, 0, 0, 0, 12, 0, 0, 2, 3, 2, 0, 8, 0, 0, 4, 0, 7, 1, 0, 0, 0, 10, 0, 0, 6, 3, 6, 0, 0, 0, 6, 10, 0, 0, 2, 0, 0, 0, 0, 0, 0, 2, 1, 7, 0, 3]","[157089, 41173, 79985, 164450, 74747, 88399, 147344, 165223, 177952, 119308, 64203, 17258, 30506, 36951, 39101, 11940, 152853, 9312, 128653, 121834, 51757, 91263, 107478, 37047, 105403, 38986, 59082, 54512, 164684, 159747, 56762, 137121, 90218, 148316, 110917, 82837, 3768, 89459, 99787, 14278, 161259, 161086]",42,"[5.0, 5.0, 5.0, 5.0, 5.0, 5.0, 5.0, 4.0, 4.0, 5.0, 5.0, 5.0, 5.0, 5.0, 5.0, 5.0, 5.0, 5.0, 5.0, 5.0, 5.0, 5.0, 5.0, 4.0, 5.0, 4.0, 5.0, 5.0, 5.0, 5.0, 5.0, 4.0, 4.0, 5.0, 5.0, 0.0, 0.0, 5.0, 5.0, 4.0, 5.0, 5.0]",42
16745,"[6, 0, 0, 0, 4, 0, 0, 2, 0, 4, 0, 0, 0, 0, 0, 0, 4, 0, 0, 1, 2, 0, 0, 1, 0, 0, 0, 3, 4, 1, 0, 0, 0, 4, 0, 0, 1, 0, 1, 0, 0, 1, 3, 1, 0, 0, 2, 0, 0, 1, 0, 0, 0, 0, 0, 0, 1, 2]","[20847, 86257, 22912, 21908, 145862, 113852, 19812, 102867, 89924, 55772, 19515, 113515]",12,"[5.0, 4.0, 5.0, 3.0, 5.0, 5.0, 5.0, 5.0, 5.0, 5.0, 5.0, 5.0]",12
1901,"[6, 0, 0, 3, 2, 0, 0, 1, 0, 6, 1, 2, 0, 0, 0, 0, 0, 0, 0, 2, 0, 0, 0, 1, 0, 0, 0, 1, 3, 0, 0, 0, 0, 1, 0, 0, 1, 2, 0, 0, 1, 0, 3, 0, 0, 0, 1, 0, 0, 1, 0, 0, 0, 0, 0, 0, 2, 1]","[127559, 25913, 172169, 115241, 15590, 113750, 111851, 133728, 708, 70819, 64350, 150289, 121884, 4790]",14,"[4.0, 5.0, 5.0, 4.0, 5.0, 5.0, 5.0, 5.0, 5.0, 4.0, 4.0, 0.0, 4.0, 5.0]",14
11670,"[11, 0, 0, 5, 6, 0, 0, 0, 0, 11, 1, 0, 0, 0, 2, 0, 4, 0, 0, 1, 0, 1, 1, 3, 0, 0, 0, 2, 6, 1, 0, 0, 0, 7, 0, 0, 4, 3, 7, 0, 0, 4, 9, 10, 2, 0, 4, 1, 0, 2, 0, 1, 0, 2, 3, 6, 1, 1]","[9158, 172853, 161211, 95864, 124924, 29746, 61725, 114335, 66315, 84705, 38699, 15929, 15424, 130702, 26208, 73956, 148114, 43071, 173080, 126983, 135561, 121494, 11115, 14943, 101777, 129214, 89385, 17393, 61938, 141468, 97512, 95525, 40128, 160825, 101942, 167263, 18555, 139957, 39665, 139383, 39715, 75917, 38435, 143864, 152256]",45,"[5.0, 5.0, 5.0, 4.0, 4.0, 5.0, 5.0, 4.0, 5.0, 4.0, 5.0, 4.0, 3.0, 3.0, 4.0, 5.0, 5.0, 5.0, 5.0, 2.0, 5.0, 4.0, 2.0, 4.0, 5.0, 5.0, 5.0, 3.0, 0.0, 4.0, 5.0, 5.0, 5.0, 4.0, 3.0, 5.0, 4.0, 5.0, 5.0, 5.0, 4.0, 5.0, 4.0, 5.0, 5.0]",45
10322,"[13, 0, 0, 3, 8, 0, 0, 0, 0, 7, 0, 0, 0, 0, 0, 0, 2, 0, 0, 0, 5, 1, 0, 1, 0, 0, 1, 1, 7, 0, 0, 0, 0, 12, 0, 1, 2, 2, 2, 0, 0, 0, 5, 2, 0, 0, 4, 0, 0, 0, 0, 0, 1, 3, 0, 2, 0, 1]","[63547, 146835, 11760, 80109, 140322, 7288, 164685, 72357, 150589, 162685, 131688, 35462, 30432, 23421, 165435, 85056, 19014, 17877, 140143, 141217, 29139, 74191, 144549]",23,"[5.0, 4.0, 5.0, 5.0, 1.0, 4.0, 5.0, 5.0, 0.0, 3.0, 5.0, 5.0, 5.0, 4.0, 4.0, 5.0, 5.0, 5.0, 5.0, 4.0, 4.0, 5.0, 5.0]",23
4308,"[7, 0, 0, 1, 1, 0, 0, 0, 0, 3, 0, 1, 0, 0, 0, 0, 4, 0, 0, 0, 0, 0, 1, 0, 0, 0, 0, 0, 1, 0, 0, 0, 0, 1, 0, 0, 0, 1, 0, 0, 0, 0, 0, 4, 0, 0, 2, 0, 0, 0, 0, 0, 0, 0, 0, 1, 0, 2]","[14169, 170188, 145956, 72509, 172516, 1823, 156605, 55357, 28854, 91887, 69097]",11,"[5.0, 5.0, 5.0, 4.0, 4.0, 4.0, 4.0, 4.0, 5.0, 5.0, 4.0]",11
4772,"[9, 1, 0, 5, 6, 1, 0, 0, 0, 11, 1, 0, 0, 0, 0, 0, 0, 0, 0, 0, 0, 1, 0, 1, 1, 0, 0, 1, 7, 0, 0, 0, 0, 8, 0, 0, 4, 2, 2, 0, 0, 1, 5, 6, 0, 0, 5, 0, 0, 0, 0, 0, 0, 2, 1, 4, 0, 4]","[105416, 155102, 55269, 123122, 22701, 6486, 158139, 946, 109281, 113698, 121494, 76596, 117892, 4395, 40888, 5100, 64026, 10566, 102693, 97490, 60492, 96443, 170421, 56206]",24,"[5.0, 5.0, 4.0, 5.0, 4.0, 5.0, 5.0, 5.0, 5.0, 5.0, 0.0, 5.0, 5.0, 5.0, 5.0, 2.0, 4.0, 3.0, 5.0, 3.0, 5.0, 4.0, 3.0, 5.0]",24
3244,"[14, 0, 0, 5, 9, 0, 0, 0, 0, 15, 0, 1, 0, 0, 0, 0, 5, 0, 0, 1, 4, 1, 0, 1, 1, 0, 3, 1, 4, 4, 0, 2, 0, 11, 0, 0, 3, 2, 1, 0, 0, 1, 3, 1, 0, 1, 2, 0, 0, 1, 0, 1, 0, 4, 1, 0, 1, 1]","[96642, 127869, 169417, 135961, 10949, 68893, 126649, 140095, 27335, 163193, 13988, 97372, 101819, 21617, 170097, 103461, 9651, 80863, 73859, 24477, 99430, 41891, 7280, 28861, 17272, 15735, 40880, 1321, 136371, 76928, 39308, 94216]",32,"[5.0, 5.0, 5.0, 3.0, 5.0, 5.0, 4.0, 5.0, 5.0, 2.0, 4.0, 5.0, 5.0, 5.0, 5.0, 5.0, 5.0, 5.0, 5.0, 5.0, 5.0, 5.0, 5.0, 5.0, 5.0, 5.0, 5.0, 5.0, 5.0, 5.0, 5.0, 5.0]",32
3347,"[14, 0, 0, 8, 7, 0, 0, 1, 0, 17, 5, 2, 0, 0, 2, 0, 9, 0, 0, 1, 3, 1, 1, 2, 1, 0, 0, 4, 14, 4, 0, 2, 0, 11, 0, 0, 3, 2, 1, 0, 0, 1, 10, 15, 1, 0, 5, 2, 0, 0, 0, 0, 0, 3, 3, 2, 0, 2]","[56425, 146241, 175477, 26685, 90862, 20350, 16955, 117895, 130417, 73956, 130650, 123563, 11091, 107051, 17465, 146661, 19942, 65200, 10747, 59775, 68707, 113535, 44396, 99787, 79996, 137277, 66568, 169570, 6123, 77616, 142634, 111405, 91485, 140085, 1334, 33814, 92497, 113394, 37588, 110204, 63844, 62225, 20238, 40699, 142963, 59900, 946, 89471]",48,"[5.0, 4.0, 5.0, 5.0, 4.0, 5.0, 4.0, 5.0, 5.0, 5.0, 2.0, 5.0, 2.0, 5.0, 1.0, 3.0, 4.0, 5.0, 5.0, 5.0, 3.0, 3.0, 5.0, 5.0, 5.0, 2.0, 5.0, 5.0, 5.0, 5.0, 5.0, 3.0, 5.0, 5.0, 5.0, 4.0, 5.0, 5.0, 5.0, 4.0, 5.0, 5.0, 5.0, 5.0, 5.0, 0.0, 5.0, 5.0]",48
16437,"[2, 0, 0, 1, 1, 0, 0, 0, 0, 3, 0, 0, 0, 0, 0, 0, 2, 0, 0, 0, 1, 0, 0, 0, 0, 0, 0, 2, 1, 0, 0, 1, 0, 0, 0, 0, 0, 0, 0, 0, 0, 0, 0, 0, 0, 0, 3, 0, 0, 0, 0, 0, 0, 2, 0, 2, 0, 1]","[104117, 107806, 107375, 110391, 113525, 118418]",6,"[5.0, 5.0, 5.0, 5.0, 5.0, 5.0]",6
6834,"[3, 0, 0, 1, 5, 0, 0, 0, 0, 4, 0, 0, 0, 0, 0, 0, 3, 0, 0, 0, 1, 1, 0, 4, 0, 0, 2, 0, 1, 0, 0, 0, 0, 5, 0, 1, 4, 1, 1, 0, 0, 1, 5, 3, 0, 0, 0, 0, 0, 0, 1, 0, 0, 1, 0, 2, 1, 3]","[147180, 43117, 90606, 9325, 91920, 3778, 63141, 142326, 107361, 159381, 161086, 147656, 71592, 89113, 4043]",15,"[2.0, 4.0, 3.0, 5.0, 4.0, 4.0, 4.0, 5.0, 5.0, 4.0, 5.0, 5.0, 5.0, 5.0, 5.0]",15
7953,"[5, 0, 0, 1, 3, 0, 0, 0, 0, 6, 0, 0, 0, 1, 0, 0, 2, 0, 0, 1, 1, 0, 0, 0, 3, 0, 0, 0, 2, 1, 0, 0, 0, 2, 0, 0, 1, 0, 1, 0, 0, 0, 2, 1, 0, 0, 1, 0, 0, 0, 0, 0, 0, 0, 0, 1, 0, 0]","[21729, 22792, 120746, 147615, 166441, 73956, 146382, 4783, 111252]",9,"[5.0, 5.0, 5.0, 5.0, 5.0, 5.0, 5.0, 5.0, 5.0]",9
8206,"[14, 0, 0, 6, 16, 0, 0, 0, 0, 16, 1, 1, 0, 0, 0, 0, 9, 0, 0, 0, 6, 1, 2, 2, 0, 0, 0, 1, 12, 1, 0, 0, 1, 11, 0, 0, 6, 2, 8, 0, 2, 3, 16, 15, 2, 0, 4, 0, 0, 1, 2, 0, 1, 5, 0, 0, 0, 4]","[71426, 113605, 152224, 62753, 140548, 34530, 42564, 127087, 50162, 174547, 167220, 153017, 148438, 168095, 81189, 15590, 63784, 128534, 8684, 156553, 158776, 47740, 40368, 88085, 43008, 128296, 89553, 9468, 23225, 168044, 163853, 141902, 45454, 84193, 17781, 56810, 152941, 33871, 117039, 4993, 138809, 63408, 26297, 50634, 42313, 137833, 108464, 44833, 118830, 33146, 50153, 169479, 88923, 29360, 160474, 153357, 104396, 109400]",58,"[5.0, 5.0, 5.0, 5.0, 1.0, 5.0, 1.0, 3.0, 5.0, 1.0, 3.0, 5.0, 5.0, 2.0, 5.0, 3.0, 5.0, 3.0, 2.0, 5.0, 5.0, 2.0, 1.0, 5.0, 5.0, 1.0, 5.0, 5.0, 1.0, 2.0, 5.0, 5.0, 5.0, 1.0, 3.0, 5.0, 5.0, 3.0, 5.0, 5.0, 5.0, 2.0, 1.0, 5.0, 5.0, 5.0, 5.0, 5.0, 5.0, 5.0, 5.0, 5.0, 5.0, 5.0, 5.0, 5.0, 5.0, 5.0]",58
19849,"[4, 0, 0, 2, 2, 0, 0, 1, 0, 2, 0, 0, 0, 0, 0, 0, 1, 0, 0, 1, 0, 0, 0, 0, 0, 0, 0, 0, 1, 0, 0, 0, 0, 4, 0, 0, 0, 0, 1, 0, 0, 0, 3, 2, 0, 0, 5, 0, 0, 0, 0, 0, 0, 1, 0, 0, 0, 1]","[126870, 165216, 31796, 131465, 114273, 89218, 141503, 52334]",8,"[5.0, 5.0, 0.0, 5.0, 5.0, 5.0, 5.0, 5.0]",8
20843,"[3, 0, 0, 2, 2, 0, 0, 1, 0, 5, 0, 0, 0, 0, 0, 0, 0, 0, 0, 0, 0, 0, 0, 3, 1, 0, 0, 0, 2, 0, 0, 0, 0, 2, 0, 0, 1, 1, 1, 0, 0, 0, 2, 1, 0, 0, 3, 0, 0, 0, 0, 0, 0, 0, 2, 0, 0, 1]","[140490, 149121, 79601, 111217, 88454, 138028, 49181, 128321, 160868, 37715]",10,"[5.0, 5.0, 5.0, 5.0, 5.0, 5.0, 5.0, 5.0, 5.0, 5.0]",10
7857,"[3, 0, 0, 2, 1, 0, 0, 0, 0, 0, 0, 0, 0, 0, 0, 0, 2, 0, 0, 0, 0, 0, 0, 0, 0, 0, 0, 1, 2, 0, 0, 0, 0, 3, 0, 0, 1, 0, 0, 0, 0, 0, 0, 1, 0, 0, 4, 1, 0, 0, 0, 0, 0, 0, 0, 0, 0, 0]","[143792, 18552, 4683, 77723, 122673, 33879]",6,"[5.0, 5.0, 5.0, 5.0, 4.0, 5.0]",6
2378,"[31, 1, 0, 7, 7, 0, 0, 0, 1, 14, 5, 0, 0, 0, 2, 0, 10, 0, 0, 4, 3, 1, 0, 0, 1, 0, 1, 1, 14, 5, 0, 0, 0, 20, 0, 0, 7, 2, 11, 1, 0, 1, 14, 8, 4, 1, 8, 0, 0, 1, 0, 0, 0, 5, 2, 3, 4, 2]","[19812, 45478, 108653, 81253, 74700, 114273, 903, 56903, 59335, 16435, 15308, 163193, 152235, 24729, 957, 65647, 79636, 147374, 109579, 57401, 155867, 39192, 111684, 36321, 44819, 143710, 61938, 130480, 19192, 142349, 105054, 115020, 64737, 129742, 127932, 170115, 153502, 69940, 74730, 1755, 6446, 47343, 63569, 82918, 49319, 113249, 126049, 130507, 48408, 69987, 30991, 160358, 30614, 2161, 54772, 27232, 81407, 97448, 147507]",59,"[5.0, 4.0, 4.0, 5.0, 0.0, 4.0, 4.0, 5.0, 4.0, 4.0, 4.0, 4.0, 5.0, 4.0, 4.0, 4.0, 4.0, 5.0, 3.0, 3.0, 5.0, 5.0, 5.0, 4.0, 5.0, 5.0, 5.0, 5.0, 4.0, 4.0, 4.0, 4.0, 5.0, 4.0, 5.0, 3.0, 4.0, 4.0, 4.0, 5.0, 4.0, 4.0, 4.0, 4.0, 4.0, 5.0, 4.0, 4.0, 4.0, 3.0, 4.0, 4.0, 4.0, 5.0, 5.0, 3.0, 4.0, 5.0, 4.0]",59
17498,"[2, 0, 0, 0, 2, 0, 0, 0, 0, 3, 0, 0, 0, 0, 0, 0, 1, 0, 0, 0, 0, 0, 0, 0, 0, 0, 0, 0, 2, 1, 0, 0, 0, 1, 0, 0, 1, 0, 1, 0, 0, 0, 2, 0, 0, 0, 1, 0, 0, 0, 0, 0, 0, 0, 0, 0, 0, 0]","[32886, 166441, 81738, 78435, 45632, 21940]",6,"[3.0, 5.0, 4.0, 4.0, 4.0, 5.0]",6
8649,"[17, 0, 0, 4, 8, 0, 0, 0, 0, 18, 2, 2, 0, 0, 0, 0, 12, 0, 0, 1, 8, 0, 0, 1, 0, 0, 0, 2, 11, 1, 0, 0, 0, 14, 0, 1, 2, 1, 3, 0, 1, 2, 7, 11, 1, 0, 4, 0, 0, 0, 1, 0, 0, 4, 1, 0, 1, 5]","[44396, 57891, 153014, 45835, 105538, 92751, 121637, 43402, 62210, 5372, 92270, 23564, 99787, 84699, 101963, 112464, 25223, 177243, 152998, 96855, 158825, 34596, 111203, 60257, 103130, 87053, 66750, 46570, 72534, 82100, 75869, 69762, 125400, 7537, 142615, 89439, 51915, 32633]",38,"[5.0, 4.0, 4.0, 4.0, 5.0, 5.0, 5.0, 0.0, 4.0, 4.0, 4.0, 5.0, 5.0, 5.0, 5.0, 5.0, 5.0, 5.0, 4.0, 5.0, 0.0, 4.0, 5.0, 4.0, 4.0, 4.0, 5.0, 5.0, 5.0, 5.0, 5.0, 5.0, 5.0, 1.0, 4.0, 5.0, 5.0, 4.0]",38
1969,"[12, 1, 0, 4, 3, 0, 0, 0, 0, 12, 3, 1, 0, 0, 0, 0, 3, 0, 0, 0, 0, 0, 1, 0, 0, 0, 0, 0, 4, 2, 0, 0, 0, 6, 0, 0, 3, 1, 0, 0, 0, 3, 1, 3, 0, 0, 2, 0, 0, 1, 0, 0, 0, 0, 0, 3, 0, 2]","[142873, 77391, 109351, 167275, 95158, 11325, 68689, 34410, 114587, 162937, 170732, 70536, 123993, 52114, 66593, 120327, 144575, 740, 30590, 59987, 42054, 32036, 31713]",23,"[5.0, 5.0, 5.0, 0.0, 5.0, 5.0, 5.0, 5.0, 4.0, 5.0, 4.0, 5.0, 3.0, 5.0, 5.0, 5.0, 4.0, 5.0, 5.0, 5.0, 5.0, 5.0, 5.0]",23
19250,"[3, 0, 0, 2, 3, 0, 0, 0, 0, 4, 0, 0, 0, 0, 0, 0, 3, 0, 0, 0, 3, 0, 0, 1, 0, 0, 0, 1, 1, 0, 0, 0, 0, 3, 0, 0, 2, 0, 0, 0, 0, 0, 2, 3, 1, 0, 0, 0, 0, 0, 1, 1, 0, 0, 1, 0, 0, 0]","[97331, 169899, 104518, 36919, 150713, 138179, 155009, 56405, 28802, 112589, 156833]",11,"[5.0, 5.0, 5.0, 5.0, 5.0, 5.0, 5.0, 5.0, 5.0, 5.0, 5.0]",11
17656,"[6, 0, 0, 4, 3, 0, 0, 0, 0, 4, 0, 0, 0, 0, 0, 0, 0, 0, 0, 0, 0, 0, 0, 0, 0, 0, 0, 1, 3, 0, 0, 0, 0, 5, 0, 1, 1, 0, 0, 0, 0, 1, 2, 1, 1, 0, 2, 0, 0, 0, 0, 0, 0, 1, 0, 1, 0, 2]","[164468, 93685, 56425, 22638, 168770, 125296, 45621, 105538, 24935, 82446, 25023]",11,"[5.0, 5.0, 5.0, 4.0, 5.0, 5.0, 5.0, 5.0, 4.0, 5.0, 5.0]",11
11478,"[18, 0, 0, 5, 5, 0, 0, 0, 0, 12, 0, 0, 0, 0, 2, 0, 1, 0, 0, 0, 3, 0, 0, 0, 1, 0, 0, 1, 12, 1, 0, 1, 0, 6, 0, 0, 3, 0, 3, 0, 0, 3, 0, 1, 1, 1, 3, 0, 0, 0, 0, 0, 0, 2, 1, 1, 2, 1]","[35063, 144033, 97194, 173384, 176926, 163204, 37977, 70003, 78391, 167609, 137157, 117908, 8833, 19807, 172147, 81190, 14739, 135961, 80444, 149008, 174840, 69923, 123123, 63378, 40438, 173859]",26,"[5.0, 5.0, 5.0, 5.0, 5.0, 5.0, 5.0, 5.0, 5.0, 5.0, 5.0, 5.0, 5.0, 5.0, 5.0, 4.0, 5.0, 5.0, 5.0, 5.0, 5.0, 5.0, 5.0, 5.0, 5.0, 5.0]",26
8635,"[4, 0, 0, 2, 3, 0, 0, 0, 0, 3, 1, 0, 0, 0, 0, 0, 1, 0, 0, 0, 0, 0, 0, 1, 0, 0, 0, 0, 3, 0, 0, 0, 0, 3, 0, 0, 0, 1, 1, 0, 0, 1, 1, 1, 0, 0, 2, 0, 0, 0, 0, 0, 0, 0, 0, 1, 0, 0]","[113987, 74426, 150292, 37204, 15995, 5360, 168561, 99682, 99787]",9,"[5.0, 5.0, 5.0, 5.0, 5.0, 0.0, 5.0, 5.0, 5.0]",9
2865,"[3, 0, 0, 0, 1, 0, 0, 0, 0, 6, 0, 1, 0, 0, 0, 0, 2, 0, 0, 1, 2, 0, 0, 4, 0, 0, 3, 0, 3, 0, 0, 0, 0, 5, 0, 0, 4, 0, 1, 0, 0, 1, 0, 3, 0, 0, 0, 0, 0, 0, 0, 1, 0, 1, 0, 1, 0, 3]","[123675, 68993, 72275, 75780, 1091, 4091, 39811, 98564, 131381, 103057, 177130, 85120, 131030, 49089, 25773, 21470]",16,"[4.0, 5.0, 4.0, 5.0, 5.0, 5.0, 5.0, 0.0, 4.0, 5.0, 5.0, 5.0, 5.0, 5.0, 5.0, 5.0]",16
1604,"[38, 0, 0, 13, 37, 0, 0, 1, 0, 32, 0, 5, 1, 1, 2, 0, 22, 0, 0, 1, 8, 4, 0, 7, 3, 0, 2, 5, 25, 3, 0, 1, 0, 31, 0, 2, 8, 1, 22, 0, 0, 1, 37, 36, 0, 0, 8, 0, 0, 5, 0, 0, 0, 14, 3, 9, 2, 11]","[69137, 123817, 36241, 46850, 105685, 76778, 126963, 160005, 157278, 135194, 80383, 34789, 143497, 84405, 709, 126646, 94860, 128602, 41023, 58002, 4376, 48854, 72207, 171977, 95106, 139178, 164761, 107109, 31749, 13406, 66639, 158237, 142473, 106774, 40389, 67300, 6180, 22279, 100964, 76553, 68412, 143996, 63810, 115172, 160233, 98881, 44978, 144177, 134261, 173688, 15262, 55503, 37808, 31438, 9075, 141936, 2397, 86606, 67580, 113595, 74660, 63987, 48603, 73491, 143995, 155911, 78910, 124458, 151750, 31975, 102278, 32095, 164203, 2283, 141655, 1154, 18237, 125149, 19387, 5893, 145222, 99689, 57794, 146055, 31265, 106926, 126896, 158527, 125499, 66484, 6694, 168709, 149571, 137773, 98581, 58912, 159987, 54055, 88752, 7697, 634, 80674, 102335, 142023, 77470, 53200, 17781, 166470, 170376, 159811, 52335, 95644, 40256, 74421, 18240, 99785, 2147]",117,"[4.0, 3.0, 4.0, 5.0, 5.0, 5.0, 4.0, 5.0, 4.0, 4.0, 5.0, 5.0, 4.0, 5.0, 4.0, 5.0, 4.0, 4.0, 5.0, 5.0, 3.0, 4.0, 5.0, 5.0, 4.0, 4.0, 3.0, 4.0, 5.0, 4.0, 4.0, 5.0, 4.0, 4.0, 4.0, 3.0, 4.0, 4.0, 4.0, 3.0, 5.0, 4.0, 0.0, 5.0, 3.0, 3.0, 5.0, 4.0, 0.0, 5.0, 4.0, 5.0, 4.0, 4.0, 5.0, 4.0, 4.0, 4.0, 4.0, 4.0, 4.0, 5.0, 4.0, 4.0, 4.0, 5.0, 5.0, 5.0, 5.0, 5.0, 5.0, 5.0, 5.0, 5.0, 5.0, 5.0, 4.0, 5.0, 5.0, 5.0, 5.0, 5.0, 5.0, 4.0, 5.0, 5.0, 5.0, 5.0, 5.0, 5.0, 4.0, 5.0, 5.0, 5.0, 5.0, 5.0, 5.0, 5.0, 5.0, 5.0, 5.0, 5.0, 5.0, 5.0, 5.0, 5.0, 5.0, 5.0, 5.0, 5.0, 5.0, 5.0, 5.0, 5.0, 5.0, 5.0, 5.0]",117
18518,"[1, 0, 0, 1, 3, 0, 0, 0, 0, 0, 0, 2, 0, 0, 0, 0, 2, 0, 0, 0, 0, 1, 0, 0, 0, 0, 0, 4, 2, 0, 0, 0, 0, 0, 0, 1, 0, 1, 1, 0, 0, 0, 3, 0, 0, 0, 3, 0, 0, 0, 1, 0, 0, 1, 0, 0, 0, 1]","[44040, 98079, 97173, 79996, 35914, 137897, 26208, 42013]",8,"[0.0, 5.0, 4.0, 5.0, 5.0, 4.0, 3.0, 5.0]",8
1534,"[19, 0, 0, 5, 10, 0, 0, 4, 0, 13, 4, 2, 0, 0, 1, 0, 11, 0, 0, 3, 3, 0, 0, 3, 0, 0, 4, 0, 9, 0, 0, 0, 0, 15, 0, 1, 5, 0, 5, 0, 0, 1, 6, 9, 0, 0, 7, 1, 0, 2, 0, 1, 0, 2, 2, 4, 3, 1]","[605, 92292, 124618, 75787, 70529, 98923, 76064, 69708, 112779, 86412, 160999, 131983, 42441, 165421, 168342, 97372, 63596, 125763, 130417, 144458, 56077, 15775, 154511, 126659, 150824, 117899, 76247, 21908, 146382, 1690, 173101, 148059, 15173, 101200, 163100, 81161, 13367, 127231, 113961, 11814, 154916, 740, 129071, 166155, 117471, 63064, 134610, 9920, 12339, 134594, 49573, 36503]",52,"[3.0, 5.0, 3.0, 5.0, 5.0, 5.0, 2.0, 4.0, 4.0, 5.0, 5.0, 5.0, 5.0, 4.0, 5.0, 5.0, 5.0, 4.0, 4.0, 5.0, 5.0, 5.0, 5.0, 4.0, 4.0, 4.0, 5.0, 4.0, 5.0, 5.0, 4.0, 5.0, 5.0, 4.0, 5.0, 2.0, 5.0, 2.0, 5.0, 5.0, 5.0, 5.0, 5.0, 4.0, 5.0, 5.0, 5.0, 5.0, 5.0, 4.0, 5.0, 5.0]",52
3854,"[27, 3, 0, 16, 27, 0, 0, 1, 0, 26, 0, 5, 0, 0, 2, 0, 13, 0, 0, 2, 8, 1, 0, 2, 1, 0, 1, 5, 20, 1, 0, 0, 0, 18, 0, 2, 9, 2, 6, 0, 0, 3, 16, 8, 1, 0, 13, 0, 0, 3, 0, 2, 0, 6, 1, 4, 2, 8]","[109321, 113987, 102278, 153958, 22809, 52584, 130682, 82067, 15336, 64770, 105006, 4838, 47877, 164596, 50909, 34492, 79095, 27077, 176271, 80236, 11104, 171328, 59121, 49031, 109747, 88619, 26776, 49181, 86009, 161692, 168030, 111870, 56425, 85624, 154054, 69922, 37204, 11928, 164703, 151371, 80978, 30724, 150229, 172814, 138934, 2756, 119515, 48337, 41819, 59869, 46048, 61019, 92002, 175462, 7256, 52741, 130357, 1666, 7189, 54220, 85126, 53780, 39172, 5996, 97522, 93193, 105011, 107235, 151526, 106990, 58901, 145683, 8686, 111578, 103556, 96464, 119805, 141503, 23291]",79,"[5.0, 5.0, 5.0, 5.0, 5.0, 5.0, 5.0, 4.0, 4.0, 5.0, 5.0, 5.0, 4.0, 5.0, 5.0, 4.0, 5.0, 4.0, 5.0, 2.0, 5.0, 5.0, 5.0, 4.0, 5.0, 4.0, 4.0, 5.0, 3.0, 4.0, 4.0, 5.0, 5.0, 5.0, 5.0, 4.0, 4.0, 4.0, 4.0, 4.0, 5.0, 4.0, 5.0, 5.0, 3.0, 5.0, 3.0, 5.0, 5.0, 4.0, 3.0, 4.0, 4.0, 5.0, 5.0, 3.0, 4.0, 4.0, 5.0, 4.0, 3.0, 4.0, 5.0, 4.0, 5.0, 5.0, 5.0, 4.0, 4.0, 5.0, 5.0, 5.0, 4.0, 5.0, 5.0, 5.0, 5.0, 5.0, 5.0]",79
10984,"[0, 0, 0, 1, 6, 0, 0, 0, 0, 8, 2, 3, 0, 0, 0, 0, 6, 0, 0, 0, 4, 3, 0, 0, 0, 0, 0, 0, 5, 1, 0, 1, 0, 4, 0, 0, 1, 1, 5, 0, 0, 0, 4, 7, 0, 0, 1, 0, 0, 1, 0, 0, 0, 1, 0, 5, 1, 2]","[142558, 73956, 167580, 108072, 120746, 28552, 27730, 113211, 101819, 143292, 91656, 135153, 99787, 8177, 42450, 71135, 137861, 154672, 38432, 160238, 154054, 141430, 127227, 156278]",24,"[5.0, 5.0, 5.0, 5.0, 3.0, 5.0, 4.0, 4.0, 4.0, 5.0, 5.0, 4.0, 5.0, 5.0, 5.0, 5.0, 5.0, 5.0, 5.0, 4.0, 5.0, 5.0, 5.0, 5.0]",24
6428,"[14, 0, 0, 8, 11, 0, 0, 3, 0, 17, 1, 2, 0, 0, 1, 0, 4, 0, 0, 5, 2, 2, 0, 0, 0, 0, 0, 2, 13, 4, 0, 0, 0, 15, 0, 0, 7, 1, 3, 0, 0, 1, 5, 7, 1, 1, 5, 0, 0, 1, 0, 1, 0, 2, 5, 2, 4, 7]","[107598, 171291, 154054, 28552, 166441, 70051, 124230, 163125, 3357, 62091, 90031, 112860, 32114, 6606, 43816, 73956, 74313, 25673, 5593, 108522, 17857, 79996, 15173, 177237, 112676, 78784, 97166, 48426, 147374, 74142, 33240, 60878, 123095, 15535, 70967, 136742, 34896, 30863, 84077, 114576, 62794, 81126, 140994, 151656, 173270, 98551, 62115, 125063, 173346, 148228, 157561]",51,"[5.0, 5.0, 5.0, 4.0, 2.0, 5.0, 5.0, 5.0, 5.0, 5.0, 5.0, 5.0, 5.0, 5.0, 5.0, 5.0, 5.0, 5.0, 5.0, 5.0, 5.0, 5.0, 5.0, 5.0, 5.0, 5.0, 5.0, 5.0, 5.0, 5.0, 5.0, 5.0, 5.0, 5.0, 5.0, 5.0, 5.0, 5.0, 5.0, 5.0, 5.0, 5.0, 5.0, 5.0, 5.0, 5.0, 5.0, 0.0, 0.0, 5.0, 5.0]",51
7779,"[2, 0, 0, 2, 4, 0, 1, 0, 0, 4, 0, 2, 0, 0, 0, 0, 3, 0, 0, 1, 1, 1, 0, 1, 0, 0, 0, 0, 2, 0, 0, 0, 0, 1, 0, 0, 2, 1, 3, 0, 0, 0, 4, 7, 0, 0, 1, 1, 0, 0, 0, 0, 0, 1, 0, 4, 1, 0]","[165557, 43430, 90038, 157617, 82680, 166850, 45812, 82979, 171328, 34828, 53183, 92843, 131073, 4573, 56272]",15,"[5.0, 5.0, 5.0, 4.0, 5.0, 5.0, 5.0, 4.0, 5.0, 5.0, 5.0, 5.0, 5.0, 5.0, 5.0]",15
5165,"[37, 0, 1, 8, 15, 0, 1, 2, 1, 21, 3, 1, 0, 0, 0, 0, 11, 0, 0, 4, 6, 2, 2, 2, 2, 0, 0, 1, 13, 1, 0, 0, 0, 15, 0, 1, 9, 2, 5, 0, 0, 1, 6, 10, 2, 0, 4, 5, 0, 2, 0, 3, 0, 0, 1, 5, 0, 3]","[141114, 127770, 50265, 29638, 2483, 25780, 21915, 44473, 33706, 157314, 133900, 124045, 63519, 17275, 131792, 11152, 79835, 45963, 99249, 82044, 2378, 165499, 46968, 27878, 104539, 102916, 28213, 43504, 176248, 129434, 79499, 82257, 139414, 103592, 18802, 78438, 156318, 44551, 62492, 140086, 26653, 50278, 126955, 8037, 119837, 131785, 53442, 148487, 151656, 82127, 88732, 112594, 121551, 155024, 145767, 21851, 72442, 29369, 77616, 9954, 80703, 36598, 109984, 151356, 97738, 135573, 108237, 31827, 59794, 122483, 171987, 10393, 148618, 108289, 42046, 151384, 60048, 21243]",78,"[5.0, 5.0, 5.0, 5.0, 5.0, 5.0, 5.0, 5.0, 4.0, 5.0, 5.0, 5.0, 5.0, 5.0, 5.0, 4.0, 5.0, 0.0, 5.0, 5.0, 5.0, 5.0, 5.0, 5.0, 5.0, 5.0, 5.0, 4.0, 5.0, 5.0, 5.0, 5.0, 5.0, 5.0, 5.0, 5.0, 5.0, 5.0, 4.0, 5.0, 5.0, 5.0, 5.0, 5.0, 5.0, 0.0, 0.0, 5.0, 0.0, 0.0, 4.0, 5.0, 5.0, 0.0, 5.0, 5.0, 5.0, 5.0, 5.0, 5.0, 4.0, 5.0, 5.0, 5.0, 5.0, 5.0, 5.0, 4.0, 5.0, 4.0, 4.0, 4.0, 5.0, 5.0, 5.0, 5.0, 5.0, 0.0]",78
1148,"[6, 0, 0, 2, 3, 0, 0, 0, 0, 4, 1, 0, 0, 0, 0, 0, 3, 0, 0, 0, 0, 0, 0, 1, 0, 0, 1, 0, 3, 0, 0, 1, 0, 5, 0, 0, 2, 1, 1, 0, 0, 2, 2, 2, 0, 0, 1, 0, 0, 1, 0, 0, 0, 2, 1, 0, 0, 1]","[8524, 119320, 163273, 100396, 101721, 66711, 89113, 77616, 79316, 397, 37217, 4793, 96147, 45660, 33539, 113244, 75744, 14484]",18,"[5.0, 5.0, 5.0, 5.0, 0.0, 5.0, 5.0, 0.0, 5.0, 5.0, 5.0, 5.0, 5.0, 5.0, 5.0, 5.0, 5.0, 5.0]",18
6012,"[28, 0, 1, 5, 14, 0, 0, 1, 0, 15, 0, 0, 0, 0, 1, 0, 11, 0, 0, 4, 7, 1, 0, 0, 1, 0, 1, 1, 9, 0, 1, 0, 0, 13, 0, 0, 3, 0, 1, 0, 0, 2, 4, 5, 0, 0, 6, 1, 0, 0, 0, 2, 0, 1, 2, 3, 0, 0]","[80175, 16391, 141468, 88289, 16794, 63776, 31666, 108881, 91847, 151356, 77145, 47673, 96739, 82586, 171649, 63220, 46397, 53558, 158847, 163738, 35160, 106340, 138793, 89619, 144569, 73621, 168156, 142165, 176278, 170220, 15088, 9949, 37023, 21706, 99933, 49045, 144359, 154636, 1022, 64712, 50684, 45935, 176837, 20096, 144458, 130204, 12396, 3074, 45756, 146971]",50,"[4.0, 5.0, 5.0, 4.0, 5.0, 5.0, 5.0, 5.0, 5.0, 5.0, 5.0, 3.0, 5.0, 5.0, 5.0, 5.0, 5.0, 5.0, 5.0, 5.0, 0.0, 5.0, 1.0, 5.0, 5.0, 5.0, 5.0, 5.0, 5.0, 5.0, 5.0, 5.0, 5.0, 5.0, 5.0, 5.0, 5.0, 5.0, 5.0, 3.0, 5.0, 0.0, 5.0, 5.0, 5.0, 5.0, 5.0, 5.0, 5.0, 5.0]",50
7005,"[17, 0, 0, 6, 12, 0, 1, 2, 0, 13, 0, 1, 0, 0, 0, 0, 1, 0, 0, 3, 2, 2, 0, 3, 2, 0, 1, 2, 5, 1, 0, 0, 0, 11, 1, 0, 9, 2, 2, 0, 0, 1, 8, 3, 0, 0, 5, 0, 0, 1, 0, 0, 0, 5, 0, 0, 3, 3]","[3899, 6481, 69267, 8582, 16190, 62057, 106973, 63899, 135297, 147374, 154837, 24932, 84594, 144549, 79996, 83237, 41514, 71537, 11789, 11466, 102381, 65578, 57758, 20203, 90679, 145695, 121308, 48761, 29953, 154438, 1755, 146976, 84902, 37047, 54328, 64188, 30580, 170499, 149387]",39,"[0.0, 5.0, 5.0, 5.0, 5.0, 5.0, 5.0, 5.0, 5.0, 5.0, 5.0, 5.0, 5.0, 5.0, 5.0, 0.0, 0.0, 5.0, 5.0, 5.0, 0.0, 5.0, 5.0, 5.0, 5.0, 5.0, 5.0, 5.0, 5.0, 5.0, 5.0, 5.0, 5.0, 5.0, 5.0, 5.0, 5.0, 5.0, 5.0]",39
3847,"[15, 0, 0, 4, 4, 0, 0, 1, 0, 9, 0, 1, 0, 0, 3, 0, 6, 0, 0, 1, 3, 0, 0, 0, 1, 0, 0, 1, 3, 1, 0, 0, 0, 4, 0, 0, 2, 1, 3, 0, 0, 1, 5, 3, 0, 0, 4, 0, 0, 0, 1, 0, 0, 2, 0, 2, 1, 0]","[145875, 100022, 92103, 44350, 4855, 164672, 28266, 97933, 96750, 124277, 3859, 162352, 1666, 26942, 147479, 46838, 97680, 19475, 69536, 57086, 17230, 2281, 11317, 94549, 104429, 129595, 136237, 71973]",28,"[5.0, 5.0, 3.0, 4.0, 3.0, 5.0, 3.0, 5.0, 5.0, 4.0, 5.0, 4.0, 3.0, 5.0, 5.0, 4.0, 4.0, 5.0, 5.0, 1.0, 5.0, 5.0, 5.0, 5.0, 5.0, 0.0, 4.0, 3.0]",28
17985,"[1, 0, 0, 1, 2, 0, 1, 0, 0, 2, 0, 0, 0, 0, 1, 0, 1, 0, 0, 2, 0, 0, 0, 0, 0, 0, 1, 0, 0, 0, 0, 0, 0, 1, 0, 0, 1, 0, 0, 0, 0, 0, 1, 0, 0, 0, 0, 0, 0, 0, 0, 0, 0, 1, 0, 3, 0, 1]","[126659, 116107, 157732, 148907, 53183, 85344]",6,"[5.0, 4.0, 4.0, 5.0, 0.0, 0.0]",6
10206,"[7, 0, 0, 3, 7, 0, 0, 3, 0, 8, 0, 2, 0, 1, 1, 0, 5, 0, 0, 1, 1, 0, 0, 1, 0, 0, 2, 0, 5, 1, 0, 0, 0, 5, 0, 0, 1, 1, 1, 0, 0, 3, 6, 3, 2, 0, 2, 0, 0, 0, 0, 1, 0, 3, 0, 4, 1, 1]","[82316, 13714, 151205, 115113, 139822, 142970, 1022, 145380, 158335, 147615, 103033, 64203, 74727, 160999, 66747, 147765, 141047, 71820, 136852, 158930]",20,"[5.0, 5.0, 5.0, 5.0, 5.0, 5.0, 5.0, 5.0, 5.0, 5.0, 5.0, 5.0, 5.0, 5.0, 5.0, 5.0, 4.0, 5.0, 5.0, 5.0]",20
15543,"[5, 0, 0, 2, 4, 0, 0, 0, 0, 6, 0, 1, 0, 0, 0, 0, 3, 0, 0, 0, 1, 0, 0, 0, 0, 0, 0, 2, 5, 0, 0, 0, 0, 3, 0, 0, 2, 2, 1, 0, 0, 1, 5, 2, 0, 0, 3, 0, 0, 0, 0, 0, 0, 3, 1, 2, 0, 0]","[112978, 16219, 92542, 84437, 135961, 149428, 75061, 147374, 107806, 130417, 147344, 28650, 28247, 83108, 37359]",15,"[5.0, 5.0, 5.0, 5.0, 5.0, 5.0, 5.0, 0.0, 5.0, 5.0, 5.0, 5.0, 5.0, 5.0, 0.0]",15
11533,"[3, 0, 0, 2, 0, 0, 0, 0, 0, 5, 1, 0, 0, 0, 1, 0, 2, 0, 0, 0, 1, 0, 0, 0, 0, 0, 0, 1, 0, 0, 0, 0, 0, 3, 0, 0, 0, 2, 0, 0, 0, 0, 0, 0, 3, 0, 1, 0, 0, 0, 0, 1, 0, 1, 0, 1, 0, 3]","[8934, 104487, 15475, 88880, 173031, 56425, 150229, 58447]",8,"[5.0, 5.0, 3.0, 5.0, 5.0, 5.0, 5.0, 5.0]",8
15736,"[9, 0, 0, 5, 7, 0, 0, 0, 0, 7, 7, 2, 0, 0, 0, 0, 4, 0, 0, 0, 1, 1, 0, 0, 0, 0, 1, 2, 6, 2, 0, 0, 0, 9, 0, 1, 5, 2, 1, 0, 0, 1, 7, 7, 2, 0, 2, 0, 0, 1, 0, 0, 0, 3, 0, 3, 1, 2]","[98797, 89924, 43071, 138908, 129768, 133888, 16596, 157752, 155996, 62117, 73956, 168342, 99787, 37832, 63069, 126298, 165507, 152388, 42272, 85719, 61366, 31662, 17719, 135322, 38839, 65664, 54613, 175423, 122500]",29,"[5.0, 5.0, 5.0, 5.0, 5.0, 5.0, 5.0, 5.0, 4.0, 5.0, 5.0, 5.0, 3.0, 5.0, 5.0, 5.0, 4.0, 5.0, 5.0, 0.0, 5.0, 5.0, 5.0, 5.0, 4.0, 5.0, 5.0, 5.0, 5.0]",29
144,"[5, 0, 0, 1, 2, 0, 0, 0, 0, 3, 0, 0, 0, 0, 0, 0, 2, 0, 0, 0, 0, 0, 0, 0, 0, 0, 0, 2, 2, 0, 0, 0, 0, 2, 0, 0, 0, 0, 1, 0, 0, 1, 2, 2, 0, 0, 1, 0, 0, 0, 0, 0, 0, 1, 0, 0, 1, 0]","[47640, 26208, 71578, 37359, 71738, 171950, 118227, 58]",8,"[4.0, 5.0, 5.0, 5.0, 5.0, 5.0, 4.0, 5.0]",8
918,"[17, 1, 0, 0, 2, 0, 0, 1, 0, 9, 3, 1, 0, 0, 0, 0, 5, 0, 0, 0, 4, 1, 2, 5, 0, 0, 0, 2, 8, 1, 0, 0, 1, 10, 0, 0, 3, 2, 0, 0, 0, 1, 1, 6, 2, 1, 1, 0, 0, 0, 0, 0, 1, 2, 3, 3, 2, 0]","[64697, 52114, 104664, 174552, 64693, 37121, 116065, 66351, 107300, 66298, 7581, 104408, 155585, 292, 93646, 151465, 70468, 4187, 128215, 95415, 106910, 39929, 178084, 15293, 61547, 39478, 159546, 116477, 54390, 28476, 127580, 61321, 171057, 44629, 110753, 57376, 68477, 127024]",38,"[5.0, 5.0, 5.0, 5.0, 5.0, 5.0, 5.0, 5.0, 5.0, 5.0, 4.0, 5.0, 5.0, 4.0, 4.0, 5.0, 5.0, 5.0, 5.0, 5.0, 5.0, 3.0, 4.0, 5.0, 5.0, 5.0, 5.0, 4.0, 4.0, 5.0, 0.0, 4.0, 5.0, 3.0, 5.0, 5.0, 5.0, 5.0]",38
8837,"[7, 0, 0, 0, 2, 0, 0, 1, 0, 7, 0, 0, 0, 0, 0, 0, 1, 0, 0, 0, 1, 0, 0, 1, 0, 0, 0, 1, 3, 0, 0, 0, 0, 2, 0, 0, 2, 1, 1, 0, 0, 0, 1, 0, 0, 0, 0, 1, 0, 0, 0, 0, 0, 0, 0, 0, 0, 1]","[78333, 97738, 163583, 135961, 166212, 32114, 5605, 121513, 98576, 19812, 91485]",11,"[5.0, 5.0, 4.0, 5.0, 5.0, 5.0, 4.0, 4.0, 0.0, 4.0, 4.0]",11
240,"[36, 0, 0, 22, 28, 0, 1, 5, 0, 38, 5, 0, 0, 0, 2, 0, 21, 0, 0, 4, 11, 8, 1, 4, 0, 0, 3, 1, 33, 1, 0, 0, 0, 29, 0, 4, 11, 3, 11, 0, 1, 2, 26, 28, 3, 0, 9, 4, 0, 4, 2, 5, 0, 13, 3, 5, 4, 9]","[135554, 6612, 57203, 43402, 123074, 22701, 163583, 39601, 53257, 65519, 70452, 11810, 178094, 171940, 147180, 171545, 4369, 131507, 154502, 21840, 120593, 132314, 69020, 56671, 111112, 126746, 21720, 79610, 164675, 90536, 99121, 41831, 161670, 65007, 122515, 53166, 108433, 100651, 138589, 141490, 153988, 157403, 163503, 160396, 76416, 141457, 50277, 91968, 34908, 154332, 171178, 46853, 95403, 29334, 71436, 28760, 77500, 78876, 15752, 90268, 1736, 44429, 95519, 47572, 2194, 109266, 104061, 58229, 1717, 152011, 79118, 94221, 155242, 163244, 9994, 89534, 76716, 130953, 54899, 70745, 38052, 107616, 165793, 87130, 19667, 27736, 96776, 101273, 133507, 14314, 177651, 97139, 76373, 19328, 22650, 145695, 31706, 61543, 135961, 78148, 98, 153314, 46490, 139822, 164274, 102435, 160924, 4717, 131210, 140789, 18669, 45707, 119914, 19373, 128077, 84379, 140451, 8495, 30706, 119237, 65052, 10249, 71445, 157685, 55289, 170924, 154632, 155285, 109, 38250, 39574, 54385, 90637, 13060, 78524, 127453, 37125]",137,"[5.0, 5.0, 5.0, 4.0, 5.0, 4.0, 5.0, 5.0, 4.0, 4.0, 5.0, 5.0, 5.0, 5.0, 5.0, 5.0, 5.0, 5.0, 5.0, 5.0, 5.0, 5.0, 5.0, 5.0, 5.0, 5.0, 5.0, 5.0, 5.0, 5.0, 5.0, 4.0, 5.0, 5.0, 3.0, 4.0, 4.0, 5.0, 5.0, 5.0, 5.0, 5.0, 3.0, 5.0, 5.0, 4.0, 4.0, 4.0, 5.0, 4.0, 5.0, 3.0, 5.0, 4.0, 5.0, 4.0, 5.0, 4.0, 4.0, 5.0, 5.0, 5.0, 4.0, 5.0, 5.0, 4.0, 5.0, 4.0, 5.0, 5.0, 5.0, 5.0, 4.0, 5.0, 5.0, 5.0, 5.0, 5.0, 5.0, 5.0, 3.0, 5.0, 4.0, 5.0, 4.0, 5.0, 4.0, 4.0, 5.0, 4.0, 5.0, 4.0, 5.0, 5.0, 5.0, 5.0, 5.0, 4.0, 5.0, 5.0, 5.0, 5.0, 5.0, 5.0, 4.0, 4.0, 5.0, 5.0, 5.0, 3.0, 5.0, 5.0, 5.0, 5.0, 4.0, 5.0, 4.0, 5.0, 3.0, 5.0, 5.0, 3.0, 5.0, 5.0, 4.0, 4.0, 3.0, 4.0, 5.0, 5.0, 5.0, 5.0, 5.0, 5.0, 5.0, 5.0, 5.0]",137
8913,"[10, 0, 0, 3, 4, 0, 0, 0, 0, 12, 0, 0, 0, 0, 1, 0, 3, 0, 0, 0, 1, 0, 0, 1, 0, 0, 0, 0, 3, 1, 0, 0, 0, 1, 0, 0, 0, 1, 2, 0, 1, 1, 3, 8, 0, 0, 2, 1, 0, 0, 0, 1, 0, 1, 0, 4, 0, 2]","[97307, 58381, 147382, 71582, 142488, 126999, 125618, 101305, 97373, 67590, 71408, 71894, 62989, 80262, 10112, 36963, 74196, 24038, 129993, 5700, 75590, 123732, 29902]",23,"[5.0, 5.0, 5.0, 0.0, 0.0, 0.0, 5.0, 5.0, 0.0, 5.0, 0.0, 5.0, 5.0, 5.0, 5.0, 0.0, 5.0, 5.0, 5.0, 5.0, 5.0, 5.0, 5.0]",23
5571,"[32, 0, 0, 18, 32, 0, 0, 2, 1, 30, 3, 3, 0, 1, 4, 0, 24, 0, 0, 1, 2, 6, 0, 5, 0, 0, 4, 5, 24, 6, 0, 2, 0, 25, 0, 2, 7, 4, 13, 0, 0, 6, 26, 15, 1, 1, 15, 3, 0, 0, 0, 1, 0, 15, 0, 12, 3, 11]","[147151, 17982, 21623, 86859, 72043, 49111, 37047, 38446, 9272, 9040, 62527, 106629, 108179, 102381, 37663, 60534, 51644, 106697, 172287, 52334, 48170, 127080, 138375, 41870, 70938, 171328, 177804, 36155, 147615, 103297, 68437, 138145, 89274, 57976, 107299, 97194, 81727, 127133, 70317, 130399, 103661, 144949, 163295, 65349, 34251, 92805, 144893, 150612, 121118, 162166, 32926, 90183, 56836, 137724, 146038, 91451, 39893, 163533, 30368, 76090, 57293, 153976, 2733, 150229, 5952, 10338, 12032, 142634, 51508, 170672, 126456, 46412, 95600, 110343, 85695, 130480, 37099, 166618, 63559, 63569, 25754, 54445, 96954, 18395, 55863, 97676, 50378, 74642, 146051, 11478, 79233, 13010, 67169, 103681]",94,"[5.0, 5.0, 5.0, 5.0, 5.0, 5.0, 5.0, 5.0, 5.0, 5.0, 5.0, 5.0, 5.0, 5.0, 5.0, 4.0, 5.0, 5.0, 5.0, 1.0, 5.0, 5.0, 5.0, 5.0, 5.0, 5.0, 5.0, 5.0, 5.0, 5.0, 5.0, 3.0, 5.0, 5.0, 5.0, 5.0, 5.0, 5.0, 5.0, 5.0, 5.0, 5.0, 5.0, 5.0, 5.0, 5.0, 5.0, 5.0, 5.0, 5.0, 5.0, 5.0, 5.0, 5.0, 5.0, 5.0, 5.0, 5.0, 5.0, 5.0, 5.0, 5.0, 5.0, 5.0, 5.0, 5.0, 5.0, 4.0, 5.0, 5.0, 5.0, 5.0, 5.0, 5.0, 5.0, 5.0, 3.0, 5.0, 5.0, 5.0, 5.0, 5.0, 5.0, 0.0, 5.0, 5.0, 1.0, 5.0, 4.0, 5.0, 5.0, 5.0, 5.0, 5.0]",94
19148,"[3, 0, 0, 3, 1, 0, 0, 0, 0, 3, 0, 1, 0, 0, 1, 0, 1, 0, 0, 0, 1, 0, 0, 0, 0, 0, 0, 1, 1, 0, 0, 0, 0, 1, 0, 0, 1, 0, 0, 0, 0, 1, 1, 1, 0, 0, 1, 0, 0, 0, 0, 0, 0, 0, 0, 1, 0, 0]","[102888, 56174, 30231, 124230, 111566, 65619]",6,"[5.0, 5.0, 5.0, 5.0, 5.0, 5.0]",6
16947,"[2, 0, 0, 1, 3, 0, 0, 0, 1, 1, 0, 0, 0, 0, 0, 0, 1, 0, 0, 0, 0, 0, 0, 0, 0, 0, 0, 0, 0, 1, 0, 0, 0, 2, 0, 0, 1, 0, 0, 0, 0, 0, 0, 0, 0, 0, 1, 1, 0, 0, 0, 0, 0, 1, 0, 1, 0, 0]","[100269, 111383, 144909, 65190, 161944, 146032]",6,"[1.0, 5.0, 4.0, 4.0, 4.0, 5.0]",6
2539,"[9, 0, 0, 5, 1, 0, 0, 0, 0, 8, 0, 0, 0, 0, 0, 0, 1, 0, 0, 0, 0, 0, 0, 0, 1, 0, 0, 1, 4, 1, 0, 0, 0, 4, 0, 0, 0, 0, 1, 0, 0, 0, 1, 2, 0, 0, 1, 0, 0, 0, 0, 0, 0, 1, 0, 1, 1, 4]","[155867, 5870, 139822, 131794, 131935, 114478, 35455, 126106, 121221, 157037, 62552, 159239, 976]",13,"[5.0, 4.0, 5.0, 5.0, 4.0, 5.0, 5.0, 5.0, 5.0, 5.0, 5.0, 4.0, 5.0]",13
21273,"[4, 0, 0, 0, 2, 0, 0, 0, 0, 4, 0, 0, 0, 0, 0, 0, 3, 0, 0, 1, 0, 0, 0, 0, 1, 0, 0, 0, 1, 0, 0, 0, 0, 3, 0, 0, 1, 0, 1, 0, 0, 0, 2, 1, 0, 0, 1, 0, 0, 0, 0, 0, 0, 1, 0, 0, 0, 0]","[153084, 103462, 80022, 101492, 65578, 38755, 132562, 169901]",8,"[4.0, 4.0, 5.0, 4.0, 5.0, 5.0, 5.0, 0.0]",8
13149,"[9, 0, 0, 2, 4, 0, 0, 1, 0, 5, 0, 0, 0, 0, 0, 0, 4, 0, 0, 1, 2, 0, 0, 0, 0, 0, 2, 1, 4, 0, 0, 0, 0, 7, 0, 0, 3, 1, 1, 0, 0, 0, 3, 5, 0, 0, 1, 0, 0, 1, 0, 0, 0, 0, 0, 3, 3, 0]","[58562, 71812, 124831, 72352, 100666, 41282, 33864, 135391, 20156, 53086, 127852, 58158, 113008, 99430, 16159, 83725, 41603, 106968, 52727, 37588, 66433, 11608, 86860, 143335, 9903]",25,"[5.0, 5.0, 5.0, 4.0, 4.0, 4.0, 5.0, 5.0, 5.0, 5.0, 5.0, 5.0, 4.0, 5.0, 5.0, 5.0, 5.0, 4.0, 5.0, 5.0, 5.0, 5.0, 5.0, 5.0, 5.0]",25
11677,"[3, 0, 0, 3, 8, 0, 0, 3, 0, 3, 1, 0, 0, 0, 0, 0, 6, 0, 0, 0, 3, 1, 0, 1, 1, 0, 1, 2, 1, 0, 0, 1, 0, 5, 0, 1, 2, 1, 3, 0, 0, 1, 6, 1, 0, 0, 2, 1, 0, 2, 0, 0, 0, 4, 0, 1, 1, 0]","[76289, 70172, 9170, 35351, 134011, 17684, 145575, 122952, 104597, 161538, 147603, 169839, 93604, 24452, 92417, 149421, 99922, 156517, 126204]",19,"[5.0, 5.0, 5.0, 5.0, 5.0, 5.0, 2.0, 5.0, 5.0, 5.0, 5.0, 5.0, 5.0, 5.0, 5.0, 5.0, 5.0, 4.0, 5.0]",19
17555,"[4, 0, 0, 1, 0, 0, 0, 0, 0, 2, 2, 0, 0, 0, 0, 0, 2, 0, 0, 2, 1, 0, 0, 0, 0, 0, 0, 0, 1, 0, 0, 0, 0, 2, 0, 0, 3, 0, 1, 0, 0, 0, 0, 1, 0, 0, 1, 0, 0, 0, 0, 0, 0, 0, 0, 0, 1, 0]","[127179, 135322, 155664, 22265, 78551, 134610, 170377, 97469]",8,"[4.0, 4.0, 5.0, 5.0, 4.0, 3.0, 5.0, 5.0]",8
1343,"[8, 0, 0, 4, 1, 0, 0, 0, 0, 6, 1, 0, 0, 0, 0, 0, 2, 0, 0, 1, 2, 0, 0, 0, 1, 0, 1, 1, 3, 0, 0, 0, 0, 5, 0, 0, 1, 2, 3, 0, 0, 0, 0, 3, 0, 1, 0, 0, 0, 0, 0, 0, 0, 1, 0, 2, 0, 0]","[160022, 137614, 78026, 90429, 507, 78551, 95918, 37326, 45221, 93221, 89894, 114034, 105049, 62010]",14,"[5.0, 5.0, 5.0, 5.0, 5.0, 5.0, 5.0, 5.0, 5.0, 5.0, 4.0, 5.0, 5.0, 5.0]",14
1098,"[18, 1, 0, 4, 16, 0, 0, 0, 1, 13, 3, 1, 0, 0, 0, 0, 11, 0, 0, 2, 1, 0, 0, 4, 2, 0, 2, 1, 8, 1, 0, 0, 0, 12, 0, 0, 4, 1, 4, 0, 0, 4, 7, 5, 3, 0, 5, 1, 0, 0, 0, 1, 0, 2, 1, 6, 1, 4]","[19656, 34216, 152861, 113700, 141340, 4517, 91271, 143727, 135207, 105477, 125670, 104037, 14924, 148992, 156670, 45725, 163374, 50880, 94157, 374, 165562, 129146, 48081, 79680, 137050, 61778, 73421, 103271, 62095, 33141, 86000, 82790, 106186, 20792, 10883, 123609, 63987, 96410, 20481, 12990, 81666, 20708, 25521, 37715, 23349, 136817, 23950, 64601, 97466, 70237, 126374, 63891, 46906, 143282, 172758]",55,"[5.0, 5.0, 5.0, 5.0, 5.0, 4.0, 4.0, 5.0, 4.0, 4.0, 5.0, 5.0, 4.0, 4.0, 4.0, 5.0, 5.0, 0.0, 4.0, 4.0, 3.0, 5.0, 5.0, 5.0, 4.0, 0.0, 5.0, 4.0, 5.0, 5.0, 0.0, 0.0, 5.0, 4.0, 5.0, 4.0, 3.0, 5.0, 5.0, 5.0, 4.0, 5.0, 5.0, 5.0, 5.0, 5.0, 5.0, 2.0, 4.0, 4.0, 3.0, 5.0, 5.0, 4.0, 5.0]",55
13724,"[5, 0, 0, 2, 0, 0, 0, 0, 0, 0, 0, 0, 0, 0, 0, 0, 1, 0, 0, 1, 0, 1, 0, 0, 0, 0, 1, 1, 1, 0, 0, 0, 0, 4, 0, 0, 3, 1, 0, 1, 0, 0, 0, 1, 0, 0, 2, 0, 0, 0, 0, 0, 0, 0, 0, 1, 0, 0]","[112597, 64084, 168229, 161122, 86077, 36268, 83849, 76724, 157864, 45251]",10,"[4.0, 5.0, 5.0, 5.0, 5.0, 5.0, 5.0, 5.0, 5.0, 5.0]",10
15902,"[8, 0, 0, 2, 2, 0, 0, 1, 0, 5, 0, 0, 0, 0, 0, 0, 0, 0, 0, 0, 0, 0, 0, 1, 0, 0, 0, 0, 1, 0, 0, 0, 0, 2, 0, 1, 1, 1, 0, 0, 0, 0, 1, 0, 0, 0, 1, 0, 0, 0, 0, 0, 0, 1, 0, 0, 0, 1]","[161356, 52334, 23525, 27680, 74682, 19634, 168476, 129357, 175726]",9,"[5.0, 5.0, 5.0, 4.0, 5.0, 5.0, 5.0, 5.0, 5.0]",9
13377,"[3, 0, 0, 1, 1, 0, 0, 0, 0, 4, 1, 0, 0, 0, 0, 0, 2, 0, 0, 0, 1, 0, 0, 0, 0, 0, 0, 0, 0, 1, 0, 0, 0, 3, 0, 0, 1, 0, 0, 0, 0, 0, 3, 1, 0, 0, 1, 0, 0, 0, 0, 0, 0, 0, 1, 0, 1, 0]","[50629, 32128, 15173, 11992, 66898, 90496, 118169, 81264]",8,"[5.0, 5.0, 5.0, 5.0, 5.0, 5.0, 5.0, 5.0]",8
18153,"[4, 0, 0, 1, 1, 0, 0, 0, 0, 3, 0, 1, 0, 0, 0, 0, 0, 0, 0, 1, 1, 0, 0, 0, 1, 0, 0, 1, 1, 2, 0, 0, 0, 2, 0, 0, 1, 0, 0, 0, 0, 0, 2, 0, 0, 0, 1, 0, 0, 0, 0, 0, 0, 0, 1, 0, 1, 0]","[171311, 149346, 109246, 50422, 91137, 93981, 130700, 73956, 24778]",9,"[5.0, 5.0, 4.0, 5.0, 5.0, 4.0, 3.0, 1.0, 5.0]",9
10529,"[11, 0, 0, 6, 2, 0, 0, 0, 1, 8, 2, 0, 0, 0, 1, 0, 3, 0, 0, 1, 3, 0, 0, 0, 0, 0, 0, 0, 3, 0, 0, 0, 0, 6, 0, 1, 1, 1, 1, 0, 0, 0, 1, 2, 0, 0, 3, 0, 0, 0, 0, 0, 0, 0, 0, 4, 1, 5]","[24179, 14451, 7585, 57758, 124095, 113937, 171424, 122897, 109047, 74837, 168342, 156306, 90536, 125503, 48014, 37976, 138860, 122867, 28088, 173903]",20,"[3.0, 5.0, 4.0, 5.0, 5.0, 5.0, 4.0, 5.0, 5.0, 4.0, 5.0, 5.0, 5.0, 5.0, 5.0, 4.0, 5.0, 4.0, 5.0, 5.0]",20
16540,"[0, 0, 0, 2, 1, 0, 0, 0, 0, 3, 1, 0, 0, 0, 0, 0, 2, 0, 0, 0, 0, 1, 0, 1, 0, 0, 0, 0, 1, 1, 0, 0, 0, 4, 0, 0, 0, 0, 0, 0, 0, 0, 1, 1, 0, 0, 0, 1, 0, 0, 0, 0, 0, 1, 0, 0, 0, 1]","[71299, 76381, 146027, 164582, 135561, 18802, 136329]",7,"[4.0, 5.0, 5.0, 5.0, 5.0, 5.0, 4.0]",7
21514,"[2, 0, 0, 2, 3, 0, 0, 0, 1, 2, 0, 1, 0, 0, 0, 0, 0, 0, 0, 0, 1, 0, 0, 0, 1, 0, 0, 0, 2, 0, 0, 0, 0, 3, 0, 1, 0, 0, 0, 0, 0, 0, 2, 4, 1, 0, 1, 0, 0, 0, 0, 0, 0, 0, 0, 1, 0, 2]","[75857, 178041, 98590, 124479, 141114, 39911, 124146, 165191, 158734, 71401, 61356]",11,"[5.0, 5.0, 3.0, 5.0, 5.0, 5.0, 5.0, 5.0, 5.0, 5.0, 5.0]",11
21095,"[2, 0, 0, 2, 2, 0, 0, 0, 0, 1, 0, 0, 0, 0, 0, 0, 2, 0, 0, 0, 2, 0, 0, 0, 0, 0, 1, 0, 0, 1, 0, 0, 0, 5, 0, 1, 1, 2, 0, 0, 0, 0, 3, 0, 0, 0, 0, 0, 0, 1, 0, 0, 0, 0, 0, 2, 0, 1]","[58086, 160720, 159612, 101121, 117369, 37047, 128271, 60194]",8,"[5.0, 5.0, 5.0, 4.0, 5.0, 4.0, 5.0, 3.0]",8
10775,"[3, 0, 0, 0, 2, 0, 0, 0, 0, 3, 1, 1, 0, 0, 1, 0, 4, 0, 0, 0, 1, 1, 0, 3, 0, 0, 2, 0, 2, 1, 0, 0, 0, 3, 0, 0, 0, 2, 3, 0, 0, 3, 3, 5, 1, 0, 1, 0, 0, 0, 0, 0, 0, 1, 0, 3, 0, 1]","[164203, 7926, 97372, 57713, 121221, 92697, 16605, 65992, 151126, 86923, 31072, 45573, 150292, 156278, 28949]",15,"[4.0, 5.0, 5.0, 5.0, 4.0, 5.0, 5.0, 5.0, 5.0, 5.0, 4.0, 5.0, 5.0, 5.0, 5.0]",15
5183,"[0, 0, 0, 0, 3, 0, 0, 0, 0, 4, 1, 0, 0, 0, 0, 0, 2, 0, 0, 0, 1, 1, 0, 1, 0, 0, 1, 1, 0, 0, 0, 0, 0, 2, 0, 0, 0, 0, 1, 0, 0, 0, 2, 1, 0, 0, 0, 0, 0, 0, 0, 0, 0, 1, 0, 1, 0, 1]","[86066, 2404, 167405, 104562, 74827, 105392, 147768, 112305]",8,"[4.0, 5.0, 4.0, 5.0, 5.0, 4.0, 5.0, 5.0]",8
10180,"[21, 3, 0, 4, 14, 0, 0, 1, 0, 16, 2, 1, 0, 0, 0, 0, 8, 0, 0, 2, 0, 2, 0, 6, 0, 0, 2, 3, 12, 0, 0, 2, 0, 14, 0, 0, 9, 5, 6, 0, 0, 1, 11, 8, 1, 0, 5, 0, 0, 0, 0, 1, 0, 5, 1, 1, 2, 3]","[48069, 136572, 176352, 85170, 70499, 72401, 174747, 109218, 77550, 117827, 124004, 175286, 30076, 13083, 80340, 47837, 95245, 119077, 55887, 120769, 47241, 147374, 105805, 176663, 143216, 73845, 43209, 93841, 7111, 120938, 40963, 120059, 172070, 133361, 106816, 162892, 8379, 32845, 8472, 75804, 138882, 171328]",42,"[5.0, 5.0, 5.0, 5.0, 5.0, 5.0, 5.0, 5.0, 5.0, 5.0, 5.0, 2.0, 5.0, 5.0, 5.0, 5.0, 4.0, 3.0, 5.0, 4.0, 5.0, 3.0, 5.0, 5.0, 5.0, 1.0, 5.0, 5.0, 5.0, 0.0, 3.0, 5.0, 5.0, 5.0, 4.0, 3.0, 5.0, 5.0, 0.0, 1.0, 5.0, 2.0]",42
2860,"[36, 0, 0, 18, 14, 0, 0, 4, 0, 23, 1, 6, 0, 0, 2, 0, 9, 0, 0, 2, 7, 3, 0, 5, 1, 0, 1, 4, 26, 4, 0, 1, 0, 23, 0, 2, 8, 4, 1, 0, 0, 4, 7, 3, 0, 2, 18, 0, 0, 2, 0, 0, 0, 1, 5, 4, 3, 2]","[125928, 135694, 147186, 149601, 140286, 147832, 33344, 41753, 4619, 89210, 16251, 110069, 174462, 1999, 115258, 19245, 160131, 36323, 52030, 163410, 149112, 11336, 152100, 35495, 145756, 63171, 57873, 17507, 176840, 34273, 18184, 18311, 32068, 61592, 34737, 36581, 52859, 134594, 126557, 158366, 121052, 34652, 131992, 82222, 58480, 27897, 67977, 1387, 95906, 160224, 144348, 48566, 73467, 115114, 93432, 50594, 33879, 120, 8583, 41900, 124230, 34884, 72064, 143947, 39404, 164816, 65543, 118135, 158565, 82067, 46437, 55772, 32391, 5619, 108671, 48381, 8487, 164203, 147374, 155665, 13620, 129941, 47040, 116385, 15173, 27140, 119743, 19085, 64625, 166172, 148386]",91,"[5.0, 5.0, 5.0, 5.0, 5.0, 5.0, 3.0, 5.0, 5.0, 5.0, 5.0, 5.0, 5.0, 5.0, 5.0, 5.0, 5.0, 5.0, 5.0, 5.0, 5.0, 5.0, 5.0, 5.0, 5.0, 5.0, 5.0, 4.0, 5.0, 5.0, 5.0, 5.0, 5.0, 5.0, 5.0, 4.0, 5.0, 3.0, 4.0, 5.0, 5.0, 5.0, 2.0, 4.0, 5.0, 5.0, 5.0, 5.0, 5.0, 5.0, 4.0, 5.0, 4.0, 4.0, 5.0, 5.0, 4.0, 5.0, 5.0, 5.0, 5.0, 5.0, 5.0, 5.0, 5.0, 5.0, 5.0, 5.0, 5.0, 5.0, 4.0, 5.0, 4.0, 3.0, 5.0, 4.0, 5.0, 4.0, 5.0, 5.0, 3.0, 4.0, 5.0, 5.0, 5.0, 5.0, 5.0, 5.0, 5.0, 5.0, 5.0]",91
5312,"[15, 0, 0, 4, 4, 0, 0, 1, 0, 10, 1, 0, 0, 0, 1, 0, 3, 0, 0, 2, 2, 2, 0, 0, 0, 0, 0, 0, 8, 4, 0, 0, 0, 9, 0, 1, 2, 1, 2, 0, 0, 2, 5, 5, 1, 0, 2, 0, 0, 1, 0, 0, 0, 2, 1, 1, 2, 3]","[67069, 146855, 13241, 165544, 34499, 147180, 137911, 19316, 58482, 147437, 102107, 106069, 42515, 168457, 143196, 50899, 166005, 160018, 39254, 80357, 55237, 177024, 127068, 130580, 2525, 6191, 150794, 112542, 52263, 124019, 19812, 90382, 86658]",33,"[5.0, 4.0, 5.0, 5.0, 5.0, 5.0, 5.0, 5.0, 5.0, 5.0, 4.0, 5.0, 5.0, 0.0, 0.0, 5.0, 5.0, 5.0, 4.0, 5.0, 5.0, 5.0, 5.0, 3.0, 3.0, 4.0, 0.0, 5.0, 5.0, 5.0, 5.0, 5.0, 5.0]",33
3148,"[23, 1, 0, 7, 15, 0, 0, 7, 0, 24, 2, 2, 0, 0, 3, 0, 9, 0, 0, 1, 2, 1, 1, 4, 0, 0, 4, 3, 6, 3, 0, 0, 0, 15, 0, 0, 12, 3, 3, 0, 0, 2, 8, 6, 1, 1, 3, 1, 0, 0, 0, 0, 0, 1, 1, 5, 3, 4]","[10225, 54985, 123748, 6709, 130484, 24994, 95663, 120714, 67474, 23965, 30364, 160613, 87284, 51999, 72755, 94150, 114447, 62889, 62734, 66252, 145828, 32049, 62363, 71971, 24611, 122497, 101241, 7084, 163330, 106733, 110931, 112562, 76515, 72642, 57239, 69869, 1498, 118482, 77537, 172925, 60370, 145326, 15225, 56343, 67512, 163956, 132267, 144232, 115517, 127822, 83194, 135636, 47715, 697, 172503, 59738, 82704, 106473, 77363, 47704, 65511, 51181, 46114, 79230, 60449, 148966, 124964, 131097, 158587, 135152]",70,"[5.0, 5.0, 5.0, 5.0, 4.0, 5.0, 5.0, 5.0, 5.0, 5.0, 4.0, 5.0, 5.0, 5.0, 3.0, 5.0, 4.0, 5.0, 4.0, 5.0, 4.0, 4.0, 4.0, 4.0, 5.0, 5.0, 5.0, 3.0, 4.0, 5.0, 5.0, 5.0, 5.0, 5.0, 5.0, 5.0, 5.0, 4.0, 4.0, 4.0, 4.0, 5.0, 4.0, 5.0, 5.0, 4.0, 3.0, 5.0, 5.0, 4.0, 4.0, 4.0, 5.0, 5.0, 5.0, 5.0, 5.0, 5.0, 5.0, 5.0, 5.0, 5.0, 4.0, 4.0, 5.0, 5.0, 5.0, 5.0, 5.0, 5.0]",70
5090,"[23, 0, 0, 7, 10, 0, 0, 3, 1, 18, 0, 2, 0, 0, 0, 0, 7, 0, 0, 3, 4, 3, 0, 1, 1, 0, 0, 1, 12, 1, 0, 0, 0, 13, 0, 1, 6, 0, 2, 0, 1, 2, 7, 3, 1, 1, 5, 0, 0, 1, 1, 1, 0, 1, 1, 2, 3, 4]","[20938, 22277, 25279, 2949, 46366, 21213, 166346, 53345, 66298, 97187, 5289, 113757, 82121, 78169, 169731, 166596, 77881, 154262, 123150, 153205, 20318, 170880, 80096, 9528, 129505, 14495, 19373, 164618, 85287, 130739, 45879, 117161, 27415, 83312, 147160, 122779, 141363, 101773, 124610, 2305, 18761, 21072, 153429, 66914, 146229]",45,"[5.0, 4.0, 4.0, 5.0, 5.0, 5.0, 5.0, 5.0, 5.0, 5.0, 5.0, 5.0, 5.0, 5.0, 5.0, 5.0, 5.0, 5.0, 5.0, 5.0, 5.0, 5.0, 5.0, 5.0, 5.0, 5.0, 5.0, 5.0, 5.0, 5.0, 5.0, 5.0, 5.0, 5.0, 5.0, 5.0, 5.0, 5.0, 5.0, 5.0, 5.0, 5.0, 5.0, 5.0, 5.0]",45
8759,"[9, 0, 0, 6, 2, 0, 0, 0, 0, 3, 0, 1, 0, 0, 0, 0, 1, 0, 0, 1, 0, 0, 0, 0, 0, 0, 0, 0, 6, 1, 0, 0, 0, 4, 0, 0, 4, 1, 0, 1, 0, 0, 1, 0, 0, 0, 1, 1, 0, 0, 0, 0, 0, 0, 0, 0, 5, 0]","[5529, 166340, 89665, 97716, 47239, 65429, 165705, 2949, 177109, 114330, 153836, 149740, 114873, 161407]",14,"[5.0, 4.0, 5.0, 5.0, 5.0, 5.0, 5.0, 4.0, 5.0, 5.0, 5.0, 5.0, 4.0, 5.0]",14
10258,"[7, 0, 0, 3, 3, 0, 0, 2, 0, 5, 0, 0, 0, 0, 0, 0, 0, 0, 0, 0, 1, 1, 0, 2, 0, 0, 1, 2, 2, 0, 0, 0, 0, 3, 0, 0, 3, 0, 1, 0, 0, 0, 2, 1, 0, 0, 3, 0, 0, 2, 0, 0, 0, 2, 0, 1, 2, 1]","[50909, 146468, 91656, 13435, 163831, 101783, 141991, 54293, 39353, 174023, 112659, 7223, 151539, 155665, 97738]",15,"[4.0, 5.0, 5.0, 5.0, 5.0, 5.0, 5.0, 5.0, 5.0, 5.0, 5.0, 4.0, 5.0, 5.0, 5.0]",15
3985,"[22, 1, 0, 5, 5, 0, 0, 0, 0, 13, 0, 2, 0, 0, 0, 0, 5, 0, 0, 1, 3, 3, 0, 1, 1, 0, 1, 2, 6, 0, 0, 0, 0, 10, 0, 0, 6, 1, 1, 0, 0, 1, 1, 4, 0, 0, 2, 1, 0, 0, 0, 0, 1, 3, 0, 2, 3, 4]","[158151, 146382, 135322, 39308, 8466, 80222, 52050, 162691, 119044, 115471, 146901, 174912, 143200, 113713, 86128, 38839, 160629, 171328, 115883, 75244, 57758, 16869, 152911, 135961, 65803, 33336, 84833, 126172, 98923, 176215, 104946]",31,"[5.0, 5.0, 5.0, 5.0, 5.0, 5.0, 5.0, 5.0, 4.0, 5.0, 5.0, 5.0, 5.0, 5.0, 5.0, 5.0, 5.0, 5.0, 0.0, 5.0, 3.0, 5.0, 5.0, 5.0, 5.0, 5.0, 5.0, 5.0, 5.0, 5.0, 1.0]",31
7959,"[8, 0, 0, 0, 6, 0, 1, 0, 0, 12, 2, 1, 0, 0, 0, 0, 5, 1, 0, 1, 2, 0, 0, 3, 0, 0, 1, 1, 4, 1, 0, 0, 0, 11, 0, 0, 5, 0, 1, 0, 0, 1, 4, 4, 1, 0, 5, 0, 0, 1, 0, 0, 0, 3, 2, 4, 0, 2]","[162111, 150292, 48000, 120048, 90083, 100687, 4784, 102017, 108773, 63797, 54613, 91485, 32780, 78724, 6030, 145486, 168167, 98839, 85382, 125637, 97173, 86859, 45418, 55984, 107150]",25,"[4.0, 5.0, 5.0, 5.0, 4.0, 3.0, 5.0, 5.0, 5.0, 5.0, 4.0, 4.0, 4.0, 5.0, 4.0, 2.0, 5.0, 5.0, 5.0, 4.0, 5.0, 5.0, 5.0, 5.0, 5.0]",25
3567,"[45, 0, 0, 21, 13, 0, 0, 2, 0, 28, 4, 1, 0, 0, 2, 0, 12, 0, 0, 3, 3, 6, 0, 4, 1, 0, 2, 3, 27, 1, 0, 1, 0, 27, 0, 0, 10, 3, 3, 0, 0, 4, 7, 7, 1, 2, 14, 0, 0, 1, 0, 0, 0, 3, 1, 3, 11, 3]","[140807, 172070, 164376, 148114, 11102, 178094, 139319, 168616, 117899, 119728, 75143, 89113, 87717, 19121, 139169, 29880, 46142, 36076, 84077, 78551, 68463, 109750, 140057, 5402, 19549, 111664, 105538, 72793, 133378, 11324, 55772, 102228, 72757, 166305, 108416, 169835, 25667, 3437, 112283, 168079, 78593, 113656, 55585, 41436, 155935, 72081, 61026, 134610, 134105, 90890, 10686, 26529, 107751, 49627, 139341, 156703, 83188, 13906, 108110, 81094, 26402, 86831, 2949, 4621, 36924, 32114, 46841, 55540, 32803, 80562, 146489, 134769, 1474, 27817, 45216, 131773, 155099, 133323, 82382, 97179, 66402, 63569, 169615, 5348, 72805, 135961, 63782, 44691, 81116, 74631]",90,"[5.0, 4.0, 4.0, 1.0, 5.0, 5.0, 2.0, 5.0, 5.0, 5.0, 3.0, 5.0, 5.0, 5.0, 5.0, 5.0, 3.0, 4.0, 5.0, 4.0, 5.0, 4.0, 5.0, 5.0, 3.0, 5.0, 5.0, 5.0, 5.0, 5.0, 5.0, 5.0, 5.0, 5.0, 5.0, 5.0, 5.0, 5.0, 5.0, 5.0, 4.0, 5.0, 5.0, 5.0, 5.0, 5.0, 5.0, 5.0, 5.0, 5.0, 5.0, 5.0, 5.0, 5.0, 4.0, 5.0, 5.0, 5.0, 5.0, 5.0, 5.0, 5.0, 5.0, 5.0, 5.0, 5.0, 5.0, 5.0, 4.0, 5.0, 5.0, 5.0, 5.0, 5.0, 5.0, 5.0, 5.0, 5.0, 5.0, 5.0, 5.0, 5.0, 5.0, 5.0, 5.0, 5.0, 5.0, 5.0, 5.0, 5.0]",90
10842,"[6, 0, 0, 1, 2, 0, 0, 0, 0, 3, 0, 0, 0, 0, 0, 0, 0, 0, 0, 0, 1, 0, 1, 0, 0, 0, 0, 1, 2, 0, 0, 0, 0, 4, 0, 0, 3, 1, 2, 0, 0, 0, 1, 2, 0, 0, 2, 0, 0, 0, 0, 0, 0, 2, 0, 0, 0, 1]","[105862, 38878, 62793, 138627, 163781, 140811, 115507, 148894, 157680, 8007, 116201, 177584]",12,"[5.0, 5.0, 5.0, 0.0, 4.0, 5.0, 5.0, 0.0, 5.0, 0.0, 5.0, 5.0]",12
11594,"[9, 1, 0, 2, 2, 0, 0, 0, 0, 7, 5, 0, 0, 0, 0, 0, 4, 0, 0, 0, 0, 3, 0, 1, 0, 0, 1, 0, 4, 0, 0, 0, 0, 6, 0, 0, 1, 2, 2, 0, 0, 1, 3, 1, 0, 0, 1, 0, 0, 0, 0, 0, 0, 2, 1, 1, 0, 0]","[147180, 23374, 99787, 70218, 20935, 12981, 141218, 49137, 99969, 128650, 48693, 134610, 90701, 165439, 118013, 159057, 9039, 155957]",18,"[5.0, 4.0, 5.0, 3.0, 5.0, 3.0, 4.0, 4.0, 5.0, 3.0, 4.0, 1.0, 5.0, 5.0, 3.0, 5.0, 5.0, 4.0]",18
3150,"[140, 3, 1, 49, 56, 0, 0, 10, 2, 116, 10, 9, 0, 0, 3, 0, 38, 0, 0, 15, 31, 11, 1, 9, 3, 0, 2, 8, 74, 22, 0, 1, 0, 86, 0, 2, 22, 5, 24, 0, 2, 14, 31, 49, 3, 0, 29, 2, 0, 6, 2, 2, 0, 22, 4, 27, 15, 28]","[6098, 91160, 159124, 81940, 104088, 23652, 124057, 75944, 145641, 4052, 151700, 127762, 130269, 98487, 94992, 68651, 97738, 2536, 51060, 62557, 126910, 152138, 34072, 66464, 38238, 49363, 151433, 51336, 33845, 155143, 23725, 4708, 27063, 53111, 128047, 141339, 12959, 75244, 109588, 130364, 34096, 152739, 22067, 171755, 74382, 27135, 117222, 23876, 111428, 5142, 48202, 40541, 25602, 171468, 117248, 94285, 60031, 121189, 110689, 53907, 139753, 118662, 166859, 56892, 175523, 140969, 44202, 48920, 136059, 163715, 131908, 34629, 98586, 177727, 141005, 68457, 149262, 84591, 115127, 35381, 167337, 139658, 115501, 127427, 88276, 126677, 99604, 19121, 91196, 89959, 69528, 27925, 112487, 14012, 65992, 23300, 92761, 117057, 169084, 92292, 176565, 102589, 126646, 20012, 63857, 49031, 43006, 31072, 32792, 12392, 46472, 116272, 156249, 91226, 159959, 81718, 23377, 89598, 76271, 38699, 133519, 162238, 172853, 139600, 37409, 106144, 8947, 165223, 32459, 147180, 54256, 76748, 15138, 145695, 5289, 5930, 129505, 127852, 25209, 98934, 37063, 108013, 19549, 71682, 171187, 44289, 1776, 63601, 132843, 97302, 13216, 163100, 128003, 65922, 114447, 14665, 87047, 41250, 19770, 95738, 138781, 142373, 154553, 164985, 78510, 119530, 71589, 153429, 113588, 143063, 76878, 62128, 72535, 99653, 57003, 143795, 73274, 154194, 20463, 134309, 60763, 128392, 36456, 59880, 6866, 27676, 172266, 10824, 86254, 128650, 111035, 2636, 148455, 106969, 78501, 46229, 50129, 66298, 150819, 14816, 4829, 36854, 100788, 34364, 60249, 147374, 65310, 87550, 162070, 109557, 27243, 79996, 144565, 172696, 3459, 116038, 102785, 92935, 55999, 117895, 7585, 150504, 78195, 6458, 20429, 697, 112399, 52300, 166730, 112653, 102416, 38001, 59586, 58532, 119308, 52386, 161821, 49110, 148541, 164837, 75415, 50312, 35152, 33267, 24869, 65499, 73888, 84756, 2795, 136732, 55504, 61578, 36005, 157280, 118875, 86102, 130120, 15059, 176663, 31380, 173270, 127080, 171965, 82967, 6191, 170732, 13097, 173080, 103867, 167286, 110082, 97466, 45731, 26647, 107518, 152500, 90149, 22265, 151251, 112722, 119437, 140935, 98951, 98964, 173005, 163127, 97189, 11965, 71415, 12209, 130507, 29257, 168327, 53787, 54149, 1425, 34789, 153958, 142191, 90079, 142369, 66739]",302,"[5.0, 5.0, 5.0, 5.0, 4.0, 5.0, 5.0, 5.0, 5.0, 5.0, 5.0, 5.0, 5.0, 5.0, 5.0, 5.0, 5.0, 5.0, 5.0, 5.0, 5.0, 5.0, 5.0, 5.0, 5.0, 5.0, 5.0, 5.0, 5.0, 5.0, 5.0, 5.0, 5.0, 5.0, 5.0, 5.0, 4.0, 5.0, 5.0, 5.0, 5.0, 5.0, 4.0, 5.0, 5.0, 5.0, 5.0, 5.0, 5.0, 5.0, 5.0, 5.0, 5.0, 5.0, 5.0, 5.0, 5.0, 4.0, 5.0, 5.0, 5.0, 5.0, 5.0, 5.0, 5.0, 5.0, 5.0, 5.0, 5.0, 5.0, 4.0, 5.0, 5.0, 5.0, 5.0, 4.0, 5.0, 5.0, 5.0, 5.0, 5.0, 5.0, 5.0, 5.0, 4.0, 5.0, 5.0, 5.0, 5.0, 5.0, 5.0, 5.0, 5.0, 5.0, 5.0, 5.0, 5.0, 5.0, 5.0, 5.0, 5.0, 5.0, 5.0, 5.0, 5.0, 5.0, 5.0, 5.0, 5.0, 5.0, 5.0, 5.0, 5.0, 5.0, 5.0, 5.0, 5.0, 5.0, 5.0, 5.0, 5.0, 5.0, 5.0, 5.0, 5.0, 5.0, 5.0, 5.0, 5.0, 5.0, 5.0, 5.0, 5.0, 5.0, 5.0, 5.0, 5.0, 5.0, 5.0, 5.0, 5.0, 5.0, 5.0, 5.0, 5.0, 4.0, 5.0, 5.0, 5.0, 5.0, 5.0, 5.0, 5.0, 5.0, 5.0, 5.0, 5.0, 5.0, 5.0, 5.0, 5.0, 5.0, 4.0, 5.0, 5.0, 5.0, 5.0, 5.0, 5.0, 5.0, 5.0, 5.0, 5.0, 5.0, 5.0, 5.0, 5.0, 5.0, 5.0, 5.0, 5.0, 5.0, 5.0, 5.0, 5.0, 5.0, 5.0, 5.0, 5.0, 5.0, 4.0, 5.0, 5.0, 5.0, 5.0, 5.0, 4.0, 5.0, 5.0, 5.0, 5.0, 5.0, 5.0, 4.0, 4.0, 5.0, 5.0, 5.0, 5.0, 5.0, 5.0, 5.0, 5.0, 0.0, 5.0, 5.0, 5.0, 5.0, 5.0, 5.0, 5.0, 5.0, 5.0, 5.0, 5.0, 5.0, 5.0, 5.0, 5.0, 5.0, 5.0, 5.0, 5.0, 5.0, 5.0, 5.0, 5.0, 5.0, 5.0, 5.0, 4.0, 5.0, 5.0, 5.0, 5.0, 5.0, 5.0, 5.0, 5.0, 5.0, 5.0, 5.0, 5.0, 5.0, 4.0, 5.0, 5.0, 4.0, 5.0, 5.0, 5.0, 5.0, 5.0, 5.0, 5.0, 5.0, 5.0, 4.0, 5.0, 5.0, 5.0, 5.0, 5.0, 5.0, 5.0, 5.0, 5.0, 5.0, 5.0, 5.0, 5.0, 5.0, 5.0, 5.0, 5.0, 5.0, 5.0, 4.0, 5.0, 5.0, 5.0, 5.0, 5.0, 5.0, 5.0, 5.0, 5.0, 5.0, 5.0, 5.0, 5.0, 5.0]",302
11633,"[5, 0, 0, 1, 8, 1, 0, 1, 0, 5, 1, 0, 0, 0, 0, 0, 7, 0, 0, 0, 1, 1, 0, 1, 0, 0, 0, 0, 5, 0, 0, 0, 1, 2, 0, 0, 0, 2, 5, 0, 0, 2, 9, 7, 0, 0, 0, 1, 0, 0, 0, 0, 0, 3, 1, 2, 0, 0]","[34602, 123968, 53768, 89081, 110670, 77358, 25290, 84609, 64712, 9100, 141436, 135961, 101200, 89113, 46285, 134610, 54301, 84082, 17838]",19,"[5.0, 4.0, 3.0, 5.0, 4.0, 5.0, 5.0, 4.0, 5.0, 5.0, 4.0, 5.0, 4.0, 2.0, 4.0, 5.0, 4.0, 4.0, 5.0]",19
1923,"[12, 0, 0, 3, 15, 0, 0, 1, 1, 11, 1, 1, 0, 0, 0, 1, 9, 0, 0, 3, 2, 3, 0, 3, 1, 0, 1, 0, 7, 2, 0, 0, 0, 13, 0, 3, 9, 0, 5, 0, 0, 0, 9, 2, 0, 0, 7, 0, 0, 0, 0, 1, 0, 3, 0, 0, 1, 6]","[50952, 15192, 70348, 31768, 146982, 168701, 120267, 80220, 27335, 153098, 9425, 136164, 24592, 52306, 102611, 89604, 58702, 83863, 117147, 22307, 108642, 144859, 107021, 81666, 11034, 145430, 140136, 140213, 53805, 34058, 172132, 115621, 98711, 127000, 129214, 72649, 97162, 708, 106735, 118896]",40,"[5.0, 5.0, 3.0, 5.0, 5.0, 5.0, 5.0, 5.0, 5.0, 5.0, 5.0, 5.0, 5.0, 5.0, 5.0, 5.0, 4.0, 5.0, 5.0, 5.0, 5.0, 5.0, 3.0, 5.0, 5.0, 5.0, 5.0, 5.0, 5.0, 5.0, 5.0, 5.0, 5.0, 3.0, 5.0, 4.0, 5.0, 5.0, 5.0, 3.0]",40
19003,"[1, 0, 0, 0, 0, 0, 0, 1, 0, 3, 0, 0, 0, 0, 0, 0, 2, 0, 0, 0, 1, 1, 0, 1, 0, 0, 0, 0, 4, 1, 0, 1, 0, 2, 0, 0, 1, 0, 1, 0, 0, 0, 2, 3, 0, 0, 1, 1, 0, 0, 0, 1, 0, 2, 0, 1, 1, 0]","[132423, 31927, 47529, 59710, 59187, 51942, 27672, 86809, 138959]",9,"[5.0, 5.0, 5.0, 5.0, 5.0, 5.0, 5.0, 5.0, 5.0]",9
3193,"[12, 1, 0, 9, 10, 0, 0, 0, 0, 12, 0, 0, 0, 0, 3, 0, 5, 0, 0, 2, 3, 0, 0, 2, 1, 0, 0, 2, 5, 3, 0, 0, 0, 11, 0, 5, 4, 2, 3, 0, 0, 0, 7, 5, 0, 0, 9, 1, 0, 0, 0, 1, 0, 4, 1, 3, 1, 6]","[61827, 34296, 23155, 152185, 161675, 169481, 19859, 1280, 53897, 36432, 155341, 100893, 34458, 7011, 111867, 9394, 172692, 130243, 23291, 119307, 174360, 97401, 55983, 169557, 75817, 27990, 43588, 14441, 175907, 10627, 140109, 146010, 24375, 177425, 9403, 30931]",36,"[5.0, 5.0, 5.0, 5.0, 4.0, 5.0, 5.0, 4.0, 5.0, 5.0, 5.0, 4.0, 5.0, 5.0, 2.0, 2.0, 5.0, 5.0, 5.0, 5.0, 4.0, 4.0, 5.0, 5.0, 4.0, 5.0, 4.0, 5.0, 5.0, 4.0, 1.0, 5.0, 5.0, 5.0, 5.0, 5.0]",36
2697,"[14, 0, 1, 8, 14, 0, 0, 1, 2, 22, 2, 0, 0, 1, 1, 0, 9, 0, 0, 2, 3, 2, 0, 6, 0, 0, 2, 2, 6, 0, 0, 0, 0, 12, 0, 2, 10, 0, 4, 0, 0, 2, 15, 13, 0, 1, 8, 0, 0, 0, 0, 0, 0, 5, 2, 11, 2, 12]","[70226, 107602, 19209, 30448, 121312, 108339, 130559, 11897, 64352, 7941, 158198, 13164, 159848, 70343, 90178, 84437, 2083, 85419, 154916, 114578, 125637, 131001, 17851, 34789, 111034, 63244, 105031, 98799, 60676, 994, 147615, 2848, 40091, 154349, 166897, 177665, 158076, 15173, 78965, 21060, 61945, 14265, 65521, 155535, 76348, 119854, 1230, 23725, 108890, 134610, 10735, 167844, 109181, 138622, 80209, 119643, 97512]",57,"[5.0, 5.0, 4.0, 5.0, 5.0, 4.0, 5.0, 5.0, 4.0, 5.0, 5.0, 4.0, 5.0, 5.0, 5.0, 5.0, 4.0, 5.0, 5.0, 4.0, 4.0, 2.0, 5.0, 3.0, 5.0, 4.0, 5.0, 4.0, 0.0, 4.0, 3.0, 4.0, 0.0, 5.0, 5.0, 5.0, 5.0, 4.0, 4.0, 4.0, 4.0, 4.0, 5.0, 4.0, 4.0, 5.0, 4.0, 4.0, 5.0, 5.0, 4.0, 5.0, 5.0, 4.0, 5.0, 4.0, 4.0]",57
1128,"[142, 0, 1, 105, 133, 0, 0, 10, 2, 162, 2, 10, 3, 0, 6, 0, 75, 1, 1, 12, 35, 21, 0, 4, 9, 0, 5, 27, 61, 11, 0, 1, 0, 106, 0, 15, 56, 11, 48, 2, 1, 5, 97, 56, 3, 4, 59, 6, 0, 21, 0, 14, 0, 22, 14, 58, 9, 52]","[92755, 171244, 84645, 117626, 112906, 173080, 145849, 48484, 10348, 99481, 158962, 104178, 27636, 30410, 146687, 53260, 14814, 3376, 44549, 116379, 113538, 86802, 110497, 33473, 135136, 6682, 25622, 139383, 123738, 156033, 42181, 92194, 98677, 71878, 148593, 96614, 172602, 153787, 132979, 138442, 124983, 66695, 117784, 62224, 100692, 64235, 86221, 132424, 39109, 144953, 67907, 136136, 25943, 166502, 2249, 106486, 139173, 2114, 47998, 171458, 113358, 65205, 118981, 29873, 37100, 158810, 154788, 45439, 81528, 39914, 52467, 88145, 130325, 103931, 118776, 15338, 65978, 159111, 164756, 20619, 75698, 24773, 19825, 65273, 166262, 41518, 151879, 49599, 4624, 148618, 83563, 82539, 33727, 92197, 21805, 46032, 15367, 35608, 165346, 156584, 133214, 59818, 76378, 65363, 73312, 153882, 140932, 60410, 121825, 50100, 96653, 385, 113782, 2790, 122986, 73981, 93978, 124445, 90310, 58749, 139769, 95554, 16106, 152469, 11863, 160514, 115617, 138080, 13085, 152278, 89709, 160746, 162301, 123158, 160986, 119535, 4311, 40566, 63568, 165992, 49102, 89184, 145302, 46589, 159428, 158574, 6845, 13912, 177338, 18054, 53448, 102685, 137972, 11448, 115052, 91790, 133950, 80304, 74518, 41176, 17840, 176280, 121598, 87435, 109310, 91334, 37120, 145805, 62649, 97738, 102280, 172142, 113673, 3384, 165695, 148603, 119307, 53140, 109221, 77770, 65720, 768, 51452, 158086, 27151, 38526, 90340, 138589, 90950, 138542, 113415, 59611, 67729, 71693, 136570, 14615, 38683, 74108, 30391, 73843, 162833, 152733, 145011, 108809, 39743, 138736, 165256, 64998, 25245, 67484, 134028, 39326, 12659, 66775, 47604, 106199, 156767, 123518, 24966, 6267, 132781, 142453, 132740, 61603, 47501, 95882, 121221, 109557, 142655, 158354, 130175, 18217, 174106, 5733, 176303, 90693, 144962, 39832, 86789, 142620, 41213, 100436, 86519, 153154, 12969, 156144, 123602, 39525, 9779, 170063, 58202, 76222, 38081, 87396, 76611, 13714, 122506, 150072, 11011, 132765, 42159, 36503, 16369, 57871, 157862, 71971, 166850, 20905, 148826, 164894, 89293, 35080, 26208, 157740, 71013, 6725, 7676, 84214, 106753, 82870, 113843, 83387, 97459, 100415, 51208, 60418, 157113, 29023, 36657, 130075, 105892, 150374, 98739, 93339, 70913, 154764, 147533, 168476, 52473, 33834, 74125, 173438, 153750, 92472, 168566, 143129, 145611, 140712, 116615, 106926, 131929, 151904, 162403, 8106, 163351, 119414, 106676, 99931, 146170, 143432, 65630, 115377, 101038, 113196, 106555, 136306, 4315, 26261, 137867, 111854, 90294, 176389, 166615, 116780, 40986, 90455, 14544, 115443, 105524, 130480, 65126, 70291, 166393, 67327, 63606, 12468, 15974, 126117, 170184, 114110, 78867, 14016, 145224, 65139, 117939, 33872, 59131, 38082, 10241, 152138, 167590, 57979, 21618, 23019, 7334, 77148, 51239, 79288, 32088, 29240, 14873, 164483, 118909, 18708, 165119, 50841, 129529, 8583, 13924, 164498, 159801, 166011, 156100, 83464, 9651, 97918, 10170, 58609, 38511, 163302, 36359, 16934, 163292, 136212, 85886, 171263, 80859, 1602, 38587, 113716, 10885, 158803, 64696, 50538, 26928, 153848, 19742, 20650, 171882, 11302, 142656, 55722, 109199, 144812, 22616, 158424, 56151, 125308, 98425, 125757, 118919, 77836, 140744, 107704, 105298, 72040, 72406, 92697, 23193, 126350, 169621]",431,"[5.0, 5.0, 4.0, 4.0, 3.0, 5.0, 5.0, 5.0, 5.0, 4.0, 5.0, 4.0, 4.0, 5.0, 5.0, 5.0, 5.0, 5.0, 4.0, 5.0, 5.0, 5.0, 3.0, 5.0, 4.0, 5.0, 5.0, 5.0, 5.0, 5.0, 5.0, 5.0, 5.0, 5.0, 4.0, 3.0, 5.0, 4.0, 5.0, 4.0, 5.0, 4.0, 5.0, 5.0, 4.0, 5.0, 5.0, 5.0, 5.0, 5.0, 5.0, 5.0, 4.0, 5.0, 4.0, 5.0, 5.0, 5.0, 5.0, 5.0, 4.0, 5.0, 5.0, 5.0, 5.0, 4.0, 4.0, 4.0, 4.0, 5.0, 5.0, 5.0, 5.0, 5.0, 5.0, 5.0, 5.0, 4.0, 5.0, 4.0, 4.0, 5.0, 5.0, 4.0, 4.0, 5.0, 4.0, 4.0, 5.0, 5.0, 5.0, 5.0, 3.0, 4.0, 5.0, 4.0, 5.0, 4.0, 5.0, 5.0, 5.0, 5.0, 5.0, 5.0, 5.0, 5.0, 5.0, 4.0, 5.0, 5.0, 4.0, 5.0, 5.0, 5.0, 5.0, 3.0, 5.0, 5.0, 5.0, 4.0, 5.0, 4.0, 5.0, 5.0, 4.0, 5.0, 5.0, 5.0, 4.0, 5.0, 3.0, 5.0, 4.0, 5.0, 5.0, 4.0, 5.0, 4.0, 5.0, 5.0, 5.0, 4.0, 4.0, 5.0, 4.0, 5.0, 5.0, 5.0, 5.0, 5.0, 5.0, 5.0, 5.0, 5.0, 5.0, 5.0, 4.0, 5.0, 5.0, 5.0, 5.0, 5.0, 5.0, 3.0, 5.0, 5.0, 5.0, 5.0, 5.0, 5.0, 5.0, 5.0, 5.0, 5.0, 5.0, 5.0, 5.0, 5.0, 5.0, 5.0, 5.0, 5.0, 5.0, 5.0, 5.0, 5.0, 5.0, 5.0, 5.0, 4.0, 5.0, 5.0, 5.0, 5.0, 5.0, 4.0, 5.0, 5.0, 5.0, 5.0, 5.0, 5.0, 5.0, 5.0, 5.0, 5.0, 4.0, 5.0, 5.0, 4.0, 4.0, 5.0, 5.0, 5.0, 5.0, 5.0, 5.0, 4.0, 5.0, 5.0, 5.0, 4.0, 5.0, 5.0, 5.0, 5.0, 5.0, 5.0, 5.0, 4.0, 5.0, 4.0, 5.0, 5.0, 5.0, 5.0, 4.0, 5.0, 5.0, 5.0, 4.0, 5.0, 5.0, 5.0, 5.0, 4.0, 5.0, 5.0, 5.0, 5.0, 5.0, 5.0, 5.0, 5.0, 5.0, 5.0, 5.0, 5.0, 4.0, 4.0, 5.0, 5.0, 5.0, 5.0, 5.0, 5.0, 5.0, 5.0, 5.0, 5.0, 5.0, 4.0, 4.0, 5.0, 5.0, 5.0, 5.0, 5.0, 5.0, 5.0, 5.0, 5.0, 5.0, 2.0, 5.0, 5.0, 5.0, 5.0, 5.0, 4.0, 5.0, 5.0, 4.0, 5.0, 5.0, 5.0, 5.0, 5.0, 5.0, 5.0, 4.0, 5.0, 5.0, 5.0, 5.0, 5.0, 5.0, 5.0, 5.0, 5.0, 5.0, 5.0, 5.0, 4.0, 5.0, 5.0, 5.0, 5.0, 5.0, 5.0, 5.0, 4.0, 5.0, 5.0, 5.0, 5.0, 5.0, 5.0, 5.0, 5.0, 4.0, 5.0, 5.0, 5.0, 5.0, 5.0, 3.0, 5.0, 5.0, 5.0, 5.0, 4.0, 4.0, 5.0, 4.0, 4.0, 5.0, 4.0, 5.0, 3.0, 4.0, 5.0, 5.0, 4.0, 5.0, 5.0, 5.0, 4.0, 5.0, 5.0, 3.0, 5.0, 5.0, 5.0, 5.0, 4.0, 5.0, 5.0, 5.0, 5.0, 5.0, 4.0, 5.0, 5.0, 4.0, 5.0, 5.0, 4.0, 5.0, 5.0, 5.0, 5.0, 5.0, 5.0, 5.0, 5.0, 5.0, 5.0, 5.0, 5.0, 5.0, 4.0, 5.0, 5.0, 5.0, 5.0, 5.0, 5.0, 5.0, 5.0, 5.0, 5.0, 4.0, 0.0, 5.0, 4.0, 5.0, 5.0, 4.0, 5.0, 5.0, 5.0, 5.0, 5.0, 3.0, 5.0, 5.0, 5.0, 4.0, 5.0, 5.0, 5.0, 5.0, 5.0, 4.0, 5.0, 5.0, 5.0, 5.0, 5.0, 4.0]",431
5035,"[4, 0, 0, 1, 2, 0, 0, 0, 0, 3, 0, 1, 0, 0, 0, 0, 2, 0, 0, 0, 1, 0, 0, 0, 1, 0, 0, 0, 1, 0, 0, 0, 0, 2, 0, 0, 1, 0, 1, 0, 0, 0, 1, 3, 0, 0, 1, 1, 0, 0, 0, 0, 0, 1, 1, 2, 2, 1]","[89934, 117899, 68768, 119411, 68827, 94640, 112440, 2281, 115836]",9,"[5.0, 5.0, 3.0, 5.0, 4.0, 5.0, 4.0, 5.0, 5.0]",9
185,"[78, 0, 0, 20, 20, 0, 0, 1, 0, 50, 1, 3, 0, 0, 1, 0, 14, 0, 0, 2, 4, 4, 2, 3, 2, 0, 2, 0, 29, 3, 0, 0, 0, 36, 0, 1, 6, 8, 4, 0, 0, 4, 11, 20, 1, 0, 14, 1, 0, 2, 0, 0, 0, 11, 3, 8, 4, 10]","[113765, 29330, 36646, 77, 14150, 107364, 107197, 40017, 19930, 160305, 161988, 5574, 15996, 37442, 79467, 169418, 10180, 32886, 149671, 136398, 123563, 61366, 113987, 110761, 163187, 122995, 45418, 169524, 119162, 134609, 107338, 91734, 16347, 382, 32722, 62270, 8524, 133217, 141220, 6916, 49765, 62963, 135961, 58502, 85924, 145345, 29270, 15173, 176215, 153154, 128366, 85310, 101619, 55838, 84719, 177644, 59299, 54057, 149717, 99851, 32511, 77703, 2949, 13796, 82121, 33377, 28705, 55514, 90482, 117146, 127869, 104813, 10639, 156249, 35703, 147180, 123491, 115918, 57430, 54986, 95428, 115811, 140491, 57140, 88383, 29910, 80236, 155922, 10076, 74645, 57427, 101904, 23053, 76425, 160469, 39511, 99255, 44663, 113588, 153530, 39777, 68208, 118255, 43217, 135573, 156046, 119044, 168258, 109677, 117109, 122806, 176239, 104039, 129723, 57535, 42833, 34215, 15917, 30601, 104670, 8833]",121,"[5.0, 5.0, 5.0, 0.0, 5.0, 5.0, 5.0, 5.0, 4.0, 5.0, 5.0, 5.0, 5.0, 5.0, 5.0, 5.0, 5.0, 5.0, 5.0, 5.0, 5.0, 5.0, 5.0, 5.0, 5.0, 5.0, 5.0, 5.0, 5.0, 5.0, 5.0, 5.0, 4.0, 5.0, 5.0, 5.0, 5.0, 5.0, 5.0, 5.0, 4.0, 5.0, 5.0, 5.0, 5.0, 5.0, 5.0, 4.0, 4.0, 5.0, 5.0, 5.0, 5.0, 5.0, 5.0, 5.0, 5.0, 5.0, 4.0, 5.0, 5.0, 5.0, 5.0, 5.0, 5.0, 5.0, 5.0, 3.0, 5.0, 5.0, 5.0, 5.0, 4.0, 5.0, 5.0, 5.0, 4.0, 5.0, 5.0, 5.0, 5.0, 5.0, 5.0, 5.0, 5.0, 5.0, 5.0, 5.0, 5.0, 5.0, 5.0, 5.0, 4.0, 5.0, 5.0, 5.0, 5.0, 5.0, 5.0, 4.0, 5.0, 5.0, 5.0, 5.0, 4.0, 5.0, 5.0, 5.0, 4.0, 5.0, 3.0, 3.0, 5.0, 5.0, 4.0, 5.0, 5.0, 5.0, 5.0, 5.0, 5.0]",121
139,"[106, 1, 0, 26, 43, 0, 0, 4, 0, 85, 5, 2, 1, 2, 1, 0, 30, 0, 0, 7, 7, 6, 2, 13, 7, 0, 3, 7, 51, 12, 0, 1, 1, 58, 0, 3, 13, 2, 18, 0, 4, 9, 31, 46, 2, 2, 22, 0, 0, 6, 0, 1, 1, 13, 15, 18, 5, 22]","[35416, 144927, 119044, 118670, 142799, 163831, 54626, 56, 75244, 135961, 1063, 66172, 111870, 68926, 113937, 173688, 73956, 96435, 147391, 172290, 106217, 148243, 109972, 29179, 62763, 107643, 27074, 21377, 29307, 150292, 71826, 101486, 149008, 77251, 5864, 123787, 41235, 15286, 155752, 21791, 38432, 7751, 6748, 50293, 107740, 79062, 92422, 76860, 79412, 157740, 111421, 9544, 55924, 152915, 113566, 8807, 78025, 104261, 155665, 92199, 126562, 143284, 34603, 87703, 112700, 81214, 8132, 70236, 42566, 54149, 141047, 82044, 42044, 163735, 43978, 89924, 85714, 1691, 49046, 66867, 2970, 40934, 137238, 70624, 101363, 159150, 79452, 131095, 137945, 84214, 49659, 168327, 60839, 40601, 85444, 132814, 17285, 32484, 7968, 168513, 139446, 23140, 153481, 150896, 99215, 165200, 139818, 186, 74321, 6725, 32114, 130532, 98940, 171575, 70823, 79960, 153909, 74148, 42046, 72887, 28494, 88282, 126612, 69690, 78984, 85447, 108650, 109053, 174593, 38006, 60606, 166624, 120865, 10746, 4489, 93480, 94498, 55363, 165339, 6064, 129921, 1231, 162347, 52779, 100400, 119757, 26020, 56200, 125613, 66670, 117899, 63010, 144920, 17341, 126514, 97297, 13479, 87739, 47184, 117280, 141036, 169410, 60185, 114686, 137864, 59212, 111868, 113324, 4705, 40322, 123175, 147374, 46551, 104071, 153456, 149416, 164596, 9206, 67879, 170377, 127677, 3322, 88501, 7249, 39723, 31822, 174036, 119297, 157866, 3892, 10885, 2175, 9779, 41759, 7235, 80699, 108237, 83989, 79302, 115461, 13181, 83134, 15000, 99195, 1124, 80295, 35381, 73238, 117477, 99671, 89932, 20708, 30988, 120415, 47596, 111112, 25534, 53259, 156738, 59871, 129817, 20587, 156052, 31749, 124327, 1921, 59016]",227,"[5.0, 4.0, 5.0, 5.0, 5.0, 4.0, 5.0, 5.0, 5.0, 4.0, 4.0, 5.0, 5.0, 5.0, 5.0, 4.0, 5.0, 5.0, 5.0, 4.0, 4.0, 5.0, 4.0, 5.0, 5.0, 5.0, 5.0, 5.0, 5.0, 4.0, 5.0, 5.0, 5.0, 5.0, 5.0, 4.0, 4.0, 4.0, 4.0, 5.0, 5.0, 4.0, 5.0, 5.0, 5.0, 5.0, 5.0, 5.0, 5.0, 5.0, 5.0, 4.0, 5.0, 5.0, 0.0, 5.0, 4.0, 3.0, 5.0, 5.0, 5.0, 5.0, 5.0, 5.0, 5.0, 5.0, 4.0, 5.0, 4.0, 5.0, 5.0, 5.0, 5.0, 4.0, 5.0, 5.0, 5.0, 5.0, 4.0, 5.0, 5.0, 5.0, 4.0, 5.0, 4.0, 5.0, 5.0, 5.0, 4.0, 5.0, 5.0, 5.0, 5.0, 5.0, 5.0, 5.0, 5.0, 5.0, 5.0, 4.0, 5.0, 4.0, 5.0, 5.0, 5.0, 4.0, 5.0, 5.0, 5.0, 5.0, 4.0, 5.0, 5.0, 5.0, 5.0, 5.0, 5.0, 5.0, 5.0, 5.0, 5.0, 4.0, 5.0, 3.0, 5.0, 5.0, 5.0, 5.0, 5.0, 5.0, 5.0, 5.0, 5.0, 5.0, 5.0, 5.0, 5.0, 5.0, 4.0, 5.0, 5.0, 4.0, 5.0, 5.0, 5.0, 5.0, 4.0, 5.0, 5.0, 5.0, 4.0, 5.0, 5.0, 5.0, 5.0, 5.0, 5.0, 5.0, 5.0, 5.0, 5.0, 5.0, 5.0, 4.0, 4.0, 5.0, 5.0, 5.0, 0.0, 5.0, 5.0, 5.0, 5.0, 5.0, 5.0, 5.0, 5.0, 4.0, 5.0, 4.0, 5.0, 5.0, 5.0, 5.0, 3.0, 5.0, 5.0, 5.0, 4.0, 5.0, 5.0, 4.0, 5.0, 5.0, 0.0, 5.0, 5.0, 5.0, 5.0, 5.0, 4.0, 5.0, 5.0, 5.0, 3.0, 4.0, 5.0, 5.0, 5.0, 5.0, 0.0, 5.0, 4.0, 4.0, 4.0, 3.0, 5.0, 5.0, 5.0, 5.0, 4.0, 5.0, 4.0, 5.0, 5.0, 4.0, 5.0]",227
16316,"[2, 0, 0, 2, 2, 0, 0, 0, 0, 3, 0, 0, 0, 0, 0, 0, 1, 0, 0, 0, 1, 1, 1, 0, 1, 0, 0, 1, 1, 1, 0, 0, 0, 2, 0, 0, 1, 0, 2, 0, 0, 1, 4, 1, 0, 0, 2, 1, 0, 0, 0, 0, 0, 1, 1, 1, 0, 1]","[164417, 44093, 112844, 130683, 18079, 123948, 141015, 39715, 128165, 123341, 62314]",11,"[5.0, 5.0, 5.0, 5.0, 5.0, 5.0, 5.0, 5.0, 5.0, 5.0, 5.0]",11
4798,"[4, 0, 0, 0, 2, 0, 0, 1, 0, 4, 0, 0, 0, 0, 0, 0, 1, 0, 0, 1, 2, 0, 0, 1, 0, 0, 0, 1, 0, 0, 0, 0, 0, 4, 0, 0, 0, 0, 1, 0, 0, 0, 2, 3, 0, 1, 0, 0, 0, 1, 0, 0, 0, 2, 0, 1, 0, 2]","[117899, 11761, 60930, 50909, 43057, 946, 11102, 97738]",8,"[5.0, 5.0, 5.0, 5.0, 5.0, 5.0, 5.0, 5.0]",8
1806,"[36, 2, 0, 13, 20, 0, 0, 6, 0, 37, 2, 2, 0, 0, 3, 0, 10, 0, 0, 4, 17, 3, 5, 10, 7, 0, 2, 3, 12, 9, 0, 1, 0, 28, 0, 4, 6, 5, 8, 0, 1, 1, 12, 21, 0, 1, 12, 0, 0, 1, 1, 3, 0, 5, 9, 7, 2, 9]","[24529, 109353, 62986, 62361, 47566, 115360, 1602, 107352, 167751, 19896, 35236, 61468, 120175, 98555, 147948, 19409, 11555, 15473, 153533, 117596, 111042, 69127, 7392, 157740, 80882, 124952, 70154, 29576, 95476, 131540, 19297, 31342, 73843, 130507, 117533, 40160, 69707, 60434, 84437, 121221, 146121, 134546, 122697, 143710, 6061, 172164, 41517, 155358, 82919, 111252, 38937, 39832, 37359, 101904, 76716, 135961, 170817, 174552, 139025, 128461, 74052, 35974, 167844, 114520, 141554, 26811, 95045, 155915, 107607, 37005, 8966, 61480, 31845, 9921, 40267, 65039, 134883, 175138, 9415, 91557, 58982, 89509, 15829, 11600, 68919, 67710, 122341, 72857, 11115, 3809, 94472, 82712, 125352, 116064, 116769, 136931, 122140, 124099, 133505, 137748, 79063, 136951, 22107, 176574, 142421, 116267, 73610, 62921, 92069, 1704, 73650, 75917, 685, 96593, 130737, 93569, 44664, 69670, 9410, 100596]",120,"[5.0, 3.0, 5.0, 4.0, 5.0, 3.0, 3.0, 3.0, 3.0, 5.0, 4.0, 2.0, 3.0, 5.0, 5.0, 4.0, 2.0, 4.0, 2.0, 5.0, 1.0, 3.0, 5.0, 5.0, 5.0, 3.0, 4.0, 2.0, 5.0, 4.0, 4.0, 3.0, 3.0, 5.0, 5.0, 4.0, 5.0, 2.0, 4.0, 4.0, 4.0, 5.0, 3.0, 4.0, 5.0, 3.0, 5.0, 4.0, 4.0, 5.0, 0.0, 4.0, 4.0, 0.0, 1.0, 2.0, 5.0, 3.0, 2.0, 4.0, 5.0, 4.0, 0.0, 5.0, 5.0, 1.0, 5.0, 3.0, 5.0, 2.0, 3.0, 0.0, 4.0, 5.0, 2.0, 3.0, 5.0, 5.0, 1.0, 5.0, 4.0, 3.0, 2.0, 5.0, 3.0, 2.0, 1.0, 5.0, 4.0, 3.0, 5.0, 5.0, 4.0, 3.0, 2.0, 3.0, 4.0, 5.0, 5.0, 3.0, 1.0, 0.0, 4.0, 4.0, 4.0, 4.0, 2.0, 3.0, 5.0, 4.0, 3.0, 1.0, 3.0, 5.0, 3.0, 4.0, 5.0, 2.0, 4.0, 3.0]",120
11526,"[3, 0, 0, 1, 1, 0, 0, 1, 0, 6, 0, 0, 0, 0, 0, 0, 1, 0, 0, 0, 0, 0, 0, 1, 0, 0, 1, 0, 2, 0, 0, 0, 0, 2, 0, 0, 0, 1, 0, 0, 0, 1, 1, 2, 1, 0, 0, 0, 0, 0, 0, 1, 0, 0, 1, 0, 0, 0]","[15173, 57758, 164675, 130591, 8911, 85686, 135961, 45824]",8,"[5.0, 5.0, 5.0, 5.0, 4.0, 5.0, 5.0, 5.0]",8
10135,"[8, 1, 0, 1, 2, 0, 0, 0, 0, 4, 1, 0, 0, 0, 1, 0, 2, 0, 0, 0, 0, 0, 0, 1, 0, 0, 0, 0, 2, 0, 0, 0, 0, 2, 0, 0, 0, 0, 0, 0, 0, 0, 2, 1, 0, 0, 1, 0, 0, 0, 0, 0, 0, 0, 0, 1, 0, 0]","[121843, 7050, 84011, 46490, 125756, 145738, 77550, 92292, 44633, 44396]",10,"[5.0, 2.0, 5.0, 5.0, 4.0, 3.0, 5.0, 3.0, 5.0, 5.0]",10
8627,"[6, 0, 0, 0, 3, 0, 0, 0, 0, 2, 2, 0, 0, 0, 0, 0, 1, 0, 0, 1, 0, 2, 0, 0, 0, 0, 0, 0, 0, 0, 0, 0, 0, 4, 0, 0, 1, 2, 0, 0, 0, 0, 1, 1, 2, 1, 0, 0, 0, 0, 0, 0, 0, 1, 0, 0, 0, 1]","[166967, 73534, 71578, 17320, 120310, 136931, 79319, 107385, 21424, 5347, 55253]",11,"[5.0, 4.0, 5.0, 4.0, 5.0, 5.0, 3.0, 5.0, 2.0, 1.0, 3.0]",11
14073,"[1, 0, 0, 1, 3, 0, 0, 0, 1, 6, 0, 0, 0, 0, 0, 0, 1, 0, 0, 0, 1, 0, 0, 1, 0, 0, 1, 0, 0, 0, 0, 0, 0, 2, 0, 1, 0, 2, 1, 0, 0, 0, 3, 2, 0, 0, 0, 0, 0, 0, 0, 1, 0, 0, 0, 2, 0, 1]","[107671, 60472, 95486, 38249, 106934, 97571, 99656, 13425]",8,"[5.0, 1.0, 4.0, 5.0, 5.0, 5.0, 5.0, 5.0]",8
8653,"[18, 0, 0, 6, 7, 0, 0, 1, 1, 9, 1, 6, 0, 0, 0, 0, 7, 0, 0, 0, 2, 3, 0, 2, 0, 0, 0, 0, 6, 1, 0, 0, 0, 9, 0, 0, 3, 0, 4, 0, 0, 1, 9, 5, 0, 0, 4, 0, 0, 2, 0, 1, 0, 2, 0, 1, 1, 3]","[92697, 72105, 63335, 141047, 39254, 92128, 101819, 85778, 57785, 168214, 18803, 74766, 110716, 146204, 83310, 76335, 45863, 116585, 129531, 141515, 151429, 150109, 5372, 47465, 119594, 116201, 122697, 83192, 154590, 47279, 46114, 165421, 103175, 121494, 57192, 42430, 118543, 63569]",38,"[4.0, 0.0, 5.0, 3.0, 2.0, 2.0, 4.0, 5.0, 5.0, 2.0, 2.0, 5.0, 5.0, 5.0, 0.0, 0.0, 5.0, 5.0, 2.0, 5.0, 4.0, 3.0, 4.0, 5.0, 0.0, 5.0, 3.0, 5.0, 2.0, 5.0, 3.0, 2.0, 4.0, 0.0, 5.0, 5.0, 4.0, 5.0]",38
5620,"[8, 0, 0, 2, 3, 0, 0, 1, 1, 8, 0, 0, 0, 0, 0, 0, 3, 0, 0, 0, 1, 0, 0, 0, 0, 0, 0, 0, 3, 0, 0, 0, 0, 4, 0, 0, 1, 0, 1, 0, 0, 0, 0, 0, 0, 0, 2, 0, 0, 1, 0, 0, 0, 2, 0, 1, 1, 0]","[164131, 173423, 107659, 100757, 2756, 172561, 7003, 119862, 3813, 127226, 31028, 10817, 26501]",13,"[5.0, 4.0, 4.0, 4.0, 4.0, 4.0, 4.0, 4.0, 4.0, 4.0, 4.0, 4.0, 5.0]",13
328,"[512, 1, 1, 234, 147, 0, 0, 11, 6, 371, 1, 12, 0, 0, 12, 0, 90, 0, 1, 31, 26, 37, 7, 8, 92, 1, 3, 39, 129, 46, 0, 1, 2, 224, 0, 40, 88, 37, 44, 0, 2, 15, 98, 55, 2, 2, 148, 15, 0, 14, 3, 17, 0, 23, 43, 97, 18, 89]","[68544, 160821, 40257, 158746, 116399, 164075, 87022, 148473, 77330, 67201, 112080, 134312, 59767, 165619, 110641, 145518, 174520, 125756, 9132, 50837, 23927, 153890, 158197, 11662, 161588, 119154, 85498, 1984, 147168, 936, 81428, 5061, 66226, 117180, 135349, 42416, 138896, 147511, 27830, 57590, 50608, 18386, 72061, 54789, 119504, 128512, 154423, 115004, 15628, 74033, 98689, 59391, 125278, 121341, 67789, 152549, 44770, 26046, 106747, 149614, 22007, 23518, 125353, 102126, 64554, 130667, 150443, 19432, 177451, 113709, 86450, 130964, 57815, 57488, 103581, 144447, 159506, 10917, 80826, 114806, 124324, 9825, 58840, 76124, 148723, 27662, 27850, 38116, 121139, 173857, 93687, 45809, 119497, 89371, 65855, 76557, 100905, 76173, 92363, 2351, 119236, 162727, 149245, 152979, 56814, 67957, 94332, 169782, 175392, 24794, 70568, 114559, 8565, 60636, 170871, 22450, 9793, 126490, 42165, 106654, 171243, 57243, 175123, 64677, 161741, 38641, 62903, 163603, 5242, 75050, 39557, 2200, 69982, 75398, 148681, 22271, 119687, 73910, 109239, 96664, 103106, 127039, 144611, 85251, 65615, 71016, 79076, 48578, 65970, 173482, 93907, 81180, 118294, 141696, 39650, 131820, 91241, 100106, 173982, 159251, 53880, 70388, 5864, 51157, 76602, 175097, 150291, 78783, 118086, 124612, 10392, 103494, 148692, 107717, 132354, 41392, 105347, 56255, 161586, 28579, 64820, 158561, 18649, 138904, 173856, 170129, 82223, 45638, 21747, 14803, 57310, 104441, 2510, 36203, 30332, 46437, 122626, 53574, 87013, 66369, 75680, 167176, 60172, 118353, 88057, 56997, 171709, 121884, 75440, 18581, 124423, 54813, 166745, 51418, 147693, 106547, 114140, 159898, 56991, 51454, 148889, 65044, 137477, 122524, 176062, 15785, 120635, 154370, 36072, 68869, 130007, 15974, 62997, 175711, 7773, 40253, 177143, 147509, 145681, 131092, 118892, 8001, 132669, 123910, 46114, 76299, 90297, 64358, 74915, 23939, 136219, 2082, 22140, 169305, 125352, 48274, 137523, 79545, 134730, 73410, 16825, 110188, 94906, 116705, 48187, 1622, 47788, 37859, 123549, 122586, 24390, 4592, 84680, 44816, 70738, 171092, 9953, 164643, 132674, 170081, 138855, 96226, 104802, 142515, 8074, 86316, 86989, 53374, 168814, 122777, 1911, 153273, 64150, 110877, 115788, 142202, 65914, 39935, 124272, 42600, 171956, 13862, 55386, 34875, 174895, 26514, 140, 119793, 63938, 176544, 162062, 79037, 141115, 162589, 145568, 158555, 43168, 61286, 125812, 100002, 26480, 77073, 31445, 163303, 38973, 33441, 167696, 40666, 157851, 74311, 19482, 97631, 132479, 146400, 149276, 149147, 173658, 16292, 160180, 23484, 103008, 100562, 120005, 84780, 172314, 14653, 83663, 70845, 121150, 69059, 177594, 133588, 150511, 53907, 158800, 94957, 96741, 63055, 103009, 139124, 29147, 22814, 49331, 177459, 24421, 1029, 162386, 93057, 116181, 111874, 84615, 96583, 151056, 134451, 145745, 85292, 25725, 65315, 173862, 37814, 111695, 4318, 152533, 154745, 149665, 154545, 62848, 78865, 645, 167614, 168951, 146382, 106669, 36288, 42441, 72352, 33053, 49452, 119864, 39501, 99079, 105206, 62830, 158363, 27892, 28454, 30968, 12222, 70205, 116851, 32786, 77819, 8751, 27246, 62688, 108102, 127894, 162093, 65367, 120970, 118371, 99881, 108248, 46127, 29731, 155785, 54780, 26373, 108408, 145928, 144878, 151057, 122697, 37720, 144918, 126571, 47293, 63099, 174632, 145408, 114360, 51810, 46369, 48672, 142773, 1038, 133868, 109564, 135231, 156507, 78535, 160770, 159698, 49154, 116046, 93289, 35020, 95499, 157471, 125904, 29222, 37348, 33321, 41528, 100474, 120819, 19654, 108619, 80990, 61136, 41308, 61287, 107327, 157396, 170272, 89412, 90966, 86774, 32631, 65054, 50478, 132713, 18393, 55356, 165341, 125988, 169229, 102412, 130900, 81237, 147544, 70196, 54964, 89631, 142255, 63216, 81771, 51660, 36708, 35854, 51356, 40310, 55697, 177780, 172673, 101665, 12806, 169849, 22009, 150693, 97581, 159989, 117659, 81465, 73228, 131452, 45051, 72374, 166216, 116797, 1472, 73085, 70038, 5365, 165079, 62028, 156333, 83822, 85996, 81930, 81159, 178244, 35057, 143362, 159120, 152603, 57942, 130341, 18695, 28940, 40352, 169717, 151041, 176990, 66031, 151044, 19777, 64307, 32918, 153903, 120060, 65196, 43895, 119106, 27625, 168002, 153962, 89559, 66286, 106250, 16568, 18115, 73534, 31237, 22961, 139077, 120019, 149892, 177737, 45570, 123246, 89262, 18257, 20570, 33107, 34192, 110013, 159121, 64690, 151933, 131540, 144417, 169735, 139753, 18118, 56278, 37090, 166533, 58814, 125583, 107616, 13187, 74462, 82181, 163221, 136402, 143523, 19861, 80712, 43674, 92252, 11784, 121429, 603, 174750, 65849, 79561, 56231, 69641, 88850, 128568, 141727, 15463, 73446, 56291, 46923, 28181, 75453, 170926, 141524, 119629, 125524, 124110, 119284, 117096, 77189, 170665, 7358, 109655, 135616, 118713, 63767, 65987, 139472, 109701, 92160, 142638, 38339, 82940, 79121, 169152, 155076, 112535, 87868, 7698, 134194, 93248, 75852, 76716, 103618, 111905, 44330, 1730, 93267, 64427, 138491, 127952, 128433, 29846, 62145, 126281, 120739, 151963, 117726, 171516, 141042, 93266, 64810, 139746, 126305, 81589, 128807, 113587, 125602, 79325, 52035, 19710, 96185, 74298, 55882, 141996, 169845, 132711, 40614, 42841, 71424, 66521, 170724, 41224, 82700, 93440, 15623, 89589, 31329, 134983, 144115, 72759, 21887, 3332, 76544, 50058, 163618, 4163, 119775, 147546, 98023, 16177, 57984, 29176, 32761, 55160, 142735, 76256, 156524, 147549, 77885, 130105, 16001, 75485, 103567, 16143, 76582, 3479, 6595, 122277, 73693, 101028, 52327, 123182, 166749, 62033, 18890, 21177, 24458, 58867, 57258, 70042, 156416, 107170, 102023, 153395, 23898, 115906, 129079, 13084, 88908, 63714, 148799, 129028, 60828, 138891, 82325, 143527, 112994, 27637, 62379, 154203, 136192, 30316, 44320, 139353, 76265, 133524, 62335, 96054, 160501, 149056, 95222, 58096, 93195, 65233, 136623, 173710, 118552, 64519, 12253, 142644, 84392, 116782, 7374, 26686, 153826, 60103, 148093, 85354, 45967, 62776, 81198, 126707, 19699, 159483, 99554, 175279, 129078, 101871, 63920, 19690, 153990, 90448, 49481, 158546, 173063, 31738, 13789, 4916, 166164, 168725, 153794, 112958, 24695, 36710, 67514, 9431, 154328, 51789, 165339, 33222, 173659, 133849, 106270, 78668, 59210, 96033, 6143, 159826, 127141, 173682, 96321, 152636, 32059, 23094, 62221, 3109, 115546, 158175, 55676, 159348, 99118, 2083, 15388, 46288, 10937, 51243, 66359, 51396, 152882, 7565, 47878, 46438, 121401, 60315, 7367, 93525, 137287, 74989, 161628, 11270, 24008, 122276, 177524, 66421, 164257, 131479, 71755, 66012, 24428, 151719, 159717, 54504, 21842, 12674, 162741, 96381, 16213, 15009, 30952, 65516, 54023, 121505, 94579, 123123, 45581, 156037, 143359, 84171, 107238, 98501, 52062, 81716, 143913, 139919, 172877, 173893, 155513, 27445, 46783, 119065, 87704, 1061, 28511, 98092, 134946, 70917, 43512, 3565, 5425, 1822, 151835, 8753, 153242, 121304, 155259, 92116, 100861, 122407, 146469, 65481, 95264, 168389, 156680, 121818, 83516, 84385, 26935, 50484, 52551, 75921, 109198, 127162, 25356, 141286, 73787, 142363, 95185, 31894, 44588, 111912, 32671, 96400, 134485, 3116, 67911, 8764, 139567, 115958, 7185, 557, 122090, 11187, 7292, 83844, 177497, 48286, 42471, 49466, 41795, 74799, 94006, 116778, 125, 122592, 55510, 78441, 31275, 103119, 155871, 168511, 101804, 59129, 41772, 106310, 29286, 71859, 55008, 7132, 154314, 172717, 61901, 68001, 13111, 117141, 127823, 162195, 44477, 30143, 40600, 12378]",987,"[5.0, 5.0, 5.0, 5.0, 5.0, 5.0, 5.0, 5.0, 5.0, 4.0, 4.0, 4.0, 5.0, 5.0, 5.0, 5.0, 5.0, 5.0, 5.0, 5.0, 4.0, 5.0, 4.0, 4.0, 5.0, 5.0, 4.0, 5.0, 4.0, 5.0, 5.0, 5.0, 4.0, 4.0, 5.0, 5.0, 5.0, 5.0, 5.0, 5.0, 5.0, 5.0, 5.0, 5.0, 5.0, 4.0, 5.0, 5.0, 5.0, 5.0, 5.0, 5.0, 5.0, 5.0, 5.0, 5.0, 5.0, 5.0, 5.0, 5.0, 4.0, 5.0, 5.0, 4.0, 5.0, 5.0, 5.0, 5.0, 5.0, 5.0, 5.0, 4.0, 5.0, 4.0, 5.0, 5.0, 5.0, 4.0, 5.0, 5.0, 4.0, 5.0, 5.0, 5.0, 5.0, 5.0, 5.0, 5.0, 5.0, 4.0, 5.0, 5.0, 5.0, 5.0, 4.0, 5.0, 5.0, 5.0, 5.0, 5.0, 5.0, 5.0, 4.0, 4.0, 5.0, 4.0, 5.0, 5.0, 4.0, 5.0, 3.0, 5.0, 5.0, 5.0, 5.0, 5.0, 5.0, 5.0, 5.0, 5.0, 5.0, 5.0, 5.0, 4.0, 5.0, 5.0, 5.0, 5.0, 5.0, 5.0, 5.0, 5.0, 5.0, 5.0, 5.0, 4.0, 5.0, 5.0, 5.0, 5.0, 5.0, 4.0, 5.0, 5.0, 5.0, 5.0, 5.0, 5.0, 5.0, 5.0, 5.0, 5.0, 5.0, 5.0, 5.0, 5.0, 5.0, 5.0, 5.0, 5.0, 5.0, 5.0, 5.0, 5.0, 5.0, 5.0, 5.0, 5.0, 5.0, 5.0, 5.0, 5.0, 5.0, 5.0, 5.0, 5.0, 4.0, 5.0, 5.0, 5.0, 5.0, 5.0, 4.0, 5.0, 5.0, 5.0, 5.0, 5.0, 5.0, 5.0, 4.0, 4.0, 5.0, 5.0, 5.0, 5.0, 5.0, 5.0, 5.0, 5.0, 4.0, 5.0, 4.0, 5.0, 5.0, 4.0, 5.0, 4.0, 5.0, 5.0, 5.0, 5.0, 5.0, 4.0, 5.0, 5.0, 5.0, 5.0, 4.0, 5.0, 5.0, 5.0, 5.0, 5.0, 4.0, 4.0, 5.0, 5.0, 5.0, 5.0, 5.0, 5.0, 4.0, 5.0, 5.0, 5.0, 5.0, 5.0, 5.0, 5.0, 5.0, 5.0, 5.0, 5.0, 5.0, 5.0, 5.0, 5.0, 4.0, 5.0, 4.0, 5.0, 5.0, 5.0, 5.0, 5.0, 4.0, 5.0, 4.0, 5.0, 5.0, 5.0, 5.0, 5.0, 5.0, 4.0, 5.0, 5.0, 5.0, 5.0, 5.0, 5.0, 5.0, 4.0, 5.0, 5.0, 4.0, 5.0, 5.0, 5.0, 5.0, 5.0, 5.0, 5.0, 5.0, 4.0, 5.0, 5.0, 5.0, 5.0, 5.0, 5.0, 3.0, 5.0, 5.0, 4.0, 5.0, 5.0, 5.0, 5.0, 5.0, 5.0, 5.0, 5.0, 5.0, 5.0, 4.0, 5.0, 4.0, 5.0, 5.0, 4.0, 5.0, 5.0, 5.0, 4.0, 5.0, 5.0, 5.0, 5.0, 5.0, 5.0, 5.0, 5.0, 5.0, 5.0, 4.0, 5.0, 5.0, 5.0, 5.0, 5.0, 5.0, 5.0, 5.0, 5.0, 5.0, 5.0, 5.0, 5.0, 5.0, 4.0, 4.0, 5.0, 5.0, 5.0, 5.0, 4.0, 5.0, 5.0, 5.0, 5.0, 5.0, 5.0, 5.0, 5.0, 5.0, 5.0, 5.0, 5.0, 5.0, 5.0, 5.0, 5.0, 5.0, 5.0, 5.0, 4.0, 4.0, 5.0, 5.0, 4.0, 5.0, 5.0, 5.0, 4.0, 5.0, 5.0, 5.0, 5.0, 4.0, 5.0, 5.0, 5.0, 5.0, 5.0, 5.0, 5.0, 5.0, 5.0, 5.0, 5.0, 4.0, 5.0, 5.0, 5.0, 5.0, 5.0, 5.0, 5.0, 5.0, 5.0, 5.0, 5.0, 5.0, 4.0, 5.0, 5.0, 4.0, 5.0, 5.0, 5.0, 5.0, 4.0, 4.0, 5.0, 5.0, 5.0, 5.0, 5.0, 4.0, 5.0, 5.0, 5.0, 5.0, 4.0, 5.0, 5.0, 5.0, 5.0, 5.0, 5.0, 5.0, 5.0, 5.0, 5.0, 4.0, 5.0, 5.0, 5.0, 5.0, 5.0, 4.0, 4.0, 5.0, 5.0, 5.0, 5.0, 5.0, 5.0, 5.0, 5.0, 5.0, 5.0, 5.0, 5.0, 5.0, 5.0, 5.0, 5.0, 5.0, 5.0, 5.0, 5.0, 5.0, 5.0, 5.0, 5.0, 5.0, 4.0, 4.0, 4.0, 5.0, 5.0, 4.0, 5.0, 5.0, 5.0, 5.0, 4.0, 5.0, 5.0, 5.0, 5.0, 5.0, 4.0, 5.0, 5.0, 5.0, 5.0, 5.0, 5.0, 5.0, 5.0, 5.0, 5.0, 4.0, 5.0, 5.0, 5.0, 5.0, 5.0, 4.0, 5.0, 4.0, 5.0, 5.0, 5.0, 5.0, 5.0, 5.0, 5.0, 4.0, 4.0, 5.0, 5.0, 4.0, 5.0, 5.0, 5.0, 5.0, 5.0, 5.0, 5.0, 5.0, 5.0, 4.0, 4.0, 5.0, 5.0, 5.0, 5.0, 5.0, 5.0, 5.0, 5.0, 5.0, 4.0, 5.0, 5.0, 5.0, 5.0, 5.0, 5.0, 5.0, 4.0, 5.0, 5.0, 5.0, 5.0, 5.0, 5.0, 5.0, 5.0, 5.0, 5.0, 4.0, 4.0, 4.0, 5.0, 5.0, 5.0, 4.0, 5.0, 4.0, 5.0, 5.0, 5.0, 5.0, 5.0, 5.0, 4.0, 5.0, 4.0, 5.0, 5.0, 5.0, 4.0, 4.0, 5.0, 5.0, 5.0, 5.0, 5.0, 5.0, 0.0, 5.0, 5.0, 5.0, 5.0, 5.0, 5.0, 5.0, 5.0, 5.0, 5.0, 4.0, 5.0, 5.0, 5.0, 5.0, 5.0, 5.0, 4.0, 5.0, 4.0, 4.0, 5.0, 5.0, 5.0, 5.0, 5.0, 5.0, 5.0, 5.0, 5.0, 4.0, 5.0, 5.0, 4.0, 4.0, 5.0, 5.0, 5.0, 5.0, 5.0, 4.0, 5.0, 5.0, 5.0, 5.0, 5.0, 5.0, 5.0, 5.0, 5.0, 5.0, 5.0, 5.0, 5.0, 5.0, 5.0, 5.0, 5.0, 5.0, 5.0, 5.0, 5.0, 5.0, 5.0, 5.0, 5.0, 5.0, 5.0, 5.0, 5.0, 5.0, 5.0, 5.0, 5.0, 4.0, 0.0, 5.0, 5.0, 5.0, 5.0, 5.0, 4.0, 5.0, 5.0, 5.0, 5.0, 5.0, 5.0, 5.0, 5.0, 5.0, 5.0, 5.0, 5.0, 5.0, 4.0, 5.0, 5.0, 5.0, 4.0, 5.0, 4.0, 4.0, 4.0, 5.0, 4.0, 5.0, 5.0, 5.0, 5.0, 5.0, 5.0, 4.0, 5.0, 5.0, 5.0, 4.0, 5.0, 4.0, 4.0, 5.0, 4.0, 4.0, 5.0, 4.0, 5.0, 5.0, 4.0, 5.0, 4.0, 5.0, 4.0, 5.0, 5.0, 5.0, 5.0, 5.0, 5.0, 4.0, 4.0, 0.0, 5.0, 5.0, 4.0, 5.0, 4.0, 5.0, 4.0, 5.0, 5.0, 4.0, 5.0, 5.0, 5.0, 4.0, 5.0, 5.0, 5.0, 4.0, 5.0, 5.0, 5.0, 5.0, 5.0, 5.0, 5.0, 5.0, 4.0, 5.0, 5.0, 5.0, 4.0, 5.0, 5.0, 5.0, 5.0, 5.0, 5.0, 5.0, 5.0, 5.0, 5.0, 5.0, 5.0, 5.0, 5.0, 5.0, 5.0, 5.0, 5.0, 5.0, 5.0, 5.0, 5.0, 4.0, 5.0, 5.0, 5.0, 5.0, 4.0, 4.0, 5.0, 5.0, 5.0, 5.0, 5.0, 4.0, 5.0, 5.0, 5.0, 5.0, 5.0, 4.0, 5.0, 5.0, 5.0, 4.0, 5.0, 4.0, 5.0, 5.0, 5.0, 5.0, 5.0, 4.0, 4.0, 5.0, 5.0, 5.0, 5.0, 5.0, 5.0, 5.0, 5.0, 4.0, 5.0, 5.0, 4.0, 5.0, 5.0, 5.0, 5.0, 4.0, 4.0, 5.0, 5.0, 5.0, 5.0, 5.0, 5.0, 4.0, 5.0, 5.0, 5.0, 4.0, 5.0, 5.0, 5.0, 5.0, 5.0, 5.0, 5.0, 5.0, 5.0, 4.0, 5.0, 5.0, 5.0, 5.0, 5.0, 4.0, 5.0, 5.0, 5.0, 5.0, 5.0, 5.0, 5.0, 5.0, 5.0, 5.0, 5.0, 5.0, 5.0, 5.0, 5.0, 5.0, 5.0, 5.0, 5.0, 5.0, 5.0, 5.0, 5.0, 5.0, 5.0, 5.0, 5.0, 5.0, 5.0, 5.0, 5.0, 5.0, 4.0, 5.0, 5.0, 5.0, 5.0, 5.0, 5.0, 5.0, 5.0, 5.0, 5.0, 5.0, 5.0, 5.0, 5.0, 5.0, 5.0, 5.0, 4.0, 5.0, 5.0, 5.0, 5.0, 5.0, 5.0, 5.0, 5.0, 5.0, 5.0, 5.0, 5.0, 5.0, 5.0, 4.0, 5.0, 5.0, 5.0, 5.0, 4.0, 5.0, 5.0, 5.0, 5.0, 5.0, 5.0, 5.0, 4.0, 5.0, 5.0, 5.0, 5.0, 5.0, 4.0, 5.0, 5.0, 4.0, 4.0, 5.0, 5.0, 5.0, 4.0, 4.0, 5.0, 5.0, 4.0, 5.0, 4.0, 5.0, 5.0, 5.0, 5.0, 5.0, 5.0, 5.0, 5.0, 5.0, 5.0, 5.0, 4.0, 5.0, 5.0, 5.0, 5.0, 5.0, 5.0, 5.0, 5.0, 5.0, 5.0, 5.0, 5.0, 5.0, 5.0, 5.0, 5.0, 4.0, 5.0, 5.0]",987
5335,"[16, 0, 0, 2, 7, 0, 0, 0, 0, 11, 0, 0, 0, 0, 1, 0, 5, 0, 0, 1, 2, 0, 0, 0, 1, 0, 0, 2, 5, 1, 0, 0, 0, 11, 0, 0, 1, 1, 3, 0, 0, 1, 5, 1, 0, 0, 3, 0, 0, 1, 0, 0, 0, 4, 0, 2, 0, 2]","[2537, 172813, 52763, 140095, 110884, 124230, 69247, 134105, 71731, 123626, 37359, 122900, 103425, 148452, 151044, 139822, 105607, 26208, 76014, 164672, 17604, 171411, 34141, 12253, 113926, 115443]",26,"[5.0, 4.0, 5.0, 5.0, 5.0, 5.0, 5.0, 5.0, 5.0, 5.0, 5.0, 5.0, 5.0, 5.0, 5.0, 5.0, 5.0, 5.0, 5.0, 5.0, 5.0, 5.0, 5.0, 5.0, 5.0, 5.0]",26
4486,"[6, 0, 0, 2, 3, 0, 0, 0, 1, 3, 0, 0, 0, 0, 0, 0, 1, 0, 0, 0, 0, 1, 0, 0, 0, 0, 0, 0, 0, 0, 0, 0, 0, 1, 0, 0, 0, 0, 0, 0, 0, 0, 1, 0, 0, 0, 3, 1, 0, 0, 0, 0, 0, 0, 0, 2, 0, 0]","[52779, 127309, 62365, 143353, 9489, 1943, 31667, 80978, 150412]",9,"[5.0, 5.0, 5.0, 5.0, 5.0, 5.0, 5.0, 5.0, 5.0]",9
806,"[10, 0, 1, 3, 10, 0, 0, 0, 0, 5, 0, 0, 0, 0, 0, 0, 8, 0, 0, 0, 6, 0, 0, 1, 1, 0, 2, 1, 6, 0, 0, 0, 0, 7, 0, 0, 1, 0, 5, 0, 0, 0, 2, 4, 0, 0, 1, 1, 0, 0, 0, 0, 0, 3, 0, 3, 0, 2]","[117915, 115443, 96770, 7506, 77981, 146032, 171717, 58875, 140306, 166441, 101225, 14658, 84111, 118418, 64484, 11814, 19812, 167228, 162691, 148452, 267]",21,"[5.0, 5.0, 5.0, 5.0, 5.0, 5.0, 5.0, 5.0, 5.0, 5.0, 5.0, 5.0, 5.0, 0.0, 5.0, 5.0, 5.0, 0.0, 5.0, 5.0, 5.0]",21
11749,"[11, 0, 0, 2, 6, 0, 0, 1, 0, 6, 0, 1, 0, 0, 0, 0, 2, 0, 0, 0, 1, 1, 0, 1, 0, 0, 0, 2, 2, 1, 0, 0, 0, 8, 0, 0, 2, 0, 1, 0, 0, 0, 5, 2, 0, 0, 6, 0, 0, 1, 0, 0, 0, 4, 0, 0, 1, 3]","[98248, 39192, 165421, 11214, 78956, 26324, 128906, 139822, 30243, 106052, 113130, 120302, 144458, 72401, 9270, 26208, 10393, 37348, 170734]",19,"[5.0, 5.0, 5.0, 5.0, 5.0, 4.0, 5.0, 5.0, 1.0, 5.0, 5.0, 4.0, 5.0, 5.0, 4.0, 4.0, 5.0, 5.0, 5.0]",19
13412,"[4, 0, 0, 0, 0, 0, 0, 1, 0, 4, 3, 0, 0, 0, 0, 0, 0, 0, 0, 0, 1, 0, 0, 2, 0, 0, 2, 1, 2, 0, 0, 0, 0, 3, 0, 0, 1, 0, 0, 0, 0, 0, 1, 1, 1, 0, 0, 1, 0, 0, 0, 0, 0, 3, 0, 1, 0, 1]","[15059, 43071, 54613, 56615, 131023, 106973, 17877, 10566, 12062, 139315]",10,"[5.0, 5.0, 5.0, 5.0, 5.0, 5.0, 5.0, 5.0, 5.0, 5.0]",10
13251,"[4, 0, 0, 0, 4, 0, 0, 0, 0, 2, 0, 1, 0, 0, 0, 0, 2, 0, 0, 0, 0, 0, 0, 0, 0, 0, 0, 0, 1, 0, 0, 0, 0, 2, 0, 0, 1, 1, 1, 0, 0, 1, 1, 1, 0, 0, 2, 0, 0, 0, 0, 0, 0, 1, 0, 0, 1, 1]","[171626, 106975, 162260, 19942, 71812, 162605, 97530, 11780]",8,"[5.0, 4.0, 5.0, 5.0, 4.0, 4.0, 5.0, 5.0]",8
11653,"[9, 0, 0, 3, 6, 0, 0, 0, 0, 8, 0, 0, 0, 0, 1, 0, 4, 0, 0, 1, 0, 0, 0, 2, 2, 0, 1, 0, 2, 1, 0, 0, 0, 10, 0, 0, 2, 1, 1, 0, 0, 2, 4, 4, 0, 0, 2, 0, 0, 1, 0, 0, 0, 2, 0, 3, 0, 2]","[35297, 171287, 144458, 95158, 107406, 9137, 173150, 116870, 100926, 79691, 85542, 156290, 126431, 50637, 50769, 109804, 53384, 133146, 67088, 175694, 170949, 127615, 137542]",23,"[5.0, 4.0, 5.0, 5.0, 4.0, 5.0, 4.0, 5.0, 5.0, 5.0, 5.0, 5.0, 4.0, 4.0, 5.0, 5.0, 5.0, 5.0, 5.0, 5.0, 5.0, 4.0, 4.0]",23
9248,"[8, 0, 0, 1, 3, 0, 1, 1, 0, 4, 2, 0, 0, 0, 0, 0, 2, 0, 0, 1, 2, 2, 0, 2, 0, 0, 0, 0, 6, 0, 0, 0, 0, 7, 0, 0, 2, 3, 1, 0, 0, 0, 1, 4, 2, 0, 0, 0, 0, 0, 0, 0, 0, 2, 0, 1, 1, 1]","[175886, 163666, 170414, 53881, 171878, 53278, 162870, 9955, 17900, 6058, 46117, 133558, 13676, 176719, 99787, 27513, 92525, 68421, 52537, 60581]",20,"[5.0, 5.0, 1.0, 5.0, 3.0, 0.0, 3.0, 5.0, 0.0, 5.0, 5.0, 1.0, 5.0, 4.0, 5.0, 5.0, 5.0, 4.0, 5.0, 5.0]",20
2705,"[2, 0, 0, 1, 0, 0, 0, 1, 0, 3, 1, 0, 0, 0, 0, 0, 1, 0, 0, 2, 0, 0, 0, 2, 1, 0, 0, 0, 1, 0, 0, 0, 0, 3, 0, 0, 1, 1, 1, 0, 0, 0, 2, 0, 0, 0, 4, 0, 0, 0, 0, 0, 0, 1, 0, 0, 0, 1]","[109798, 173688, 146890, 131465, 2280, 116761, 22190, 994]",8,"[5.0, 5.0, 5.0, 5.0, 5.0, 2.0, 4.0, 4.0]",8
9871,"[1, 0, 0, 1, 1, 0, 0, 0, 0, 2, 1, 1, 0, 0, 0, 0, 0, 0, 0, 0, 1, 0, 0, 0, 0, 0, 0, 0, 1, 0, 0, 0, 0, 0, 0, 1, 1, 1, 2, 0, 0, 0, 1, 1, 1, 0, 0, 0, 0, 0, 0, 0, 0, 0, 0, 1, 0, 0]","[68338, 35296, 6682, 156352, 101200, 96750, 58109]",7,"[5.0, 4.0, 4.0, 4.0, 4.0, 4.0, 4.0]",7
13938,"[4, 0, 0, 1, 2, 0, 0, 0, 0, 3, 0, 0, 0, 0, 0, 0, 1, 0, 0, 0, 1, 0, 0, 0, 2, 0, 1, 0, 0, 0, 0, 0, 0, 2, 0, 0, 0, 0, 2, 0, 0, 0, 2, 1, 0, 0, 1, 0, 0, 0, 0, 1, 0, 0, 1, 0, 0, 0]","[93441, 39471, 42183, 54739, 13181, 82919, 112676]",7,"[5.0, 5.0, 0.0, 4.0, 5.0, 5.0, 5.0]",7
10221,"[12, 0, 0, 2, 7, 0, 0, 1, 0, 8, 0, 0, 0, 0, 1, 0, 5, 0, 0, 1, 1, 2, 0, 0, 0, 0, 0, 2, 3, 1, 0, 0, 0, 5, 0, 0, 2, 1, 5, 0, 0, 0, 8, 6, 0, 0, 0, 0, 0, 1, 0, 1, 0, 0, 3, 7, 0, 2]","[16123, 139688, 104261, 100741, 117078, 98711, 51452, 113716, 68826, 89947, 164199, 127500, 51995, 77728, 104399, 156303, 27788, 161220, 7186, 8252, 107169, 171522, 142903, 162916, 67102, 143371, 89924, 64288, 56891, 146072, 172462, 7506]",32,"[5.0, 5.0, 0.0, 3.0, 5.0, 4.0, 5.0, 5.0, 4.0, 4.0, 0.0, 5.0, 4.0, 5.0, 5.0, 4.0, 5.0, 5.0, 3.0, 4.0, 5.0, 5.0, 4.0, 5.0, 4.0, 5.0, 4.0, 5.0, 4.0, 5.0, 5.0, 4.0]",32
7877,"[6, 0, 0, 3, 4, 0, 0, 0, 0, 1, 0, 1, 0, 0, 0, 0, 2, 0, 0, 0, 1, 0, 0, 0, 0, 0, 0, 1, 0, 1, 0, 0, 0, 3, 0, 0, 1, 1, 0, 0, 0, 0, 3, 4, 0, 0, 1, 1, 0, 0, 0, 0, 0, 1, 0, 2, 1, 1]","[148909, 13879, 168562, 58959, 110065, 133972, 40750, 97526, 46114, 4708, 74827, 159298, 29746, 45194]",14,"[4.0, 5.0, 3.0, 5.0, 5.0, 5.0, 3.0, 5.0, 5.0, 5.0, 4.0, 5.0, 5.0, 5.0]",14
7316,"[9, 0, 0, 2, 2, 0, 0, 1, 0, 4, 2, 1, 0, 0, 0, 0, 1, 0, 0, 1, 2, 1, 0, 0, 0, 0, 0, 0, 3, 2, 0, 1, 0, 4, 1, 0, 2, 2, 2, 0, 1, 0, 0, 2, 1, 0, 1, 0, 0, 1, 1, 0, 0, 0, 1, 4, 1, 0]","[106277, 72436, 51026, 38394, 113716, 19469, 100162, 38306, 62213, 94684, 170369, 71391, 42380, 118470, 136330, 153429, 68897, 6361, 34789, 175231, 109888]",21,"[5.0, 5.0, 5.0, 5.0, 5.0, 5.0, 5.0, 5.0, 5.0, 5.0, 5.0, 5.0, 5.0, 5.0, 5.0, 5.0, 5.0, 5.0, 5.0, 4.0, 5.0]",21
6555,"[26, 1, 0, 6, 19, 0, 0, 2, 0, 22, 0, 0, 0, 0, 1, 0, 16, 0, 0, 0, 4, 5, 0, 3, 0, 0, 0, 1, 13, 1, 0, 1, 0, 14, 0, 1, 10, 1, 6, 0, 0, 3, 6, 4, 0, 1, 10, 0, 0, 4, 1, 0, 0, 1, 1, 8, 1, 9]","[63806, 100766, 31987, 59850, 16366, 153348, 31845, 14739, 162109, 132819, 26208, 132083, 19812, 81247, 53593, 91376, 73953, 77528, 6725, 3459, 130876, 77668, 133692, 153154, 165156, 14430, 125379, 66632, 117668, 166836, 56515, 86287, 51399, 9462, 30084, 52727, 57680, 116921, 11810, 75898, 40160, 111032, 145849, 142563, 128485, 129505, 136952, 74250]",48,"[3.0, 3.0, 3.0, 5.0, 2.0, 5.0, 3.0, 3.0, 4.0, 3.0, 4.0, 5.0, 4.0, 0.0, 4.0, 4.0, 3.0, 3.0, 4.0, 5.0, 4.0, 3.0, 3.0, 3.0, 3.0, 3.0, 3.0, 3.0, 3.0, 3.0, 4.0, 4.0, 3.0, 5.0, 4.0, 4.0, 2.0, 3.0, 3.0, 3.0, 5.0, 4.0, 5.0, 4.0, 3.0, 3.0, 2.0, 5.0]",48
7975,"[11, 0, 0, 4, 4, 0, 0, 0, 0, 6, 1, 1, 0, 0, 0, 0, 5, 0, 0, 1, 1, 1, 0, 0, 0, 0, 1, 1, 6, 2, 0, 0, 0, 7, 0, 1, 3, 1, 5, 0, 0, 0, 3, 5, 0, 0, 3, 0, 0, 1, 0, 1, 0, 3, 1, 3, 1, 4]","[127083, 4790, 33240, 33305, 67799, 66298, 93763, 92748, 173429, 92341, 175176, 40574, 95918, 88353, 100808, 11831, 98934, 150229, 170771, 20572, 57207, 74994]",22,"[5.0, 5.0, 5.0, 5.0, 5.0, 5.0, 1.0, 5.0, 4.0, 5.0, 4.0, 5.0, 5.0, 5.0, 5.0, 5.0, 5.0, 5.0, 5.0, 5.0, 5.0, 5.0]",22
3334,"[14, 0, 0, 7, 3, 0, 0, 0, 0, 8, 1, 0, 0, 0, 0, 0, 1, 0, 0, 0, 3, 1, 1, 0, 1, 0, 0, 1, 3, 0, 0, 0, 0, 4, 0, 0, 3, 0, 0, 0, 0, 0, 1, 3, 0, 1, 4, 0, 0, 0, 0, 0, 0, 0, 0, 1, 2, 1]","[92769, 22159, 133859, 111043, 174552, 9651, 1334, 99186, 176763, 86388, 6564, 78277, 17360, 50899, 153310, 135961, 21595, 177509, 83187, 47059, 55972, 19607]",22,"[5.0, 5.0, 4.0, 5.0, 5.0, 5.0, 5.0, 0.0, 2.0, 5.0, 5.0, 5.0, 5.0, 5.0, 5.0, 5.0, 5.0, 5.0, 5.0, 5.0, 5.0, 5.0]",22
7624,"[8, 0, 0, 3, 3, 0, 0, 0, 0, 4, 3, 1, 0, 0, 0, 0, 3, 0, 0, 0, 0, 1, 0, 0, 0, 0, 0, 1, 1, 0, 0, 0, 0, 4, 0, 1, 0, 1, 3, 0, 0, 0, 3, 0, 0, 0, 3, 0, 0, 1, 0, 0, 0, 1, 2, 1, 1, 0]","[161211, 149428, 38254, 4440, 58931, 121494, 59775, 90910, 107806, 134610, 99787, 15059, 142183, 147317, 117668, 101550]",16,"[5.0, 5.0, 4.0, 5.0, 5.0, 5.0, 4.0, 5.0, 4.0, 4.0, 5.0, 4.0, 4.0, 3.0, 3.0, 5.0]",16
19505,"[4, 0, 0, 3, 3, 0, 0, 1, 0, 0, 0, 0, 0, 0, 0, 0, 2, 0, 0, 1, 1, 0, 1, 0, 0, 0, 0, 0, 3, 0, 0, 0, 0, 2, 0, 0, 0, 0, 1, 0, 0, 0, 2, 2, 0, 0, 0, 0, 0, 1, 0, 0, 0, 1, 0, 1, 0, 1]","[64506, 178026, 143051, 138798, 107662, 54512, 131935, 55757, 104399, 34884, 30000]",11,"[4.0, 3.0, 4.0, 5.0, 5.0, 3.0, 4.0, 5.0, 5.0, 5.0, 4.0]",11
16863,"[3, 0, 0, 1, 0, 0, 0, 0, 0, 2, 0, 0, 0, 0, 1, 0, 2, 0, 0, 0, 1, 0, 0, 0, 0, 0, 0, 0, 1, 0, 0, 0, 0, 0, 0, 0, 0, 0, 1, 0, 0, 0, 1, 2, 0, 0, 0, 0, 0, 1, 0, 0, 0, 0, 0, 2, 0, 1]","[142634, 33246, 100757, 165909, 47008, 97711, 66164]",7,"[5.0, 5.0, 5.0, 5.0, 0.0, 0.0, 5.0]",7
1678,"[22, 0, 1, 9, 11, 0, 1, 1, 1, 14, 1, 0, 0, 0, 1, 0, 5, 0, 0, 2, 2, 1, 0, 4, 1, 0, 1, 2, 11, 1, 0, 0, 0, 15, 0, 0, 5, 4, 4, 0, 0, 0, 9, 7, 0, 1, 6, 1, 0, 1, 0, 1, 0, 3, 2, 6, 4, 3]","[31827, 105536, 99787, 74703, 152235, 158334, 74650, 103012, 45375, 161211, 134494, 45119, 53108, 647, 32703, 175084, 60985, 37009, 155988, 176014, 77144, 129425, 57667, 122880, 151584, 62877, 4638, 168258, 159843, 171522, 15940, 142774, 97372, 6569, 88011, 107377, 71218, 64861, 13234, 84490, 97711, 67866, 51408, 24393, 109747, 58338, 68974, 96780, 1691, 155119, 66315, 63642, 71578, 171754]",54,"[5.0, 2.0, 3.0, 4.0, 4.0, 4.0, 5.0, 0.0, 4.0, 5.0, 4.0, 5.0, 5.0, 4.0, 5.0, 5.0, 5.0, 5.0, 5.0, 5.0, 5.0, 5.0, 5.0, 4.0, 5.0, 5.0, 3.0, 5.0, 5.0, 5.0, 5.0, 4.0, 5.0, 5.0, 0.0, 0.0, 5.0, 5.0, 4.0, 5.0, 5.0, 4.0, 3.0, 5.0, 5.0, 5.0, 1.0, 2.0, 4.0, 5.0, 5.0, 5.0, 5.0, 5.0]",54
7684,"[6, 0, 0, 5, 7, 0, 0, 0, 0, 16, 1, 0, 0, 0, 1, 0, 4, 0, 0, 0, 1, 1, 0, 2, 0, 0, 0, 0, 4, 1, 0, 0, 0, 5, 0, 2, 3, 3, 6, 0, 0, 0, 8, 6, 0, 0, 4, 0, 0, 1, 1, 0, 0, 1, 1, 6, 1, 1]","[125707, 23625, 144970, 126659, 42814, 168413, 101942, 4508, 9410, 39180, 164436, 120566, 41173, 137736, 151999, 15424, 28700, 65761, 135761, 75232, 30395, 136490, 163922, 45374, 155346]",25,"[5.0, 5.0, 5.0, 5.0, 4.0, 2.0, 5.0, 4.0, 5.0, 5.0, 2.0, 5.0, 4.0, 4.0, 4.0, 5.0, 5.0, 5.0, 4.0, 5.0, 4.0, 5.0, 4.0, 5.0, 5.0]",25
5665,"[6, 0, 0, 3, 3, 0, 0, 0, 0, 6, 4, 2, 0, 0, 0, 0, 5, 0, 0, 0, 1, 0, 0, 1, 0, 0, 0, 0, 2, 1, 0, 0, 0, 3, 0, 0, 0, 1, 0, 0, 0, 1, 2, 1, 0, 0, 0, 0, 0, 1, 0, 1, 0, 0, 0, 1, 0, 0]","[7256, 109485, 134610, 76181, 116272, 124736, 80273, 169569, 115982, 123123, 36273, 41584, 143526, 47112, 157787, 97786, 72253]",17,"[4.0, 5.0, 5.0, 5.0, 5.0, 5.0, 5.0, 5.0, 4.0, 5.0, 5.0, 5.0, 5.0, 5.0, 4.0, 5.0, 5.0]",17
6745,"[5, 0, 0, 1, 3, 0, 0, 0, 0, 6, 1, 0, 0, 0, 0, 0, 1, 0, 0, 1, 1, 0, 0, 0, 1, 0, 0, 1, 2, 1, 0, 0, 0, 4, 0, 0, 3, 0, 0, 0, 0, 1, 1, 3, 1, 1, 2, 0, 0, 0, 0, 0, 0, 1, 1, 0, 2, 1]","[118780, 93616, 11282, 25667, 139877, 11466, 54984, 72589, 3676, 137075, 151700]",11,"[5.0, 5.0, 4.0, 5.0, 5.0, 5.0, 4.0, 5.0, 5.0, 4.0, 5.0]",11
4956,"[42, 0, 0, 9, 10, 0, 1, 1, 0, 26, 3, 0, 0, 0, 0, 0, 12, 0, 0, 1, 5, 1, 0, 3, 0, 0, 3, 6, 13, 0, 0, 0, 0, 24, 0, 0, 3, 3, 1, 0, 0, 0, 5, 6, 0, 0, 9, 1, 0, 1, 0, 1, 0, 5, 2, 4, 8, 3]","[126825, 166356, 171215, 51052, 129505, 135961, 151910, 78609, 90678, 30125, 91232, 128349, 3754, 81789, 142022, 101486, 43757, 2263, 167774, 127851, 57206, 11760, 176368, 11435, 10569, 52200, 82290, 80296, 83330, 75244, 17320, 70529, 85775, 167294, 63482, 150779, 166947, 156792, 98354, 72401, 145458, 15775, 14774, 9920, 105191, 138882, 126547, 150229, 124610, 56425, 68463, 6569, 131918, 20280, 71533, 70820, 47525, 145875, 65078, 113987, 18152, 58292, 165216, 147344]",64,"[5.0, 5.0, 5.0, 5.0, 5.0, 5.0, 5.0, 5.0, 5.0, 5.0, 5.0, 5.0, 0.0, 5.0, 5.0, 5.0, 5.0, 5.0, 5.0, 4.0, 3.0, 5.0, 4.0, 5.0, 5.0, 5.0, 5.0, 5.0, 4.0, 5.0, 5.0, 5.0, 5.0, 4.0, 5.0, 5.0, 5.0, 5.0, 4.0, 5.0, 5.0, 5.0, 5.0, 5.0, 5.0, 4.0, 5.0, 5.0, 5.0, 5.0, 5.0, 5.0, 4.0, 5.0, 5.0, 4.0, 4.0, 4.0, 5.0, 5.0, 5.0, 5.0, 5.0, 5.0]",64
15805,"[7, 0, 0, 3, 6, 0, 0, 1, 0, 4, 0, 0, 0, 0, 0, 0, 2, 0, 0, 0, 1, 0, 0, 1, 1, 0, 1, 1, 1, 1, 0, 0, 0, 7, 0, 0, 4, 0, 0, 0, 0, 0, 2, 0, 0, 0, 3, 1, 0, 0, 1, 0, 0, 4, 0, 0, 4, 3]","[26208, 73956, 47717, 119999, 124933, 22608, 120629, 111138, 106973, 123208, 74633, 34487, 47492, 16678]",14,"[5.0, 5.0, 5.0, 0.0, 5.0, 0.0, 5.0, 5.0, 5.0, 4.0, 4.0, 5.0, 5.0, 5.0]",14
19903,"[4, 0, 0, 1, 2, 0, 0, 0, 0, 1, 0, 0, 0, 0, 0, 0, 3, 0, 0, 1, 0, 0, 1, 0, 0, 0, 0, 0, 2, 0, 0, 0, 0, 3, 0, 0, 0, 0, 0, 0, 0, 1, 3, 1, 0, 0, 0, 0, 0, 0, 0, 0, 0, 2, 0, 3, 0, 3]","[177884, 54512, 89113, 57140, 89888, 164596, 117899]",7,"[5.0, 5.0, 5.0, 5.0, 5.0, 5.0, 5.0]",7
16151,"[7, 0, 0, 5, 2, 0, 0, 0, 0, 5, 1, 0, 0, 0, 1, 0, 3, 0, 0, 0, 1, 0, 1, 0, 2, 0, 0, 0, 4, 4, 0, 0, 0, 5, 0, 0, 0, 0, 2, 0, 0, 0, 2, 1, 1, 0, 3, 0, 0, 0, 1, 0, 0, 2, 0, 0, 1, 3]","[44865, 59963, 68902, 159014, 134409, 38757, 17503, 149916, 43329, 41136, 176162, 142629, 33526, 20140]",14,"[5.0, 5.0, 5.0, 5.0, 4.0, 5.0, 5.0, 5.0, 5.0, 4.0, 5.0, 5.0, 5.0, 4.0]",14
119,"[12, 1, 0, 4, 5, 0, 0, 1, 0, 11, 2, 0, 0, 0, 1, 0, 8, 0, 0, 2, 3, 1, 0, 2, 1, 0, 0, 0, 6, 1, 0, 1, 0, 5, 0, 0, 6, 0, 2, 0, 0, 1, 4, 4, 1, 0, 2, 0, 0, 0, 0, 1, 0, 1, 1, 1, 1, 2]","[113588, 126616, 39854, 52030, 994, 2280, 80645, 69725, 176368, 164087, 64273, 147374, 95322, 176719, 35347, 46982, 148960, 97643, 173411, 13315, 63312, 40044, 89113, 152911, 78507, 120128, 45, 24236, 90053]",29,"[5.0, 5.0, 5.0, 5.0, 3.0, 5.0, 5.0, 5.0, 3.0, 5.0, 3.0, 5.0, 5.0, 5.0, 5.0, 5.0, 4.0, 5.0, 0.0, 5.0, 5.0, 5.0, 5.0, 5.0, 3.0, 5.0, 5.0, 5.0, 0.0]",29
11326,"[14, 0, 0, 8, 10, 0, 1, 0, 0, 8, 0, 0, 0, 0, 1, 0, 5, 0, 0, 1, 0, 2, 0, 0, 1, 0, 1, 2, 6, 1, 0, 1, 0, 5, 0, 2, 5, 6, 4, 0, 0, 1, 6, 3, 0, 0, 3, 0, 0, 0, 0, 4, 0, 3, 1, 5, 3, 4]","[150197, 130875, 128935, 91069, 134224, 118459, 10394, 133003, 79316, 102204, 69912, 39832, 67666, 42884, 88702, 116371, 8583, 92996, 71550, 64455, 119351, 30125, 124471, 48236, 28353, 90494, 91255, 125006]",28,"[5.0, 0.0, 5.0, 5.0, 5.0, 5.0, 5.0, 5.0, 5.0, 5.0, 5.0, 5.0, 5.0, 5.0, 5.0, 0.0, 5.0, 5.0, 5.0, 5.0, 5.0, 5.0, 5.0, 5.0, 5.0, 5.0, 5.0, 5.0]",28
15891,"[6, 0, 0, 2, 1, 0, 0, 0, 0, 2, 2, 0, 0, 0, 0, 0, 2, 0, 0, 0, 2, 1, 0, 0, 0, 0, 0, 1, 1, 0, 0, 0, 0, 3, 0, 0, 1, 2, 1, 0, 0, 0, 3, 0, 0, 0, 2, 0, 0, 0, 2, 0, 0, 0, 0, 0, 0, 0]","[153633, 89576, 16912, 96883, 118253, 43920, 48486, 89723, 86411, 38463]",10,"[4.0, 4.0, 4.0, 0.0, 5.0, 4.0, 5.0, 5.0, 5.0, 5.0]",10
1462,"[13, 0, 0, 7, 6, 0, 0, 2, 0, 7, 0, 1, 0, 0, 2, 0, 4, 0, 0, 1, 3, 2, 0, 3, 0, 0, 1, 1, 6, 1, 0, 0, 0, 8, 0, 4, 4, 0, 1, 0, 0, 3, 2, 3, 0, 0, 5, 0, 0, 2, 0, 0, 0, 2, 2, 3, 2, 5]","[35671, 56534, 43053, 138239, 166377, 16043, 71284, 124511, 122743, 72443, 153965, 96955, 47215, 44947, 78561, 43534, 125492, 34507, 34121, 121129, 552, 30455, 85812, 135849, 127172, 63353, 162803, 145920, 103770, 121488]",30,"[4.0, 4.0, 3.0, 4.0, 4.0, 4.0, 3.0, 4.0, 4.0, 4.0, 4.0, 4.0, 4.0, 4.0, 4.0, 4.0, 4.0, 4.0, 4.0, 3.0, 4.0, 4.0, 4.0, 4.0, 4.0, 4.0, 5.0, 4.0, 4.0, 4.0]",30
3472,"[18, 0, 0, 3, 3, 0, 0, 2, 0, 14, 0, 0, 0, 0, 0, 0, 3, 0, 0, 1, 5, 0, 1, 3, 0, 0, 3, 1, 3, 0, 0, 0, 0, 10, 0, 0, 4, 1, 3, 0, 0, 1, 4, 10, 0, 0, 4, 0, 0, 0, 0, 0, 1, 2, 2, 1, 1, 2]","[138457, 35438, 68803, 83015, 135391, 131465, 141217, 97738, 30000, 129432, 9677, 1652, 28794, 107300, 104037, 41013, 120865, 59949, 171987, 176868, 23291, 95184, 4091, 150229, 135961, 173834, 45835, 132751, 2854, 52582, 104362, 154916, 133465]",33,"[5.0, 4.0, 5.0, 5.0, 4.0, 5.0, 5.0, 5.0, 5.0, 5.0, 5.0, 5.0, 5.0, 5.0, 5.0, 5.0, 5.0, 5.0, 5.0, 5.0, 5.0, 5.0, 3.0, 5.0, 5.0, 4.0, 5.0, 5.0, 5.0, 5.0, 5.0, 5.0, 5.0]",33
18295,"[1, 1, 0, 2, 2, 0, 0, 0, 0, 4, 0, 0, 0, 0, 1, 0, 0, 0, 0, 0, 0, 0, 1, 3, 0, 0, 1, 0, 3, 0, 0, 0, 0, 1, 0, 0, 2, 0, 1, 0, 0, 0, 3, 3, 1, 0, 2, 0, 0, 0, 0, 0, 0, 0, 0, 2, 0, 3]","[129786, 63827, 25269, 93807, 41193, 168316, 88013, 88666, 97252]",9,"[5.0, 5.0, 5.0, 2.0, 5.0, 5.0, 5.0, 5.0, 5.0]",9
3514,"[7, 0, 0, 4, 2, 0, 0, 0, 0, 9, 0, 0, 0, 0, 0, 0, 2, 0, 0, 4, 5, 0, 0, 0, 2, 0, 1, 0, 3, 2, 0, 0, 0, 4, 0, 0, 2, 1, 1, 0, 0, 0, 3, 1, 0, 0, 1, 1, 0, 0, 0, 0, 0, 0, 1, 0, 0, 0]","[139706, 98355, 137993, 143793, 123341, 5012, 59447, 34112, 19102, 77067, 109641, 108581, 96962, 115642, 72345, 129509, 18939, 1423, 96974, 155072]",20,"[5.0, 5.0, 4.0, 5.0, 5.0, 5.0, 5.0, 5.0, 4.0, 5.0, 5.0, 5.0, 5.0, 5.0, 5.0, 5.0, 5.0, 5.0, 5.0, 5.0]",20
12526,"[7, 0, 0, 0, 4, 0, 0, 0, 0, 2, 0, 1, 0, 0, 0, 0, 0, 0, 0, 0, 0, 0, 0, 1, 0, 0, 0, 1, 3, 0, 0, 0, 0, 4, 0, 0, 0, 1, 0, 0, 0, 0, 3, 4, 0, 0, 1, 1, 0, 0, 0, 0, 0, 1, 0, 0, 0, 1]","[161029, 130433, 79781, 80444, 169138, 98830, 22115, 157602, 138882, 97205, 52334, 125309]",12,"[5.0, 5.0, 5.0, 5.0, 5.0, 3.0, 5.0, 5.0, 5.0, 4.0, 5.0, 5.0]",12
7708,"[20, 1, 0, 10, 23, 0, 1, 3, 1, 20, 1, 1, 1, 1, 0, 0, 15, 0, 0, 2, 7, 2, 0, 15, 0, 0, 6, 3, 16, 6, 0, 0, 1, 19, 0, 0, 14, 9, 8, 0, 0, 2, 17, 13, 1, 0, 10, 0, 0, 1, 0, 2, 0, 7, 4, 11, 4, 8]","[114131, 19297, 68943, 170803, 4509, 36831, 150680, 166676, 16620, 174459, 122785, 78689, 16921, 48013, 175241, 139009, 137166, 55772, 104871, 156033, 25023, 123254, 37752, 92808, 137618, 29538, 176543, 96405, 11324, 125324, 102011, 135631, 105414, 81471, 34849, 153530, 33126, 28502, 119351, 148114, 33510, 36090, 65733, 52877, 131534, 82565, 117356, 131211, 76205, 44062, 97415, 45833, 45968, 158073, 102707, 39134, 53448, 115390, 176422, 136215, 14033, 91200, 165388, 84806, 87663, 103464, 151863, 31342, 64601, 21072, 45824, 108161, 25397, 166723, 40574, 156373, 136431, 82570, 44577, 37047, 147768]",81,"[5.0, 5.0, 5.0, 5.0, 5.0, 5.0, 5.0, 3.0, 4.0, 4.0, 5.0, 5.0, 5.0, 3.0, 5.0, 5.0, 3.0, 5.0, 3.0, 5.0, 5.0, 5.0, 5.0, 3.0, 5.0, 4.0, 5.0, 5.0, 5.0, 5.0, 0.0, 5.0, 5.0, 5.0, 5.0, 5.0, 5.0, 5.0, 5.0, 4.0, 5.0, 5.0, 5.0, 5.0, 5.0, 0.0, 5.0, 5.0, 5.0, 4.0, 5.0, 5.0, 5.0, 4.0, 5.0, 2.0, 5.0, 5.0, 5.0, 5.0, 4.0, 5.0, 5.0, 5.0, 5.0, 4.0, 5.0, 4.0, 5.0, 4.0, 5.0, 4.0, 5.0, 5.0, 5.0, 5.0, 5.0, 5.0, 5.0, 5.0, 3.0]",81
9256,"[7, 0, 0, 0, 2, 0, 0, 0, 0, 4, 1, 1, 0, 0, 0, 0, 0, 0, 0, 0, 1, 0, 0, 0, 0, 0, 0, 0, 4, 0, 0, 0, 0, 6, 0, 0, 0, 0, 1, 0, 0, 1, 1, 0, 0, 0, 1, 0, 0, 1, 0, 0, 0, 1, 0, 1, 0, 2]","[50909, 128220, 75244, 6066, 112491, 43748, 112076, 168690, 154943, 19812, 113757]",11,"[5.0, 5.0, 5.0, 5.0, 5.0, 5.0, 5.0, 5.0, 5.0, 5.0, 5.0]",11
8306,"[3, 0, 0, 1, 2, 0, 0, 0, 0, 4, 1, 0, 0, 0, 1, 0, 2, 0, 0, 0, 0, 0, 0, 0, 1, 0, 0, 1, 2, 0, 0, 0, 0, 1, 0, 0, 1, 0, 0, 0, 0, 1, 3, 1, 1, 0, 1, 0, 0, 1, 1, 0, 0, 2, 0, 1, 0, 0]","[46129, 5289, 5077, 47715, 75244, 89113, 85490, 115124, 110750, 32114, 9677]",11,"[4.0, 5.0, 5.0, 5.0, 5.0, 5.0, 5.0, 5.0, 5.0, 5.0, 0.0]",11
14109,"[9, 0, 0, 0, 1, 0, 0, 0, 0, 4, 0, 0, 0, 0, 1, 0, 2, 0, 0, 0, 1, 0, 0, 2, 0, 0, 1, 0, 2, 0, 0, 0, 0, 3, 0, 0, 0, 0, 0, 0, 0, 2, 1, 2, 0, 0, 3, 0, 0, 0, 0, 0, 0, 1, 0, 0, 1, 0]","[112203, 11324, 19887, 108820, 22937, 150292, 13467, 154916, 138457, 119837, 111664]",11,"[5.0, 5.0, 5.0, 5.0, 5.0, 5.0, 5.0, 5.0, 5.0, 5.0, 5.0]",11
12466,"[4, 0, 0, 3, 0, 0, 0, 0, 0, 1, 0, 0, 0, 0, 0, 0, 0, 0, 0, 0, 0, 0, 0, 0, 0, 0, 0, 0, 1, 0, 0, 0, 0, 2, 0, 0, 2, 0, 0, 0, 0, 0, 1, 1, 0, 0, 0, 1, 0, 0, 0, 0, 0, 0, 1, 0, 0, 1]","[123957, 85421, 122860, 91081, 17709, 139238, 104241]",7,"[3.0, 4.0, 5.0, 5.0, 5.0, 5.0, 4.0]",7
6015,"[9, 1, 0, 5, 15, 0, 0, 1, 0, 11, 0, 1, 1, 0, 1, 0, 8, 0, 0, 4, 3, 1, 1, 4, 0, 0, 2, 3, 10, 1, 0, 0, 0, 13, 0, 3, 8, 4, 5, 0, 0, 2, 12, 9, 1, 0, 2, 0, 0, 0, 1, 0, 0, 6, 1, 6, 4, 7]","[73067, 80290, 19812, 21447, 18868, 18210, 106058, 26434, 117899, 78255, 137315, 92804, 95482, 162436, 153175, 104373, 80518, 133090, 96970, 24040, 129640, 161446, 169367, 79832, 101819, 126286, 73977, 3085, 48226, 148615, 138554, 55843, 15173, 124789, 91255, 37359, 118418, 33086, 23122, 51643, 31247, 103367, 9325, 28165]",44,"[5.0, 5.0, 5.0, 4.0, 5.0, 4.0, 5.0, 4.0, 5.0, 5.0, 4.0, 5.0, 5.0, 5.0, 5.0, 5.0, 4.0, 5.0, 4.0, 5.0, 5.0, 5.0, 5.0, 4.0, 4.0, 5.0, 5.0, 5.0, 3.0, 5.0, 5.0, 5.0, 5.0, 5.0, 5.0, 3.0, 5.0, 4.0, 3.0, 5.0, 4.0, 4.0, 5.0, 0.0]",44
13108,"[4, 0, 0, 1, 4, 0, 0, 0, 0, 3, 1, 1, 0, 0, 0, 0, 1, 0, 0, 0, 0, 0, 0, 0, 0, 0, 0, 0, 4, 2, 0, 0, 0, 2, 0, 1, 1, 0, 1, 0, 0, 0, 3, 2, 0, 0, 1, 0, 0, 0, 0, 0, 0, 0, 1, 1, 0, 0]","[96171, 44202, 73956, 66996, 65242, 163013, 11503, 91668, 124501, 11755, 125296]",11,"[3.0, 5.0, 5.0, 4.0, 5.0, 5.0, 5.0, 5.0, 5.0, 5.0, 5.0]",11
137,"[397, 7, 1, 123, 169, 1, 1, 27, 2, 310, 13, 29, 1, 2, 15, 0, 168, 0, 0, 22, 107, 22, 2, 61, 16, 0, 13, 27, 196, 25, 0, 9, 0, 189, 1, 5, 98, 28, 68, 2, 4, 27, 106, 159, 11, 2, 76, 13, 0, 13, 2, 2, 1, 49, 16, 81, 22, 57]","[102313, 41004, 40058, 26721, 156289, 11813, 14430, 126011, 25411, 110959, 22975, 74491, 68273, 103244, 79797, 39511, 29973, 83692, 100684, 11659, 17321, 83331, 37227, 78724, 137554, 22463, 175613, 118043, 76675, 32249, 80264, 83799, 9988, 21273, 139315, 91430, 70648, 172115, 140373, 49523, 126337, 142557, 65106, 22032, 47837, 29716, 46732, 141284, 35152, 70680, 46826, 24603, 164169, 16915, 164350, 142844, 158696, 56580, 140843, 99915, 17047, 117827, 75925, 89291, 99338, 55809, 139458, 1755, 52463, 81611, 142758, 145792, 161263, 44093, 65788, 111129, 138049, 100424, 75774, 118787, 73956, 175469, 95770, 38419, 43171, 163358, 55115, 56787, 168463, 116871, 73126, 100893, 32128, 33065, 59300, 169901, 170180, 70469, 76929, 75846, 11324, 97430, 24028, 150824, 10949, 107298, 170321, 54905, 128087, 29932, 158930, 165687, 51184, 168571, 79316, 51122, 147997, 76491, 35380, 125833, 1666, 51104, 64724, 57427, 90677, 146204, 72401, 146354, 159419, 36063, 92270, 56070, 113877, 9137, 107430, 34129, 162403, 37208, 163625, 58348, 118453, 7926, 143938, 83984, 106202, 105162, 27335, 53899, 155736, 12696, 4069, 153502, 8723, 87682, 25773, 85991, 136730, 36566, 95333, 127869, 54328, 120637, 34330, 70167, 176663, 86018, 24194, 79891, 9369, 81116, 173182, 112288, 169559, 171468, 138882, 14431, 15061, 161412, 97170, 64480, 111119, 36908, 52219, 74079, 144203, 32051, 92122, 92995, 148153, 93880, 98797, 115378, 88135, 115493, 163323, 122121, 24700, 86294, 23186, 20508, 40218, 85330, 85793, 45922, 82604, 49882, 138139, 114804, 78497, 124012, 7415, 83256, 11800, 91243, 17404, 99793, 98497, 104261, 121497, 116660, 170009, 36161, 52096, 120400, 131333, 124230, 138028, 78220, 123184, 41003, 135732, 30422, 174440, 146153, 37681, 80022, 174298, 176716, 35991, 102314, 116359, 33865, 111901, 141146, 44785, 81702, 56656, 38493, 138465, 136331, 165691, 133560, 99498, 27953, 8428, 117840, 124004, 129436, 43334, 32792, 56718, 3317, 79559, 162831, 128320, 110591, 78992, 146568, 79467, 166891, 38509, 139852, 99475, 47666, 46170, 125703, 49181, 144782, 103025, 32069, 54094, 35290, 96956, 17426, 145870, 89838, 113698, 107609, 57209, 164128, 138777, 106785, 121121, 149618, 136364, 122200, 12304, 22159, 120700, 134362, 152474, 154836, 113967, 52951, 7214, 81615, 174342, 57976, 83720, 172962, 130728, 48757, 52426, 157696, 147530, 53762, 6802, 72620, 68321, 54623, 93512, 140880, 104425, 173862, 37694, 69439, 96409, 79919, 142641, 103088, 78391, 117568, 23351, 80088, 62634, 102591, 138998, 109984, 35116, 128285, 168701, 71061, 47108, 104841, 144973, 65611, 65232, 129420, 122655, 146886, 23756, 43565, 37717, 100938, 71501, 165608, 16153, 1479, 105849, 135378, 134306, 24869, 77937, 174036, 11710, 134638, 144304, 76163, 111773, 53713, 7661, 42733, 1398, 78611, 144532, 82067, 106408, 130516, 26020, 92503, 96773, 152643, 135512, 42253, 13182, 708, 150244, 166675, 33313, 48632, 171226, 48772, 76621, 142806, 177470, 153788, 37533, 27441, 123589, 76455, 154688, 122204, 162850, 145558, 17599, 102496, 121670, 29257, 114316, 89674, 166346, 150322, 146645, 70053, 8394, 32010, 33485, 109700, 171095, 139851, 173415, 15965, 78423, 21453, 56419, 172112, 94216, 10520, 23839, 133576, 102600, 53787, 146750, 9463, 132583, 61519, 41138, 15234, 29782, 45855, 172376, 2528, 81256, 175177, 100420, 45167, 171655, 150262, 110687, 141217, 47441, 157037, 73823, 44836, 128984, 51320, 6339, 68596, 176737, 53194, 130737, 112109, 75703, 31796, 78348, 46389, 17900, 91004, 42091, 122214, 70471, 100300, 120467, 71449, 42627, 73116, 143015, 145224, 113631, 35489, 41173, 120939, 22721, 19752, 145756, 169062, 130215, 175717, 91141, 24735, 193, 78158, 60624, 148544, 92230, 66301, 170317, 130817, 39163, 157940, 107638, 1525, 10538, 40069, 70562, 62689, 163374, 98659, 100093, 162545, 105521, 159554, 161937, 37162, 29371, 99697, 134772, 65156, 51171, 149235, 4738, 38656, 77616, 97624, 46699, 50672, 126668, 47855, 6383, 145439, 110139, 101899, 162724, 25033, 79691, 101509, 75143, 119416, 25752, 62708, 169837, 171162, 125067, 19811, 61111, 45308, 6963, 16595, 145012, 14991, 8475, 12064, 154636, 56623, 14883, 27367, 65745, 3018, 95094, 92292, 54949, 33436, 98165, 93564, 11907, 149777, 77788, 67046, 85842, 64430, 28879, 42155, 73879, 44622, 119003, 129488, 66620, 8215, 18249, 5964, 51321, 172918, 97563, 73402, 39845, 66030, 145332, 113626, 55120, 23017, 170674, 117328, 172390, 120921, 120806, 92748, 143836, 6586, 171861, 46812, 172389, 94402, 113588, 171796, 22715, 2772, 70442, 51673, 133029, 52493, 56978, 3937, 137980, 35288, 55, 9850, 44447, 19445, 166186, 142667, 59306, 14944, 58936, 24376, 129538, 82873, 173111, 131692, 125624, 167186, 127757, 164514, 17838, 134519, 139718, 56455, 129075, 11639, 41461, 11325, 78543, 38383, 176946, 2279, 53875, 10017, 47187, 155752, 124640, 91233, 177745, 84576, 129068, 162678, 65807, 29732, 122864, 120968, 77251, 59599, 60860, 29476, 8479, 155574, 86661, 73325, 152837, 150025, 146855, 54347, 11126, 119811, 45835, 10404, 116317, 120836, 172571, 149003, 31046, 72681, 171874, 4829, 8004, 152911, 154627, 16108, 3155, 26672, 82528, 10062, 18116, 146130, 18604, 115875, 147964, 35750, 132718, 141802, 1126, 123033, 12685, 42604, 160815, 159080, 72557, 95387, 33607, 143799, 66681, 16991, 113923, 118225, 83930, 146973, 39227, 156296, 83601, 109655, 13676, 176939, 112952, 167202, 1230, 70344, 48152, 114500, 94329, 168829, 161916, 126346, 121711, 56371, 168804, 2664, 138073, 169878, 10909, 21044, 104128, 112862, 75520, 108752, 168633, 52050, 24006, 11214, 37674, 166288, 26022, 168484, 80902, 613, 19957, 133247, 42978, 78448, 7753, 41902, 40920, 100631, 147057, 104142, 15040, 107713, 124867, 103586, 101515, 14061, 65195, 83988, 43941, 149252, 129692, 69175, 80652, 108779, 91356, 66298, 60378, 31976, 20345, 6623, 153252, 42607, 6675, 96435, 54960, 59096, 169026, 129999, 166314, 113512, 33567, 515, 167374, 15427, 116201, 35547, 22326, 36543, 73113, 133911, 149430, 171965, 14665, 172464, 166815, 85593, 69433, 26419, 138266, 48847, 154776, 76050, 35716, 39880, 22813, 38619, 22322, 163111, 110203, 35229, 72909, 86120, 104144, 164988, 165606, 47343, 31514, 57072, 91873, 143869, 171305, 101694, 110266, 83973, 21664, 98261, 14439, 26769, 145806, 94545, 144720, 161814, 120123, 14290, 3454, 3676, 106352, 69265, 133801, 51392, 105732, 116993, 50756, 24247, 44692, 8308, 149053, 63681, 130357, 38647, 97877, 107300, 151577, 161623, 43602, 75440, 161470, 51497, 96720, 46240, 137473, 59280, 164426, 102888, 73910, 92159, 95298, 124162, 4453, 4716, 6688, 113987, 23290, 152154, 51047, 87883, 172594, 32714, 42272, 139658, 119147, 89113, 50710, 85356, 16784, 82925, 132355, 47578, 41403, 140665, 72253, 13261, 63314, 130410, 97469, 91887, 24666, 113244, 139866, 36620, 45096, 52334, 166183, 174385, 124525, 170050, 21258, 4971, 131919, 107560, 53052, 108786, 22287, 113211, 157620, 143887, 139435, 55060, 126031, 13818]",932,"[3.0, 5.0, 4.0, 5.0, 4.0, 5.0, 4.0, 5.0, 5.0, 5.0, 5.0, 5.0, 5.0, 5.0, 5.0, 5.0, 3.0, 5.0, 5.0, 5.0, 5.0, 4.0, 5.0, 4.0, 5.0, 5.0, 5.0, 5.0, 4.0, 5.0, 5.0, 5.0, 5.0, 5.0, 5.0, 5.0, 5.0, 5.0, 5.0, 5.0, 5.0, 5.0, 5.0, 5.0, 5.0, 5.0, 5.0, 5.0, 5.0, 5.0, 5.0, 5.0, 5.0, 5.0, 5.0, 5.0, 5.0, 5.0, 5.0, 4.0, 5.0, 5.0, 4.0, 5.0, 5.0, 5.0, 5.0, 5.0, 5.0, 5.0, 0.0, 5.0, 5.0, 5.0, 5.0, 5.0, 5.0, 5.0, 5.0, 5.0, 5.0, 5.0, 5.0, 5.0, 5.0, 4.0, 5.0, 5.0, 5.0, 5.0, 0.0, 5.0, 5.0, 5.0, 5.0, 5.0, 5.0, 5.0, 5.0, 5.0, 5.0, 5.0, 5.0, 5.0, 5.0, 5.0, 5.0, 5.0, 5.0, 4.0, 5.0, 5.0, 5.0, 5.0, 5.0, 5.0, 5.0, 5.0, 5.0, 4.0, 5.0, 5.0, 5.0, 5.0, 5.0, 5.0, 5.0, 5.0, 5.0, 5.0, 5.0, 5.0, 5.0, 5.0, 3.0, 5.0, 5.0, 5.0, 5.0, 4.0, 5.0, 5.0, 5.0, 4.0, 5.0, 5.0, 5.0, 5.0, 5.0, 5.0, 5.0, 5.0, 5.0, 5.0, 5.0, 5.0, 5.0, 5.0, 5.0, 5.0, 5.0, 5.0, 5.0, 5.0, 5.0, 5.0, 5.0, 5.0, 5.0, 5.0, 5.0, 5.0, 5.0, 5.0, 5.0, 4.0, 4.0, 5.0, 5.0, 4.0, 5.0, 5.0, 5.0, 5.0, 5.0, 5.0, 5.0, 5.0, 5.0, 5.0, 5.0, 4.0, 5.0, 5.0, 5.0, 5.0, 5.0, 5.0, 5.0, 5.0, 5.0, 5.0, 5.0, 5.0, 5.0, 5.0, 5.0, 5.0, 5.0, 5.0, 5.0, 5.0, 5.0, 5.0, 5.0, 5.0, 5.0, 5.0, 5.0, 5.0, 4.0, 4.0, 5.0, 5.0, 5.0, 5.0, 5.0, 5.0, 5.0, 5.0, 5.0, 5.0, 5.0, 5.0, 5.0, 5.0, 5.0, 5.0, 5.0, 4.0, 3.0, 5.0, 5.0, 5.0, 5.0, 5.0, 5.0, 5.0, 4.0, 5.0, 5.0, 5.0, 5.0, 5.0, 5.0, 5.0, 5.0, 5.0, 5.0, 5.0, 5.0, 5.0, 5.0, 5.0, 5.0, 5.0, 5.0, 5.0, 5.0, 5.0, 5.0, 5.0, 5.0, 5.0, 5.0, 5.0, 5.0, 5.0, 5.0, 5.0, 5.0, 5.0, 5.0, 5.0, 5.0, 5.0, 5.0, 5.0, 4.0, 5.0, 5.0, 5.0, 5.0, 5.0, 4.0, 5.0, 5.0, 5.0, 5.0, 5.0, 5.0, 5.0, 5.0, 5.0, 5.0, 5.0, 5.0, 5.0, 5.0, 5.0, 5.0, 5.0, 5.0, 4.0, 5.0, 5.0, 4.0, 5.0, 5.0, 5.0, 5.0, 5.0, 5.0, 4.0, 5.0, 5.0, 5.0, 5.0, 5.0, 5.0, 5.0, 5.0, 4.0, 5.0, 5.0, 5.0, 5.0, 5.0, 5.0, 5.0, 5.0, 5.0, 5.0, 5.0, 5.0, 5.0, 5.0, 5.0, 4.0, 5.0, 5.0, 5.0, 5.0, 5.0, 5.0, 5.0, 5.0, 5.0, 5.0, 5.0, 5.0, 5.0, 5.0, 5.0, 5.0, 5.0, 5.0, 5.0, 5.0, 5.0, 5.0, 4.0, 5.0, 5.0, 5.0, 5.0, 5.0, 5.0, 5.0, 5.0, 5.0, 5.0, 5.0, 3.0, 4.0, 5.0, 5.0, 5.0, 5.0, 5.0, 5.0, 5.0, 5.0, 5.0, 5.0, 5.0, 5.0, 5.0, 5.0, 5.0, 5.0, 5.0, 5.0, 5.0, 5.0, 4.0, 5.0, 5.0, 4.0, 5.0, 5.0, 5.0, 4.0, 4.0, 5.0, 5.0, 4.0, 4.0, 5.0, 4.0, 5.0, 5.0, 4.0, 5.0, 5.0, 5.0, 5.0, 4.0, 4.0, 5.0, 5.0, 5.0, 5.0, 5.0, 5.0, 5.0, 5.0, 5.0, 5.0, 5.0, 5.0, 5.0, 5.0, 5.0, 5.0, 5.0, 5.0, 4.0, 5.0, 4.0, 4.0, 5.0, 5.0, 5.0, 5.0, 5.0, 4.0, 5.0, 5.0, 5.0, 5.0, 4.0, 4.0, 4.0, 4.0, 4.0, 5.0, 4.0, 4.0, 4.0, 4.0, 5.0, 5.0, 5.0, 5.0, 5.0, 5.0, 4.0, 4.0, 4.0, 5.0, 4.0, 5.0, 5.0, 5.0, 5.0, 4.0, 4.0, 5.0, 5.0, 5.0, 5.0, 5.0, 5.0, 5.0, 5.0, 5.0, 5.0, 5.0, 5.0, 4.0, 3.0, 5.0, 5.0, 5.0, 5.0, 5.0, 5.0, 5.0, 5.0, 5.0, 5.0, 4.0, 4.0, 5.0, 4.0, 4.0, 5.0, 4.0, 5.0, 5.0, 4.0, 5.0, 5.0, 5.0, 5.0, 5.0, 5.0, 4.0, 5.0, 4.0, 4.0, 5.0, 4.0, 5.0, 5.0, 5.0, 5.0, 5.0, 5.0, 4.0, 5.0, 5.0, 5.0, 5.0, 4.0, 4.0, 4.0, 4.0, 4.0, 5.0, 5.0, 4.0, 5.0, 5.0, 3.0, 4.0, 4.0, 4.0, 4.0, 5.0, 5.0, 4.0, 5.0, 4.0, 5.0, 4.0, 5.0, 5.0, 5.0, 5.0, 5.0, 4.0, 5.0, 4.0, 3.0, 5.0, 4.0, 5.0, 5.0, 5.0, 4.0, 5.0, 5.0, 5.0, 4.0, 5.0, 4.0, 5.0, 4.0, 5.0, 5.0, 5.0, 5.0, 4.0, 5.0, 5.0, 4.0, 5.0, 5.0, 5.0, 5.0, 5.0, 3.0, 5.0, 4.0, 4.0, 5.0, 4.0, 5.0, 5.0, 4.0, 5.0, 5.0, 5.0, 4.0, 4.0, 5.0, 4.0, 4.0, 5.0, 5.0, 5.0, 5.0, 5.0, 5.0, 5.0, 5.0, 4.0, 4.0, 5.0, 5.0, 5.0, 4.0, 5.0, 5.0, 4.0, 5.0, 5.0, 5.0, 4.0, 4.0, 4.0, 4.0, 4.0, 5.0, 4.0, 5.0, 4.0, 5.0, 5.0, 5.0, 4.0, 5.0, 5.0, 5.0, 4.0, 4.0, 5.0, 5.0, 5.0, 4.0, 5.0, 5.0, 5.0, 5.0, 5.0, 5.0, 5.0, 4.0, 4.0, 4.0, 5.0, 5.0, 5.0, 4.0, 5.0, 4.0, 4.0, 5.0, 0.0, 5.0, 5.0, 5.0, 5.0, 4.0, 5.0, 5.0, 5.0, 4.0, 5.0, 5.0, 5.0, 5.0, 5.0, 5.0, 5.0, 5.0, 5.0, 5.0, 5.0, 5.0, 5.0, 5.0, 4.0, 5.0, 5.0, 5.0, 5.0, 5.0, 4.0, 5.0, 5.0, 5.0, 5.0, 5.0, 5.0, 5.0, 5.0, 5.0, 5.0, 4.0, 5.0, 5.0, 5.0, 5.0, 5.0, 5.0, 5.0, 5.0, 5.0, 5.0, 4.0, 5.0, 5.0, 5.0, 4.0, 5.0, 5.0, 5.0, 5.0, 5.0, 5.0, 5.0, 5.0, 5.0, 5.0, 5.0, 5.0, 5.0, 5.0, 5.0, 5.0, 5.0, 5.0, 5.0, 4.0, 5.0, 5.0, 5.0, 5.0, 5.0, 5.0, 5.0, 5.0, 5.0, 5.0, 5.0, 5.0, 4.0, 5.0, 5.0, 5.0, 5.0, 5.0, 4.0, 5.0, 5.0, 5.0, 4.0, 5.0, 5.0, 5.0, 5.0, 5.0, 5.0, 4.0, 5.0, 5.0, 5.0, 5.0, 5.0, 5.0, 5.0, 5.0, 5.0, 5.0, 5.0, 5.0, 5.0, 5.0, 5.0, 5.0, 5.0, 5.0, 5.0, 5.0, 5.0, 5.0, 5.0, 5.0, 5.0, 5.0, 4.0, 5.0, 5.0, 5.0, 5.0, 5.0, 5.0, 5.0, 5.0, 5.0, 5.0, 5.0, 5.0, 5.0, 5.0, 5.0, 5.0, 5.0, 5.0, 5.0, 5.0, 5.0, 5.0, 5.0, 5.0, 5.0, 5.0, 5.0, 5.0, 5.0, 4.0, 5.0, 5.0, 5.0, 5.0, 5.0, 5.0, 5.0, 5.0, 5.0, 5.0, 5.0, 5.0, 4.0, 5.0, 5.0, 5.0, 5.0, 5.0, 5.0, 5.0, 5.0, 5.0, 5.0, 4.0, 5.0, 5.0, 5.0, 5.0, 5.0, 4.0, 4.0, 5.0, 5.0, 5.0, 5.0, 5.0, 5.0, 5.0, 5.0, 4.0, 5.0, 5.0, 5.0, 5.0, 5.0, 5.0, 5.0, 4.0, 5.0, 5.0, 5.0, 5.0, 5.0, 5.0, 5.0, 5.0, 5.0, 5.0, 5.0, 5.0, 5.0, 5.0, 5.0, 5.0, 5.0, 5.0, 5.0, 5.0, 5.0, 5.0, 5.0, 5.0, 5.0, 4.0, 5.0, 5.0, 5.0, 5.0, 5.0, 5.0, 5.0, 5.0, 5.0, 5.0, 5.0, 5.0, 5.0, 5.0]",932
1487,"[191, 17, 4, 112, 319, 3, 0, 43, 9, 301, 7, 29, 15, 3, 23, 0, 221, 0, 0, 7, 112, 48, 1, 139, 4, 0, 48, 49, 168, 10, 0, 2, 1, 217, 1, 40, 96, 63, 204, 0, 3, 24, 286, 286, 12, 11, 78, 27, 0, 35, 10, 22, 0, 107, 37, 205, 16, 125]","[176920, 1691, 168561, 74718, 80020, 159847, 89947, 170119, 42328, 65227, 74797, 23346, 130768, 71683, 127741, 86859, 122435, 34131, 111352, 160498, 105678, 25603, 168750, 98046, 161816, 41882, 41770, 122595, 149016, 140447, 116716, 104853, 166737, 96114, 48551, 119815, 42566, 134254, 31991, 98923, 169283, 168455, 143892, 5796, 9315, 135781, 25848, 135153, 5814, 131663, 97450, 105816, 14319, 149415, 46727, 3905, 117899, 144515, 99513, 147950, 133315, 40539, 13514, 54690, 78507, 66593, 133197, 10792, 59104, 77500, 54333, 161032, 29746, 104590, 122919, 138935, 53593, 74349, 76935, 150129, 117115, 145464, 156691, 144875, 14508, 44203, 53081, 110427, 147642, 1158, 114072, 65260, 106316, 127227, 45610, 158806, 97669, 11335, 122197, 48927, 171050, 36155, 59089, 99938, 166761, 143762, 117369, 171787, 158427, 144770, 5093, 116769, 132314, 10452, 39099, 3003, 64621, 143195, 71202, 109996, 23514, 114395, 152966, 161768, 24734, 66933, 68094, 96470, 151308, 94586, 33148, 70217, 119732, 166681, 24570, 91504, 8590, 147707, 21621, 43918, 117921, 146453, 108039, 143550, 56486, 14299, 21067, 61969, 41626, 108950, 26640, 88694, 35699, 137964, 93365, 1810, 161086, 105112, 42367, 37714, 133878, 148855, 76373, 18977, 66344, 102939, 176259, 59374, 90144, 4466, 74287, 154792, 135708, 75864, 30439, 96436, 124436, 61342, 89547, 160952, 163142, 110850, 165356, 56505, 96827, 97279, 134491, 21180, 147564, 153064, 115315, 146325, 150742, 73289, 152160, 176226, 163665, 80934, 4039, 68663, 122147, 94726, 124989, 163954, 79836, 143605, 44669, 64230, 54718, 37597, 32827, 22589, 17411, 123148, 123174, 4162, 175994, 47680, 145029, 107536, 26923, 6719, 67771, 171150, 172215, 70436, 16368, 143331, 123475, 95699, 98577, 155611, 25881, 32355, 66032, 165001, 127160, 137725, 16219, 120352, 150394, 177716, 111968, 47013, 34326, 134561, 24371, 166124, 114804, 116553, 145260, 55807, 127172, 156730, 147374, 157645, 47513, 147180, 55598, 171019, 60036, 78103, 160292, 93506, 165956, 151527, 24035, 143385, 169897, 5884, 104255, 160720, 136240, 19442, 93869, 133460, 51464, 14242, 89380, 84689, 171311, 99655, 54746, 160448, 135409, 45847, 48720, 149267, 134584, 60598, 1940, 74384, 171301, 22452, 6877, 28098, 165347, 103485, 58041, 65482, 138399, 79716, 43357, 131275, 165996, 169784, 133743, 18850, 165334, 119313, 2773, 34823, 35872, 166467, 24869, 79639, 133192, 75039, 79784, 136537, 104677, 162065, 90060, 118814, 176851, 67724, 166328, 140363, 141668, 37186, 45050, 159899, 126832, 20105, 96234, 65076, 80353, 167141, 74837, 76369, 71885, 89864, 74854, 33401, 21103, 43276, 113452, 1603, 55346, 128219, 163869, 171522, 162145, 116728, 152677, 73371, 159235, 36590, 118499, 44408, 141723, 49545, 170430, 38297, 52806, 113193, 167740, 129997, 3022, 117993, 81008, 131927, 159118, 72169, 161480, 67799, 21450, 137516, 109703, 153770, 169018, 131441, 55007, 60035, 172547, 56027, 91754, 82520, 163057, 118256, 31569, 39124, 36406, 60075, 1993, 105228, 104543, 112633, 62993, 97784, 160693, 154380, 159434, 171995, 29744, 153988, 16423, 80357, 63690, 76403, 168759, 37720, 65380, 57191, 49263, 96220, 143808, 130848, 155867, 35380, 73721, 117164, 19087, 78321, 46230, 77508, 160004, 44912, 126120, 38699, 96781, 174908, 167683, 169811, 107214, 12804, 80592, 19923, 102679, 51557, 145084, 130780, 34275, 6237, 116612, 22218, 68105, 93776, 138244, 91020, 121399, 155110, 175206, 76662, 1829, 44927, 113847, 19183, 18169, 20052, 166977, 79008, 43742, 97648, 19162, 144542, 80535, 35342, 104546, 9922, 26652, 141792, 3225, 94985, 22541, 86852, 38343, 66326, 5004, 139298, 69531, 151937, 147896, 92333, 141030, 112290, 52039, 115391, 95470, 68087, 26342, 166981, 99394, 79338, 130543, 130317, 177175, 142767, 47074, 69282, 158913, 159956, 165924, 4787, 41668, 153131, 51055, 33375, 65476, 122131, 155652, 151951, 43489, 19556, 177513, 16178, 152076, 121891, 67184, 90131, 102828, 52518, 158289, 69999, 52440, 57906, 94413, 8941, 41215, 30730, 171968, 105860, 19720, 169773, 15357, 138985, 31612, 175838, 117285, 130503, 41827, 136996, 13663, 55949, 172871, 150744, 8528, 10109, 50953, 83400, 77927, 28818, 81681, 152603, 163349, 117079, 21989, 42498, 75817, 6391, 134739, 147977, 135180, 35200, 31711, 25023, 155377, 138873, 72968, 96028, 106339, 50761, 31848, 87949, 118963, 91303, 66546, 828, 91944, 40845, 102061, 20837, 68852, 4714, 144915, 52975, 63636, 158480, 136244, 84796, 145589, 5533, 36746, 153578, 99259, 35241, 165320, 172530, 140052, 164968, 16175, 120970, 21385, 173350, 101501, 152904, 47652, 6061, 61643, 52351, 74111, 173978, 127335, 65950, 63572, 31445, 132104, 570, 20755, 166925, 70060, 150885, 38620, 137166, 83272, 95744, 133622, 116177, 72427, 175524, 118881, 105811, 2848, 1005, 32440, 52986, 156407, 39545, 11574, 18031, 5082, 136921, 92461, 9238, 1364, 138981, 113405, 44380, 130538, 114399, 112096, 177715, 74778, 28467, 6517, 61602, 65211, 103431, 13160, 73011, 59907, 116579, 71288, 43107, 98688, 148245, 102799, 116233, 45443, 107189, 123619, 124915, 18583, 103865, 174959, 53581, 150403, 162629, 20313, 74369, 119140, 134051, 166780, 153708, 9068, 49417, 86005, 46468, 123610, 131846, 31607, 57021, 11164, 44354, 168292, 160518, 125820, 135434, 128649, 70364, 55328, 101765, 101460, 167844, 13257, 153437, 37306, 134029, 17259, 13931, 88562, 27999, 23893, 174210, 141311, 79534, 172139, 109105, 19920, 69883, 4147, 54149, 11762, 145822, 108143, 147761, 40772, 155789, 143334, 33802, 125783, 58760, 75048, 106325, 54035, 18936, 70385, 22960, 159300, 126193, 97536, 122490, 155559, 170997, 149191, 5978, 105081, 84855, 135721, 94704, 158587, 138745, 152990, 133469, 142718, 69210, 11823, 62474, 171933, 116180, 38745, 114496, 159125, 109181, 88501, 111701, 8187, 100224, 173284, 13497, 136119, 99803, 68684, 60267, 108041, 67941, 77661, 48559, 147115, 160462, 125871, 155921, 154101, 36511, 167312, 19859, 26891, 29847, 26208, 43852, 110589, 123550, 89385, 172162, 36500, 38146, 137465, 120446, 67608, 168748, 154449, 92588, 174331, 163207, 175701, 138526, 4194, 2423, 149032, 155292, 71140, 175485, 111258, 71289, 34014, 171341, 128462, 139398, 91740, 12005, 130002, 175566, 56216, 82239, 80457, 51867, 61751, 14678, 111246, 115609, 139682, 160180, 16572, 71767, 129402, 101958, 47868, 42952, 161744, 83342, 58762, 165986, 141257, 136161, 172619, 136333, 5478, 10992, 48542, 95597, 39531, 21576, 31922, 31967, 66714, 146065, 7211, 62837, 141497, 37994, 125280, 144645, 113290, 37711, 142553, 81204, 89500, 60596, 138681, 40883, 40720, 25767, 108000, 109068, 125527, 155019, 131273, 113525, 85201, 108710, 33245, 1094, 151217, 11989, 156023, 9959, 136505, 98967, 34931, 86095, 1562, 49406, 150564, 25997, 80912, 3576, 175389, 10165, 87815, 66820, 163793, 154464, 31199, 170544, 113340, 94099, 22599, 142487, 70115, 5685, 137445, 121034, 28306, 44804, 85345, 49937, 29801, 57345, 46599, 59877, 50172, 175436, 26349, 109849, 127024, 45313, 143290, 27250, 7078, 16764, 133944, 94142, 79276, 129196, 133453, 139741, 134104, 28928, 105590, 26304, 84522, 123004, 75420, 164969, 78114, 138107, 147218, 2442, 160390, 34752, 81830, 153955, 178107, 55129, 125726, 153553, 156198, 58915, 37828, 35383, 116746, 12578, 115611, 17402, 72532, 45205, 174405, 18274, 85837, 17663, 63122, 81035, 43003, 60618, 164646, 169319, 11113, 140148, 71563, 129529, 173697, 36603, 159147, 129208, 905, 106029, 151275, 130074, 26278, 97588, 63592, 49217, 77345, 174725, 45150, 161261, 27442, 141894, 104051, 68964, 95478, 127253, 41241, 30348, 49618, 143125, 75232, 46451, 43832, 16304, 105589, 145141, 147872, 90969, 146632, 138682, 94091, 31394, 150944, 66121, 93523, 46359, 27682, 62857, 100219, 75651, 130683, 44246, 35893, 137795, 19979, 60481, 111124, 54631, 9303, 58274, 101540, 99831, 45518, 74902, 11375, 111648, 75835]",1043,"[5.0, 5.0, 5.0, 3.0, 5.0, 5.0, 5.0, 5.0, 5.0, 3.0, 5.0, 5.0, 5.0, 5.0, 5.0, 5.0, 4.0, 5.0, 5.0, 5.0, 3.0, 5.0, 5.0, 4.0, 3.0, 5.0, 5.0, 5.0, 5.0, 3.0, 4.0, 3.0, 5.0, 5.0, 3.0, 5.0, 5.0, 4.0, 4.0, 5.0, 4.0, 5.0, 5.0, 4.0, 4.0, 5.0, 5.0, 5.0, 5.0, 4.0, 4.0, 4.0, 4.0, 4.0, 4.0, 5.0, 5.0, 4.0, 4.0, 3.0, 5.0, 4.0, 4.0, 5.0, 5.0, 5.0, 5.0, 4.0, 4.0, 5.0, 5.0, 4.0, 5.0, 5.0, 5.0, 4.0, 4.0, 4.0, 5.0, 5.0, 4.0, 4.0, 4.0, 4.0, 4.0, 5.0, 5.0, 5.0, 5.0, 5.0, 4.0, 5.0, 0.0, 5.0, 4.0, 5.0, 4.0, 5.0, 4.0, 5.0, 5.0, 4.0, 5.0, 4.0, 5.0, 5.0, 5.0, 5.0, 5.0, 5.0, 5.0, 5.0, 4.0, 5.0, 5.0, 5.0, 5.0, 5.0, 5.0, 5.0, 5.0, 5.0, 5.0, 5.0, 4.0, 5.0, 4.0, 4.0, 5.0, 4.0, 5.0, 5.0, 5.0, 5.0, 4.0, 4.0, 5.0, 5.0, 5.0, 4.0, 5.0, 5.0, 4.0, 4.0, 5.0, 4.0, 5.0, 5.0, 5.0, 5.0, 5.0, 5.0, 5.0, 5.0, 4.0, 4.0, 5.0, 5.0, 4.0, 5.0, 4.0, 5.0, 4.0, 4.0, 5.0, 5.0, 4.0, 5.0, 4.0, 5.0, 5.0, 5.0, 5.0, 5.0, 5.0, 5.0, 4.0, 5.0, 5.0, 4.0, 5.0, 5.0, 4.0, 5.0, 4.0, 5.0, 5.0, 4.0, 5.0, 4.0, 4.0, 5.0, 5.0, 4.0, 5.0, 0.0, 3.0, 5.0, 4.0, 5.0, 4.0, 4.0, 4.0, 3.0, 5.0, 5.0, 5.0, 5.0, 5.0, 5.0, 5.0, 5.0, 4.0, 4.0, 5.0, 5.0, 4.0, 5.0, 4.0, 4.0, 4.0, 5.0, 5.0, 5.0, 5.0, 5.0, 4.0, 3.0, 5.0, 5.0, 4.0, 5.0, 5.0, 4.0, 5.0, 4.0, 4.0, 5.0, 4.0, 5.0, 5.0, 4.0, 5.0, 4.0, 4.0, 4.0, 5.0, 5.0, 5.0, 4.0, 5.0, 5.0, 5.0, 5.0, 5.0, 5.0, 4.0, 4.0, 4.0, 4.0, 5.0, 5.0, 5.0, 5.0, 5.0, 4.0, 4.0, 5.0, 4.0, 5.0, 5.0, 5.0, 4.0, 5.0, 5.0, 4.0, 5.0, 5.0, 5.0, 5.0, 4.0, 5.0, 4.0, 4.0, 5.0, 5.0, 5.0, 5.0, 4.0, 5.0, 5.0, 5.0, 5.0, 5.0, 5.0, 5.0, 4.0, 5.0, 5.0, 4.0, 3.0, 5.0, 5.0, 5.0, 5.0, 5.0, 4.0, 5.0, 5.0, 5.0, 5.0, 4.0, 5.0, 4.0, 4.0, 5.0, 4.0, 4.0, 5.0, 5.0, 4.0, 5.0, 5.0, 4.0, 4.0, 4.0, 4.0, 4.0, 5.0, 5.0, 5.0, 4.0, 5.0, 4.0, 5.0, 4.0, 4.0, 5.0, 4.0, 5.0, 5.0, 4.0, 4.0, 4.0, 5.0, 5.0, 5.0, 5.0, 5.0, 5.0, 5.0, 5.0, 5.0, 4.0, 5.0, 4.0, 4.0, 5.0, 0.0, 5.0, 4.0, 5.0, 5.0, 5.0, 5.0, 5.0, 5.0, 5.0, 4.0, 4.0, 5.0, 5.0, 4.0, 5.0, 5.0, 5.0, 5.0, 5.0, 5.0, 5.0, 4.0, 4.0, 5.0, 5.0, 5.0, 5.0, 5.0, 5.0, 0.0, 5.0, 5.0, 5.0, 5.0, 5.0, 5.0, 4.0, 5.0, 5.0, 5.0, 5.0, 5.0, 5.0, 4.0, 5.0, 5.0, 5.0, 5.0, 4.0, 4.0, 5.0, 5.0, 5.0, 4.0, 5.0, 5.0, 5.0, 4.0, 5.0, 5.0, 5.0, 4.0, 4.0, 5.0, 5.0, 4.0, 0.0, 5.0, 0.0, 0.0, 5.0, 5.0, 5.0, 5.0, 5.0, 5.0, 4.0, 5.0, 4.0, 4.0, 5.0, 5.0, 5.0, 5.0, 4.0, 5.0, 4.0, 4.0, 4.0, 5.0, 5.0, 5.0, 4.0, 5.0, 5.0, 5.0, 5.0, 4.0, 4.0, 4.0, 4.0, 4.0, 4.0, 5.0, 5.0, 4.0, 5.0, 4.0, 4.0, 4.0, 5.0, 5.0, 4.0, 4.0, 5.0, 3.0, 4.0, 5.0, 4.0, 5.0, 0.0, 4.0, 5.0, 4.0, 4.0, 5.0, 4.0, 5.0, 5.0, 5.0, 5.0, 4.0, 5.0, 5.0, 5.0, 5.0, 5.0, 4.0, 5.0, 5.0, 5.0, 4.0, 5.0, 5.0, 5.0, 5.0, 5.0, 5.0, 5.0, 5.0, 5.0, 5.0, 5.0, 5.0, 5.0, 5.0, 4.0, 5.0, 5.0, 4.0, 5.0, 5.0, 5.0, 5.0, 5.0, 4.0, 5.0, 5.0, 5.0, 5.0, 5.0, 5.0, 5.0, 4.0, 4.0, 4.0, 5.0, 5.0, 5.0, 5.0, 5.0, 5.0, 5.0, 4.0, 4.0, 5.0, 5.0, 5.0, 5.0, 5.0, 5.0, 5.0, 5.0, 5.0, 5.0, 5.0, 5.0, 5.0, 4.0, 4.0, 4.0, 5.0, 5.0, 5.0, 5.0, 5.0, 5.0, 5.0, 5.0, 4.0, 0.0, 5.0, 5.0, 3.0, 5.0, 4.0, 5.0, 5.0, 5.0, 5.0, 5.0, 4.0, 5.0, 5.0, 5.0, 4.0, 5.0, 4.0, 4.0, 4.0, 4.0, 4.0, 3.0, 5.0, 4.0, 5.0, 4.0, 4.0, 5.0, 5.0, 4.0, 5.0, 5.0, 4.0, 4.0, 5.0, 5.0, 5.0, 5.0, 4.0, 5.0, 5.0, 4.0, 5.0, 5.0, 5.0, 5.0, 4.0, 4.0, 5.0, 4.0, 4.0, 3.0, 5.0, 4.0, 5.0, 4.0, 5.0, 4.0, 4.0, 4.0, 4.0, 3.0, 5.0, 5.0, 4.0, 4.0, 5.0, 5.0, 4.0, 4.0, 5.0, 4.0, 5.0, 5.0, 5.0, 5.0, 5.0, 5.0, 4.0, 5.0, 5.0, 5.0, 5.0, 5.0, 5.0, 4.0, 5.0, 5.0, 5.0, 5.0, 5.0, 4.0, 4.0, 5.0, 5.0, 5.0, 5.0, 5.0, 4.0, 4.0, 4.0, 4.0, 4.0, 5.0, 5.0, 5.0, 5.0, 5.0, 5.0, 4.0, 4.0, 4.0, 5.0, 4.0, 4.0, 4.0, 5.0, 5.0, 5.0, 5.0, 5.0, 5.0, 5.0, 5.0, 4.0, 0.0, 4.0, 5.0, 5.0, 5.0, 5.0, 5.0, 4.0, 5.0, 5.0, 5.0, 4.0, 5.0, 5.0, 5.0, 5.0, 5.0, 5.0, 5.0, 5.0, 4.0, 4.0, 5.0, 4.0, 5.0, 5.0, 4.0, 5.0, 5.0, 4.0, 4.0, 5.0, 5.0, 4.0, 4.0, 4.0, 5.0, 5.0, 5.0, 4.0, 5.0, 4.0, 5.0, 4.0, 5.0, 3.0, 5.0, 5.0, 4.0, 4.0, 5.0, 5.0, 5.0, 5.0, 4.0, 5.0, 5.0, 5.0, 5.0, 5.0, 5.0, 5.0, 5.0, 5.0, 5.0, 5.0, 5.0, 5.0, 5.0, 5.0, 5.0, 4.0, 5.0, 4.0, 5.0, 5.0, 4.0, 5.0, 4.0, 4.0, 5.0, 4.0, 4.0, 5.0, 4.0, 5.0, 4.0, 3.0, 4.0, 5.0, 5.0, 5.0, 4.0, 5.0, 5.0, 5.0, 4.0, 5.0, 4.0, 5.0, 5.0, 4.0, 5.0, 5.0, 5.0, 5.0, 5.0, 5.0, 5.0, 5.0, 4.0, 5.0, 5.0, 5.0, 5.0, 5.0, 5.0, 4.0, 5.0, 5.0, 5.0, 4.0, 5.0, 5.0, 4.0, 5.0, 5.0, 5.0, 5.0, 5.0, 5.0, 5.0, 4.0, 4.0, 5.0, 5.0, 5.0, 5.0, 5.0, 4.0, 5.0, 4.0, 5.0, 5.0, 5.0, 5.0, 5.0, 5.0, 5.0, 4.0, 3.0, 4.0, 5.0, 4.0, 5.0, 5.0, 5.0, 5.0, 4.0, 5.0, 5.0, 5.0, 5.0, 5.0, 4.0, 5.0, 5.0, 5.0, 5.0, 5.0, 5.0, 5.0, 4.0, 5.0, 4.0, 5.0, 5.0, 5.0, 5.0, 5.0, 5.0, 4.0, 5.0, 5.0, 5.0, 4.0, 4.0, 5.0, 5.0, 5.0, 5.0, 4.0, 4.0, 4.0, 5.0, 5.0, 4.0, 5.0, 5.0, 4.0, 5.0, 4.0, 4.0, 5.0, 4.0, 5.0, 5.0, 5.0, 5.0, 5.0, 4.0, 3.0, 5.0, 5.0, 5.0, 5.0, 5.0, 5.0, 5.0, 5.0, 5.0, 5.0, 5.0, 5.0, 5.0, 4.0, 5.0, 5.0, 4.0, 5.0, 5.0, 5.0, 5.0, 4.0, 5.0, 5.0, 5.0, 5.0, 4.0, 5.0, 4.0, 5.0, 5.0, 5.0, 5.0, 5.0, 4.0, 5.0, 3.0, 5.0, 5.0, 5.0, 5.0, 4.0, 5.0, 5.0, 5.0, 5.0, 5.0, 4.0, 5.0, 5.0, 5.0, 5.0, 5.0, 5.0, 4.0, 4.0, 5.0, 5.0, 4.0, 4.0, 4.0, 5.0, 4.0, 5.0, 5.0, 5.0, 5.0, 5.0, 5.0, 5.0, 5.0, 4.0, 5.0, 5.0, 5.0, 4.0, 4.0, 5.0, 5.0, 4.0, 5.0, 4.0, 5.0, 5.0, 4.0, 3.0, 4.0, 5.0, 5.0, 4.0, 5.0, 5.0, 0.0, 4.0, 4.0, 4.0, 5.0, 5.0, 5.0, 4.0, 5.0, 5.0, 4.0, 4.0, 3.0, 4.0, 5.0, 3.0, 5.0, 5.0, 5.0, 5.0, 4.0, 5.0, 5.0, 5.0, 4.0, 5.0, 4.0, 3.0, 5.0, 5.0, 3.0, 2.0, 5.0, 4.0, 5.0, 4.0, 3.0, 5.0, 3.0, 4.0, 4.0, 5.0, 5.0, 4.0]",1043
6853,"[10, 0, 0, 5, 4, 0, 0, 2, 0, 8, 0, 0, 0, 0, 1, 0, 1, 0, 0, 2, 0, 0, 0, 3, 1, 0, 5, 0, 4, 1, 0, 0, 0, 6, 0, 0, 3, 2, 0, 0, 1, 0, 1, 1, 0, 0, 1, 1, 0, 0, 0, 1, 0, 0, 1, 0, 0, 0]","[51184, 175630, 61844, 128186, 71333, 162995, 128369, 13565, 158829, 3793, 70951, 163824, 36219, 100423, 79457, 143710, 99199, 21050, 126060, 22426, 10481, 62471, 88276, 56544]",24,"[5.0, 4.0, 5.0, 5.0, 5.0, 5.0, 5.0, 5.0, 5.0, 5.0, 5.0, 5.0, 5.0, 5.0, 5.0, 4.0, 3.0, 4.0, 5.0, 5.0, 5.0, 5.0, 5.0, 5.0]",24
14324,"[4, 0, 0, 2, 2, 0, 0, 0, 1, 8, 1, 0, 0, 0, 0, 0, 1, 0, 0, 0, 5, 1, 1, 3, 0, 0, 1, 1, 3, 1, 0, 1, 0, 5, 0, 0, 4, 1, 1, 0, 0, 0, 3, 5, 0, 1, 1, 1, 0, 0, 0, 0, 0, 2, 0, 1, 2, 2]","[174552, 146951, 67106, 37752, 119071, 86420, 113757, 13906, 147374, 159297, 53200, 171182, 110718, 35164, 53194, 176716, 25176, 89007, 176302, 173261, 102888, 173270, 136690]",23,"[5.0, 5.0, 5.0, 5.0, 5.0, 5.0, 5.0, 5.0, 5.0, 5.0, 0.0, 0.0, 5.0, 5.0, 5.0, 5.0, 5.0, 5.0, 5.0, 5.0, 5.0, 5.0, 5.0]",23
12243,"[4, 0, 0, 0, 2, 0, 0, 0, 0, 1, 1, 0, 0, 0, 0, 0, 0, 0, 0, 0, 0, 0, 0, 0, 0, 0, 0, 0, 1, 0, 0, 0, 0, 5, 0, 0, 1, 0, 0, 0, 0, 0, 0, 0, 0, 0, 0, 0, 0, 0, 0, 0, 0, 0, 0, 0, 1, 1]","[16895, 83526, 109282, 15452, 133544, 44273]",6,"[5.0, 5.0, 4.0, 4.0, 5.0, 5.0]",6
7496,"[4, 0, 0, 3, 3, 0, 0, 0, 0, 4, 0, 2, 1, 0, 1, 0, 1, 0, 0, 0, 2, 2, 0, 1, 0, 0, 2, 0, 1, 1, 0, 0, 0, 6, 0, 2, 4, 2, 5, 0, 0, 0, 5, 3, 0, 1, 1, 0, 0, 0, 0, 0, 0, 0, 0, 1, 0, 0]","[8026, 117113, 137561, 83929, 169207, 118444, 46311, 4312, 101908, 125346, 137840, 9405, 103711, 30838, 87867, 173296, 147977, 81017]",18,"[5.0, 5.0, 5.0, 5.0, 5.0, 5.0, 5.0, 5.0, 5.0, 5.0, 5.0, 5.0, 5.0, 5.0, 5.0, 5.0, 5.0, 5.0]",18
15170,"[2, 1, 0, 2, 6, 0, 0, 2, 0, 2, 1, 2, 0, 0, 1, 0, 6, 0, 0, 0, 3, 0, 1, 1, 0, 0, 0, 0, 1, 1, 0, 0, 0, 6, 0, 2, 2, 1, 3, 0, 1, 0, 7, 4, 0, 1, 3, 0, 0, 0, 0, 1, 0, 1, 1, 0, 0, 1]","[50626, 144331, 71866, 24648, 97760, 118633, 37935, 29700, 15309, 26658, 132163, 83808, 174061, 95966, 98001, 132551]",16,"[4.0, 5.0, 5.0, 5.0, 5.0, 5.0, 5.0, 5.0, 5.0, 5.0, 5.0, 5.0, 5.0, 0.0, 0.0, 5.0]",16
6039,"[27, 1, 0, 16, 16, 0, 0, 2, 0, 31, 1, 1, 0, 0, 2, 0, 12, 0, 0, 3, 6, 1, 0, 8, 1, 0, 2, 2, 18, 2, 0, 1, 0, 24, 0, 0, 13, 4, 10, 0, 0, 2, 9, 16, 1, 1, 6, 1, 0, 3, 1, 3, 0, 7, 1, 12, 5, 8]","[132083, 74667, 127869, 158362, 72253, 65724, 71567, 147374, 78261, 13568, 66392, 125404, 92347, 42627, 73100, 87424, 103416, 37874, 119700, 104816, 69854, 75025, 75383, 23489, 101577, 45723, 19297, 144114, 62373, 81350, 76094, 170508, 133958, 5743, 110965, 157653, 103915, 3128, 136037, 91804, 45671, 111808, 73095, 74968, 83018, 111160, 79731, 128633, 137099, 56494, 137857, 128192, 92055, 21109, 152036, 33384, 39913, 22928, 74570, 84381, 147561, 8555, 36484, 72469, 65163, 158253, 121453, 134473, 108080, 126272, 23168, 59076, 134723, 99787, 60661, 119892, 77358, 173722, 23053, 117899, 83438, 139751]",82,"[5.0, 5.0, 5.0, 5.0, 5.0, 5.0, 4.0, 5.0, 4.0, 5.0, 5.0, 4.0, 4.0, 5.0, 5.0, 5.0, 5.0, 5.0, 5.0, 5.0, 5.0, 5.0, 5.0, 5.0, 5.0, 5.0, 5.0, 5.0, 5.0, 4.0, 5.0, 5.0, 5.0, 5.0, 5.0, 5.0, 5.0, 5.0, 5.0, 5.0, 4.0, 5.0, 5.0, 5.0, 4.0, 5.0, 5.0, 5.0, 4.0, 5.0, 5.0, 5.0, 5.0, 5.0, 4.0, 5.0, 5.0, 5.0, 5.0, 4.0, 5.0, 4.0, 5.0, 5.0, 4.0, 0.0, 4.0, 5.0, 5.0, 5.0, 5.0, 5.0, 5.0, 5.0, 5.0, 5.0, 5.0, 5.0, 4.0, 5.0, 0.0, 5.0]",82
7242,"[3, 0, 0, 6, 4, 0, 0, 1, 0, 3, 0, 0, 0, 0, 0, 0, 5, 0, 0, 1, 1, 0, 1, 2, 0, 0, 2, 0, 4, 0, 0, 0, 0, 5, 0, 0, 0, 1, 1, 0, 0, 0, 2, 2, 0, 0, 1, 0, 0, 1, 0, 0, 0, 0, 0, 3, 0, 2]","[68599, 41770, 162629, 90568, 118169, 4091, 21618, 108522, 145984, 167843, 37229, 1984, 73809, 11940]",14,"[5.0, 5.0, 5.0, 3.0, 5.0, 2.0, 4.0, 4.0, 5.0, 5.0, 4.0, 5.0, 3.0, 5.0]",14
443,"[22, 0, 0, 9, 14, 0, 0, 0, 0, 19, 2, 1, 0, 0, 0, 0, 5, 0, 0, 4, 4, 2, 0, 0, 1, 0, 0, 1, 14, 3, 0, 0, 0, 16, 0, 0, 5, 2, 0, 0, 0, 0, 6, 5, 0, 0, 9, 0, 0, 0, 1, 0, 0, 5, 3, 3, 1, 4]","[70465, 165648, 8754, 136979, 58931, 55772, 90226, 99653, 118371, 160470, 25137, 15173, 125177, 50899, 130118, 99787, 147344, 147374, 19770, 9364, 49476, 116572, 79316, 83725, 21660, 79753, 99945, 70810, 41885, 46940, 80078, 156, 139025, 43764, 157491, 81126, 141694, 23680, 140922, 17936, 53147, 124045, 54375, 149234, 126313, 100269, 6613, 55237, 57361, 152100]",50,"[4.0, 5.0, 5.0, 5.0, 4.0, 5.0, 0.0, 5.0, 3.0, 5.0, 5.0, 2.0, 4.0, 5.0, 4.0, 4.0, 5.0, 4.0, 5.0, 4.0, 5.0, 4.0, 5.0, 3.0, 0.0, 3.0, 0.0, 4.0, 4.0, 5.0, 5.0, 5.0, 4.0, 4.0, 2.0, 5.0, 5.0, 0.0, 3.0, 0.0, 4.0, 3.0, 5.0, 3.0, 4.0, 5.0, 4.0, 5.0, 5.0, 5.0]",50
21455,"[4, 0, 0, 3, 0, 0, 0, 0, 0, 0, 0, 0, 0, 0, 0, 0, 1, 0, 0, 0, 1, 1, 0, 0, 0, 0, 0, 0, 1, 1, 0, 0, 0, 1, 0, 0, 0, 0, 0, 0, 0, 0, 0, 1, 0, 0, 1, 0, 0, 0, 0, 0, 0, 0, 0, 0, 0, 0]","[66789, 96723, 99939, 129367, 159714, 43562, 78015]",7,"[5.0, 5.0, 0.0, 5.0, 5.0, 4.0, 0.0]",7
19436,"[7, 0, 0, 0, 2, 0, 0, 0, 0, 5, 0, 0, 0, 0, 0, 0, 1, 0, 0, 0, 1, 1, 0, 0, 3, 0, 0, 0, 1, 1, 0, 0, 0, 3, 0, 0, 0, 0, 1, 0, 0, 0, 3, 0, 0, 0, 3, 0, 0, 0, 0, 0, 0, 1, 0, 0, 0, 1]","[113937, 29638, 30862, 90709, 157037, 51373, 121526, 155005, 176815, 74259]",10,"[5.0, 5.0, 4.0, 4.0, 3.0, 5.0, 5.0, 3.0, 4.0, 3.0]",10
3563,"[20, 0, 0, 5, 1, 0, 0, 0, 0, 14, 0, 0, 0, 0, 0, 0, 2, 0, 0, 0, 0, 0, 0, 0, 2, 0, 0, 2, 6, 0, 0, 0, 0, 6, 0, 0, 1, 0, 1, 0, 0, 0, 0, 2, 0, 0, 3, 0, 0, 0, 0, 0, 0, 1, 0, 0, 0, 2]","[20691, 135961, 1467, 139202, 106472, 152259, 24743, 34410, 2958, 20937, 110975, 84381, 42453, 34455, 26503, 145292, 57201, 80153, 12350, 37727, 154372, 110195]",22,"[5.0, 5.0, 5.0, 5.0, 4.0, 5.0, 5.0, 5.0, 5.0, 4.0, 5.0, 4.0, 4.0, 4.0, 5.0, 4.0, 4.0, 3.0, 4.0, 4.0, 4.0, 4.0]",22
8810,"[5, 0, 0, 1, 2, 0, 0, 0, 1, 2, 0, 0, 0, 0, 0, 0, 2, 0, 0, 0, 2, 0, 0, 0, 2, 0, 0, 0, 2, 0, 0, 0, 0, 3, 0, 0, 1, 1, 3, 0, 0, 0, 3, 1, 0, 0, 2, 0, 0, 0, 0, 0, 0, 0, 0, 0, 0, 0]","[92106, 59949, 13164, 49181, 22159, 85490, 5589, 91249, 69954, 163428]",10,"[5.0, 5.0, 5.0, 5.0, 5.0, 5.0, 5.0, 5.0, 5.0, 5.0]",10
5347,"[8, 0, 0, 2, 4, 0, 0, 1, 0, 6, 1, 0, 1, 0, 0, 0, 5, 0, 0, 1, 1, 0, 0, 1, 0, 0, 0, 1, 4, 0, 0, 0, 0, 8, 0, 0, 1, 0, 5, 0, 0, 0, 3, 3, 0, 0, 1, 0, 0, 0, 0, 0, 0, 0, 0, 2, 0, 1]","[76461, 143777, 96773, 137385, 106846, 123786, 87802, 145579, 176368, 136263, 41978, 104559, 99513, 153314, 59729, 169565, 2548, 173807]",18,"[5.0, 5.0, 5.0, 5.0, 5.0, 5.0, 5.0, 5.0, 5.0, 5.0, 5.0, 5.0, 5.0, 5.0, 5.0, 5.0, 5.0, 5.0]",18
8113,"[3, 1, 0, 0, 0, 0, 0, 2, 0, 2, 3, 0, 0, 0, 0, 0, 1, 0, 0, 0, 0, 0, 0, 2, 0, 0, 2, 0, 0, 0, 0, 0, 0, 4, 0, 0, 3, 2, 1, 0, 0, 1, 1, 0, 0, 0, 1, 0, 0, 0, 0, 1, 0, 1, 1, 1, 0, 1]","[4904, 51196, 48999, 27749, 6569, 122140, 120570, 99632, 147374, 28552, 84870, 74092]",12,"[5.0, 4.0, 5.0, 4.0, 0.0, 5.0, 5.0, 5.0, 5.0, 3.0, 2.0, 1.0]",12
283,"[73, 0, 0, 10, 25, 0, 0, 3, 0, 44, 13, 5, 0, 0, 3, 0, 30, 1, 0, 4, 6, 4, 0, 6, 1, 0, 10, 11, 31, 4, 0, 1, 0, 49, 0, 1, 23, 8, 14, 0, 0, 5, 12, 26, 4, 0, 17, 0, 0, 3, 1, 1, 0, 9, 0, 11, 13, 8]","[152618, 141430, 167753, 66044, 77519, 163840, 76376, 153556, 15404, 79811, 104128, 14150, 87565, 168743, 63796, 131254, 41854, 43748, 100946, 140179, 158271, 128791, 20160, 93128, 73358, 122995, 145389, 109391, 73823, 102776, 108962, 103497, 37948, 55559, 25246, 60829, 31300, 165439, 41919, 135064, 87162, 33864, 8736, 15059, 51685, 21781, 167552, 12694, 94258, 142627, 66298, 133557, 139667, 36398, 104191, 3732, 133107, 2427, 121168, 174377, 156978, 55771, 11610, 19892, 40065, 13365, 89711, 6109, 13211, 57069, 157550, 124588, 37400, 10970, 147694, 26592, 21151, 161310, 120567, 108013, 79310, 49246, 98233, 25773, 147583, 104813, 34407, 156030, 11159, 36706, 80096, 119343, 125805, 118470, 21521, 54984, 32780, 135945, 174036, 167584, 103415, 176751, 96461, 141542, 141220, 135406, 109352, 16266, 84544, 161655, 73631, 1458, 163312, 67137, 72554, 32886, 75188, 45833, 85633, 59106, 56077, 134610, 25102, 61823, 162352, 112, 135322, 19912, 128984, 23257, 111958, 42391, 111035, 55239, 13367, 158648, 89113, 95275, 138511, 135450, 117402, 165140, 10184]",143,"[5.0, 5.0, 5.0, 5.0, 5.0, 5.0, 5.0, 5.0, 5.0, 5.0, 5.0, 5.0, 5.0, 5.0, 5.0, 5.0, 5.0, 5.0, 5.0, 5.0, 5.0, 5.0, 0.0, 5.0, 3.0, 5.0, 5.0, 5.0, 5.0, 5.0, 5.0, 4.0, 5.0, 5.0, 5.0, 5.0, 4.0, 5.0, 5.0, 5.0, 5.0, 5.0, 5.0, 5.0, 5.0, 5.0, 5.0, 5.0, 5.0, 5.0, 5.0, 5.0, 5.0, 5.0, 5.0, 5.0, 5.0, 4.0, 5.0, 5.0, 5.0, 5.0, 5.0, 5.0, 4.0, 5.0, 5.0, 5.0, 4.0, 5.0, 5.0, 5.0, 5.0, 5.0, 4.0, 4.0, 5.0, 5.0, 5.0, 5.0, 5.0, 5.0, 5.0, 5.0, 5.0, 5.0, 5.0, 5.0, 3.0, 5.0, 5.0, 5.0, 5.0, 5.0, 5.0, 5.0, 5.0, 5.0, 5.0, 5.0, 5.0, 5.0, 5.0, 5.0, 5.0, 5.0, 5.0, 5.0, 5.0, 4.0, 5.0, 5.0, 5.0, 5.0, 5.0, 3.0, 5.0, 5.0, 5.0, 5.0, 5.0, 4.0, 5.0, 5.0, 5.0, 5.0, 5.0, 5.0, 5.0, 5.0, 5.0, 5.0, 5.0, 5.0, 5.0, 5.0, 5.0, 5.0, 5.0, 5.0, 5.0, 5.0, 5.0]",143
618,"[8, 0, 0, 2, 1, 0, 0, 0, 1, 6, 1, 0, 0, 0, 0, 0, 5, 0, 0, 0, 1, 0, 0, 0, 0, 0, 1, 0, 1, 0, 0, 1, 0, 6, 0, 0, 1, 1, 0, 0, 0, 0, 2, 1, 0, 0, 2, 0, 0, 0, 0, 0, 0, 0, 0, 2, 1, 3]","[216, 84944, 11908, 9195, 8793, 5574, 154284, 58018, 154999, 43057, 18771, 128535, 37228, 116344, 62820]",15,"[4.0, 5.0, 5.0, 2.0, 5.0, 4.0, 5.0, 5.0, 5.0, 5.0, 2.0, 5.0, 4.0, 5.0, 4.0]",15
2093,"[9, 1, 0, 9, 8, 0, 0, 1, 1, 10, 0, 2, 0, 0, 3, 0, 9, 0, 0, 1, 6, 0, 0, 2, 0, 0, 2, 1, 4, 1, 0, 2, 0, 11, 1, 1, 3, 3, 3, 0, 0, 1, 7, 6, 0, 2, 3, 1, 0, 0, 0, 0, 0, 5, 3, 4, 0, 1]","[51209, 77999, 61570, 131662, 68895, 149816, 53577, 42287, 66642, 52213, 79434, 23148, 42279, 39904, 51426, 19785, 127089, 164352, 137391, 102593, 59889, 18132, 36646, 135445, 116740, 91932, 66069, 54264, 24435, 79755, 62074, 153462, 74804, 29123, 68203, 93051, 7058, 87900, 138240, 775, 30824]",41,"[5.0, 5.0, 5.0, 5.0, 5.0, 5.0, 5.0, 5.0, 5.0, 5.0, 4.0, 5.0, 5.0, 5.0, 5.0, 5.0, 5.0, 5.0, 5.0, 4.0, 5.0, 5.0, 5.0, 5.0, 5.0, 5.0, 4.0, 4.0, 5.0, 4.0, 5.0, 5.0, 5.0, 5.0, 5.0, 4.0, 5.0, 5.0, 5.0, 5.0, 5.0]",41
1239,"[273, 10, 1, 87, 125, 0, 0, 14, 4, 224, 13, 14, 0, 3, 13, 0, 142, 0, 0, 14, 58, 17, 0, 24, 1, 0, 26, 28, 112, 24, 0, 5, 0, 152, 1, 7, 50, 7, 63, 0, 2, 12, 105, 128, 4, 3, 55, 7, 0, 4, 4, 5, 1, 51, 13, 54, 28, 25]","[1519, 157480, 4184, 81183, 91247, 66770, 138291, 57398, 96639, 118466, 133046, 116310, 45477, 95540, 34394, 69646, 74549, 71534, 75930, 162264, 67586, 74525, 76859, 104939, 40057, 167753, 12075, 81939, 8967, 124744, 110321, 101913, 98415, 113053, 43366, 99256, 140361, 43657, 108013, 160895, 28645, 92292, 154109, 92497, 38746, 127172, 85315, 84214, 171146, 172114, 38236, 109081, 4853, 42037, 4263, 78957, 143777, 175495, 136670, 163613, 50088, 28983, 73332, 10549, 49483, 129768, 73956, 73607, 85223, 155626, 143783, 154998, 120400, 129014, 104584, 38301, 78894, 146778, 41802, 19966, 137929, 107816, 49567, 154501, 34417, 16103, 77999, 94348, 118213, 135675, 112716, 142346, 148705, 122892, 130383, 161029, 169962, 9200, 24916, 3134, 17864, 121942, 86826, 140641, 28035, 85742, 46053, 79539, 35600, 63048, 111661, 120951, 131232, 157958, 2527, 80754, 39413, 153878, 125171, 111241, 158194, 131061, 62176, 104669, 26092, 7332, 165625, 61582, 19385, 87424, 2614, 72763, 58705, 81394, 106175, 9279, 31974, 99313, 125728, 90348, 24515, 93340, 144469, 39742, 111312, 23315, 164644, 56655, 53198, 99002, 124056, 84812, 168734, 56310, 122089, 148202, 82964, 86859, 171619, 76072, 74426, 51869, 145840, 10200, 108077, 177555, 66481, 107098, 64574, 21338, 24281, 128975, 65672, 46671, 92341, 143661, 59622, 158151, 51676, 94860, 46797, 67742, 65898, 159110, 8736, 5836, 90951, 154248, 65089, 74647, 166569, 96833, 90000, 129109, 82604, 120553, 5256, 89034, 125441, 139407, 91717, 113985, 108542, 5100, 86306, 157999, 73866, 129085, 86319, 68852, 33065, 140806, 126547, 176859, 39681, 10862, 80024, 10534, 49143, 107653, 122399, 79999, 44914, 147615, 29072, 109492, 18324, 165431, 169620, 112702, 14330, 162942, 155784, 132592, 64443, 21692, 72776, 106378, 91243, 113716, 143476, 122019, 65930, 81882, 47229, 29984, 139880, 130251, 58546, 118840, 102751, 91968, 24616, 87932, 128981, 78729, 97947, 4773, 148768, 15014, 174440, 93512, 170614, 21422, 4264, 97706, 175227, 123564, 29010, 135212, 97692, 119956, 149752, 151294, 135996, 126887, 109366, 71812, 135657, 117685, 129653, 170136, 119728, 98544, 93262, 113856, 114549, 58212, 84120, 43116, 55132, 147981, 32933, 170699, 42824, 118540, 20782, 59922, 28753, 105137, 135317, 120408, 64245, 28701, 150166, 141707, 129194, 28501, 88849, 144644, 22352, 39525, 83524, 23615, 132618, 125448, 102606, 78994, 136801, 98408, 73483, 41159, 118045, 44699, 152112, 157767, 29559, 102131, 137995, 79425, 125026, 21617, 31688, 54309, 128185, 8274, 20103, 95536, 4817, 30662, 140638, 156516, 159425, 111894, 14157, 106151, 30651, 57044, 134081, 8144, 171888, 53173, 177647, 3826, 87057, 49882, 142758, 91060, 123659, 150302, 117568, 59812, 19942, 130507, 8981, 49707, 108182, 110978, 80220, 142757, 176298, 165808, 143668, 11810, 101550, 85310, 86039, 72001, 106957, 15173, 42537, 109949, 129505, 18142, 170538, 175378, 81517, 53238, 45640, 58091, 36104, 1975, 77141, 116984, 8562, 153452, 11865, 80264, 100213, 128087, 14468, 135882, 98545, 1964, 7101, 73810, 77159, 62117, 33671, 19834, 57863, 97107, 127106, 45319, 16149, 8859, 32000, 9018, 149252, 167974, 94991, 30380, 8387, 130302, 67430, 46652, 146980, 110085, 149716, 97811, 37902, 158336, 75857, 16565, 68681, 84233, 154296, 137480, 17187, 94582, 55879, 64689, 71488, 116677, 99938, 99811, 152913, 56226, 49803, 15103, 80917, 21172, 3978, 3201, 54364, 119198, 70931, 13611, 157974, 46200, 10203, 63052, 124284, 48607, 84374, 29803, 92997, 154511, 101505, 68336, 125434, 21744, 145318, 62900, 72736, 9824, 23115, 117275, 92422, 29176, 37265, 101864, 158484, 453, 30853, 37186, 20443, 60208, 32614, 39736, 170801, 173900, 50766, 61427, 121803, 85766, 53285, 153461, 139694, 92880, 157300, 167368, 65966, 6768, 172166, 82406, 55723, 162886, 96094, 3630, 166060, 49570, 31512, 158550, 50132, 28892, 96251, 92747, 35220, 57030, 17719, 101088, 170248, 113987, 2779, 79270, 136141, 118064, 80566, 12424, 141645, 102982, 159326, 75954, 79664, 84561, 116194, 75192, 92170, 12471, 75834, 45698, 2483, 97660, 3907, 76530, 17224, 81043, 142190, 171400, 132361, 10290, 52517, 8862, 99184, 18032, 130973, 126578, 168543, 112482, 144384, 135609, 167355, 171865, 153205, 166085, 103651, 143701, 103175, 65233, 135761, 152004, 176333, 139824, 159088, 127960, 173929, 71461, 147180, 137004, 37658, 172326, 17208, 154232, 155127, 170965, 35369, 136954, 76159, 54978]",590,"[4.0, 5.0, 5.0, 4.0, 5.0, 4.0, 5.0, 4.0, 4.0, 5.0, 5.0, 5.0, 5.0, 5.0, 5.0, 5.0, 4.0, 4.0, 5.0, 4.0, 5.0, 4.0, 5.0, 4.0, 4.0, 5.0, 5.0, 4.0, 0.0, 5.0, 4.0, 4.0, 4.0, 4.0, 5.0, 5.0, 5.0, 5.0, 5.0, 5.0, 5.0, 5.0, 4.0, 5.0, 5.0, 5.0, 5.0, 5.0, 5.0, 5.0, 5.0, 3.0, 5.0, 5.0, 5.0, 5.0, 5.0, 5.0, 5.0, 5.0, 4.0, 4.0, 5.0, 5.0, 5.0, 5.0, 5.0, 5.0, 5.0, 5.0, 5.0, 5.0, 5.0, 5.0, 5.0, 5.0, 5.0, 5.0, 5.0, 5.0, 5.0, 5.0, 5.0, 5.0, 5.0, 5.0, 5.0, 5.0, 5.0, 5.0, 5.0, 5.0, 5.0, 5.0, 5.0, 5.0, 5.0, 5.0, 5.0, 5.0, 5.0, 5.0, 5.0, 5.0, 5.0, 5.0, 5.0, 5.0, 5.0, 5.0, 5.0, 5.0, 5.0, 5.0, 5.0, 5.0, 5.0, 5.0, 5.0, 5.0, 5.0, 5.0, 5.0, 5.0, 5.0, 5.0, 5.0, 5.0, 5.0, 5.0, 5.0, 5.0, 5.0, 4.0, 5.0, 5.0, 5.0, 5.0, 5.0, 5.0, 5.0, 5.0, 5.0, 4.0, 5.0, 5.0, 5.0, 5.0, 4.0, 5.0, 5.0, 5.0, 5.0, 5.0, 5.0, 5.0, 5.0, 5.0, 5.0, 5.0, 5.0, 5.0, 5.0, 5.0, 5.0, 5.0, 5.0, 4.0, 5.0, 5.0, 5.0, 5.0, 5.0, 5.0, 5.0, 5.0, 5.0, 5.0, 5.0, 5.0, 5.0, 4.0, 5.0, 4.0, 3.0, 5.0, 4.0, 5.0, 4.0, 3.0, 5.0, 5.0, 5.0, 5.0, 5.0, 5.0, 4.0, 5.0, 5.0, 5.0, 5.0, 5.0, 4.0, 5.0, 5.0, 5.0, 4.0, 5.0, 5.0, 5.0, 5.0, 5.0, 5.0, 5.0, 5.0, 4.0, 5.0, 5.0, 5.0, 5.0, 4.0, 5.0, 5.0, 5.0, 5.0, 4.0, 5.0, 5.0, 3.0, 5.0, 5.0, 5.0, 5.0, 4.0, 5.0, 5.0, 5.0, 5.0, 5.0, 5.0, 5.0, 4.0, 5.0, 5.0, 4.0, 5.0, 5.0, 5.0, 5.0, 5.0, 5.0, 5.0, 5.0, 5.0, 5.0, 4.0, 5.0, 5.0, 5.0, 5.0, 5.0, 4.0, 5.0, 5.0, 4.0, 4.0, 5.0, 4.0, 5.0, 4.0, 3.0, 5.0, 5.0, 5.0, 5.0, 5.0, 5.0, 5.0, 5.0, 4.0, 5.0, 4.0, 5.0, 4.0, 4.0, 5.0, 5.0, 3.0, 5.0, 5.0, 5.0, 5.0, 4.0, 5.0, 4.0, 5.0, 5.0, 4.0, 5.0, 5.0, 4.0, 5.0, 4.0, 4.0, 5.0, 5.0, 5.0, 5.0, 5.0, 5.0, 5.0, 5.0, 5.0, 5.0, 5.0, 3.0, 3.0, 5.0, 5.0, 5.0, 5.0, 5.0, 5.0, 5.0, 5.0, 4.0, 5.0, 5.0, 5.0, 5.0, 5.0, 5.0, 5.0, 5.0, 5.0, 5.0, 5.0, 5.0, 5.0, 5.0, 5.0, 5.0, 5.0, 5.0, 4.0, 5.0, 5.0, 5.0, 5.0, 4.0, 5.0, 5.0, 5.0, 5.0, 5.0, 5.0, 5.0, 5.0, 4.0, 3.0, 5.0, 5.0, 5.0, 4.0, 5.0, 4.0, 5.0, 5.0, 5.0, 3.0, 5.0, 5.0, 5.0, 5.0, 5.0, 5.0, 5.0, 5.0, 5.0, 5.0, 5.0, 5.0, 5.0, 5.0, 5.0, 5.0, 5.0, 5.0, 5.0, 4.0, 5.0, 5.0, 5.0, 5.0, 5.0, 5.0, 5.0, 5.0, 5.0, 5.0, 5.0, 5.0, 5.0, 5.0, 5.0, 5.0, 5.0, 5.0, 4.0, 4.0, 5.0, 5.0, 5.0, 5.0, 3.0, 5.0, 5.0, 5.0, 5.0, 5.0, 5.0, 4.0, 5.0, 5.0, 5.0, 5.0, 5.0, 5.0, 5.0, 5.0, 5.0, 5.0, 4.0, 5.0, 5.0, 3.0, 5.0, 4.0, 4.0, 4.0, 3.0, 5.0, 5.0, 4.0, 5.0, 4.0, 5.0, 5.0, 5.0, 5.0, 4.0, 5.0, 5.0, 5.0, 5.0, 5.0, 5.0, 4.0, 4.0, 5.0, 4.0, 5.0, 5.0, 5.0, 5.0, 5.0, 5.0, 5.0, 4.0, 5.0, 5.0, 5.0, 5.0, 5.0, 5.0, 4.0, 5.0, 4.0, 5.0, 5.0, 5.0, 5.0, 5.0, 5.0, 4.0, 5.0, 0.0, 4.0, 5.0, 4.0, 5.0, 5.0, 5.0, 5.0, 5.0, 5.0, 5.0, 5.0, 5.0, 5.0, 5.0, 5.0, 5.0, 5.0, 5.0, 5.0, 5.0, 4.0, 4.0, 5.0, 5.0, 5.0, 5.0, 5.0, 5.0, 5.0, 5.0, 5.0, 5.0, 5.0, 5.0, 5.0, 5.0, 5.0, 5.0, 5.0, 5.0, 5.0, 5.0, 5.0, 5.0, 5.0, 5.0, 5.0, 5.0, 5.0, 5.0, 5.0, 5.0, 5.0, 4.0, 5.0, 3.0, 5.0, 5.0, 5.0, 5.0, 5.0, 5.0, 5.0, 5.0, 4.0, 4.0, 5.0, 5.0, 5.0, 5.0, 5.0, 5.0, 4.0, 5.0, 5.0, 5.0, 5.0, 5.0, 5.0, 5.0, 5.0, 5.0, 5.0, 5.0, 4.0, 5.0, 5.0, 5.0, 5.0, 5.0, 5.0, 5.0, 0.0, 5.0, 4.0, 5.0, 5.0, 5.0, 5.0, 5.0, 5.0, 5.0, 5.0]",590
12238,"[2, 0, 0, 0, 0, 0, 0, 1, 0, 2, 1, 1, 0, 0, 0, 0, 0, 0, 0, 1, 3, 0, 0, 0, 0, 0, 0, 1, 0, 0, 0, 0, 0, 0, 0, 1, 1, 0, 0, 0, 0, 1, 0, 2, 0, 0, 0, 1, 0, 0, 0, 0, 0, 0, 0, 0, 0, 0]","[141351, 23952, 134549, 9949, 10916, 151211]",6,"[5.0, 5.0, 5.0, 4.0, 5.0, 5.0]",6
21495,"[5, 0, 0, 1, 1, 0, 0, 0, 0, 5, 0, 1, 0, 0, 0, 0, 2, 0, 0, 1, 0, 0, 0, 0, 0, 0, 0, 0, 2, 1, 0, 0, 0, 2, 0, 0, 1, 0, 1, 0, 0, 0, 2, 1, 0, 0, 1, 0, 0, 0, 0, 0, 0, 0, 0, 0, 0, 1]","[89113, 101819, 72975, 112368, 139822, 155867, 72857, 39832]",8,"[3.0, 5.0, 5.0, 0.0, 4.0, 5.0, 5.0, 5.0]",8
11268,"[5, 1, 0, 4, 4, 0, 0, 0, 0, 3, 0, 0, 0, 0, 1, 0, 4, 0, 0, 0, 1, 0, 0, 1, 0, 0, 0, 2, 2, 0, 0, 0, 0, 6, 0, 0, 1, 0, 2, 0, 0, 0, 3, 0, 0, 0, 2, 0, 0, 2, 0, 0, 0, 3, 0, 2, 0, 2]","[57572, 103982, 24371, 144113, 157280, 42515, 113465, 125637, 119823, 81865, 33973, 73250, 150575, 93984, 40553, 44303, 8515, 139084, 14661]",19,"[5.0, 5.0, 5.0, 5.0, 5.0, 5.0, 5.0, 5.0, 5.0, 5.0, 5.0, 5.0, 4.0, 4.0, 5.0, 5.0, 5.0, 4.0, 5.0]",19
3277,"[36, 1, 0, 10, 10, 0, 0, 2, 0, 21, 2, 2, 0, 0, 0, 0, 12, 0, 0, 0, 3, 4, 0, 2, 1, 0, 0, 0, 16, 5, 0, 0, 1, 25, 0, 0, 1, 3, 1, 0, 1, 5, 10, 9, 0, 0, 5, 0, 0, 0, 0, 0, 0, 1, 3, 1, 3, 4]","[95551, 29451, 131355, 21005, 17129, 106659, 90163, 138916, 37903, 28195, 116453, 55226, 146878, 101819, 53558, 86299, 85742, 9001, 69097, 150040, 54855, 12718, 97649, 45073, 41015, 67898, 13225, 67159, 73956, 100654, 66861, 163267, 155957, 109508, 97798, 114542, 117723, 163537, 52147, 105538, 120625, 102164, 120221, 81738, 10623, 8523, 75244, 102056, 169418, 122721, 53173, 123958, 21510, 22964, 1334, 160026, 20924, 131198, 151536, 41263, 45823, 146251, 105135, 109282, 17285, 95158, 66720, 95098, 26878, 15933, 47400, 39254]",72,"[5.0, 5.0, 5.0, 5.0, 5.0, 5.0, 5.0, 4.0, 5.0, 5.0, 5.0, 5.0, 5.0, 5.0, 4.0, 5.0, 5.0, 5.0, 4.0, 5.0, 5.0, 5.0, 5.0, 5.0, 4.0, 5.0, 5.0, 5.0, 5.0, 5.0, 5.0, 5.0, 5.0, 5.0, 4.0, 5.0, 5.0, 5.0, 5.0, 5.0, 5.0, 2.0, 5.0, 0.0, 5.0, 5.0, 5.0, 5.0, 5.0, 5.0, 5.0, 5.0, 5.0, 5.0, 5.0, 5.0, 5.0, 5.0, 5.0, 5.0, 5.0, 5.0, 5.0, 5.0, 5.0, 5.0, 5.0, 5.0, 5.0, 5.0, 5.0, 5.0]",72
21317,"[3, 1, 0, 0, 1, 0, 1, 1, 0, 3, 0, 0, 0, 0, 0, 0, 3, 0, 0, 1, 1, 3, 0, 1, 0, 0, 0, 0, 6, 1, 0, 0, 0, 5, 0, 0, 1, 1, 3, 0, 0, 1, 2, 3, 0, 0, 0, 0, 0, 0, 0, 0, 0, 2, 0, 1, 0, 2]","[95960, 147180, 74667, 125296, 117899, 168906, 77172, 110118, 80411, 103316, 39011, 132481, 169085]",13,"[5.0, 5.0, 5.0, 5.0, 5.0, 5.0, 5.0, 5.0, 5.0, 5.0, 5.0, 5.0, 5.0]",13
23952,"[5, 0, 0, 0, 1, 0, 0, 1, 0, 4, 1, 0, 1, 0, 0, 0, 3, 0, 0, 0, 1, 0, 0, 0, 0, 0, 0, 1, 2, 1, 0, 0, 0, 3, 0, 0, 1, 1, 1, 0, 0, 1, 0, 1, 2, 1, 1, 0, 0, 0, 0, 0, 0, 1, 0, 1, 0, 1]","[64311, 64261, 165364, 156568, 99301, 175554, 93151, 149880, 127493]",9,"[4.0, 4.0, 4.0, 3.0, 3.0, 3.0, 4.0, 4.0, 5.0]",9
9311,"[4, 0, 0, 1, 1, 0, 0, 0, 0, 2, 0, 0, 0, 0, 0, 0, 3, 0, 0, 0, 0, 0, 0, 0, 0, 0, 0, 1, 2, 0, 0, 0, 0, 0, 0, 0, 1, 0, 0, 0, 0, 0, 0, 1, 0, 0, 1, 0, 0, 0, 0, 0, 0, 0, 0, 1, 0, 1]","[135391, 121170, 9204, 6067, 111996, 134553]",6,"[5.0, 5.0, 5.0, 5.0, 5.0, 5.0]",6
21570,"[2, 0, 0, 1, 1, 0, 1, 0, 0, 1, 1, 0, 0, 0, 0, 0, 0, 0, 0, 1, 0, 1, 0, 0, 1, 0, 0, 0, 1, 1, 0, 1, 0, 3, 0, 0, 3, 0, 2, 0, 0, 0, 0, 1, 0, 0, 2, 0, 0, 0, 0, 0, 0, 0, 0, 0, 1, 1]","[133047, 122140, 131785, 76338, 40358, 88702, 173688, 136931]",8,"[5.0, 5.0, 5.0, 5.0, 5.0, 5.0, 5.0, 5.0]",8
19515,"[2, 0, 0, 1, 0, 0, 0, 0, 0, 1, 0, 1, 0, 0, 0, 0, 0, 0, 0, 0, 0, 0, 0, 0, 0, 0, 0, 0, 2, 1, 0, 0, 0, 2, 0, 0, 0, 0, 0, 0, 0, 0, 0, 0, 0, 0, 1, 0, 0, 0, 0, 0, 0, 0, 0, 0, 1, 0]","[30147, 39272, 153019, 40922, 100344, 163127]",6,"[4.0, 5.0, 5.0, 5.0, 5.0, 5.0]",6
8987,"[9, 0, 0, 3, 2, 0, 0, 0, 0, 5, 0, 1, 0, 0, 0, 0, 4, 0, 0, 0, 2, 1, 0, 0, 0, 0, 0, 0, 1, 2, 0, 0, 0, 7, 0, 0, 1, 0, 3, 0, 0, 1, 4, 5, 0, 0, 1, 1, 0, 2, 0, 0, 0, 2, 0, 4, 0, 0]","[19686, 71942, 34732, 104134, 9174, 97103, 166074, 152934, 110086, 147427, 66416, 5825, 148651, 89796, 155592, 19632, 43565, 8730]",18,"[5.0, 4.0, 4.0, 4.0, 4.0, 4.0, 4.0, 4.0, 5.0, 5.0, 5.0, 4.0, 4.0, 5.0, 5.0, 4.0, 4.0, 5.0]",18
6308,"[20, 0, 0, 5, 4, 0, 1, 0, 0, 13, 2, 0, 0, 0, 0, 0, 8, 0, 0, 1, 1, 0, 0, 6, 0, 0, 2, 0, 6, 0, 0, 0, 0, 20, 0, 0, 3, 3, 2, 1, 0, 2, 2, 8, 0, 0, 4, 0, 0, 1, 0, 0, 0, 4, 0, 2, 0, 2]","[54600, 43132, 7137, 83324, 150120, 72295, 3279, 82227, 99301, 65530, 160507, 27188, 153000, 58797, 107864, 25190, 71496, 6736, 128300, 66179, 173851, 62344, 171655, 97342, 145190, 118113, 96828, 90362, 56069, 90913, 96325, 65077, 10150, 77612, 136494, 55906]",36,"[5.0, 4.0, 5.0, 5.0, 4.0, 5.0, 4.0, 3.0, 5.0, 3.0, 5.0, 4.0, 4.0, 1.0, 5.0, 4.0, 4.0, 4.0, 4.0, 5.0, 1.0, 5.0, 4.0, 3.0, 4.0, 5.0, 3.0, 3.0, 5.0, 5.0, 3.0, 5.0, 4.0, 5.0, 4.0, 5.0]",36
6753,"[8, 0, 0, 4, 1, 0, 0, 0, 0, 9, 1, 0, 0, 0, 0, 0, 4, 0, 0, 2, 0, 0, 0, 0, 1, 0, 0, 0, 2, 1, 0, 0, 0, 6, 0, 1, 2, 2, 0, 0, 0, 0, 1, 3, 2, 0, 4, 1, 0, 0, 0, 0, 0, 0, 1, 2, 0, 0]","[7416, 65578, 39963, 6017, 100015, 124603, 33254, 113880, 64175, 159166, 138444, 72204, 131842, 50074, 60176, 97119, 3676]",17,"[4.0, 0.0, 5.0, 5.0, 5.0, 5.0, 3.0, 5.0, 0.0, 5.0, 5.0, 5.0, 4.0, 3.0, 1.0, 0.0, 5.0]",17
11979,"[7, 0, 0, 8, 5, 0, 0, 1, 0, 7, 1, 1, 0, 0, 1, 0, 2, 0, 0, 2, 1, 1, 0, 0, 0, 0, 0, 1, 5, 1, 0, 0, 0, 6, 0, 1, 0, 0, 2, 0, 0, 2, 5, 4, 0, 0, 3, 0, 0, 0, 0, 0, 0, 2, 1, 2, 0, 5]","[10184, 155866, 150138, 164596, 127068, 93337, 63129, 32291, 121308, 105690, 9521, 153113, 112620, 78551, 79128, 120926]",16,"[5.0, 3.0, 4.0, 5.0, 5.0, 4.0, 5.0, 4.0, 4.0, 5.0, 4.0, 5.0, 4.0, 5.0, 5.0, 4.0]",16
3613,"[9, 0, 0, 4, 9, 0, 0, 3, 0, 7, 0, 2, 0, 0, 0, 0, 5, 0, 0, 1, 2, 1, 0, 0, 0, 0, 1, 2, 7, 4, 0, 0, 0, 11, 0, 2, 6, 1, 3, 0, 0, 0, 6, 6, 1, 0, 1, 0, 0, 0, 0, 1, 0, 1, 1, 4, 2, 6]","[78956, 171424, 75370, 96904, 126456, 119592, 24935, 33879, 56505, 11129, 67486, 34244, 66508, 1504, 126156, 171755, 36907, 11722, 100631, 95347, 168734, 162013, 13886, 164496, 69177, 97331, 135369, 93981, 157324, 70014, 150229, 100795]",32,"[5.0, 5.0, 4.0, 5.0, 5.0, 3.0, 4.0, 5.0, 4.0, 4.0, 4.0, 5.0, 5.0, 5.0, 5.0, 4.0, 4.0, 5.0, 5.0, 5.0, 5.0, 5.0, 5.0, 5.0, 5.0, 5.0, 5.0, 5.0, 5.0, 5.0, 5.0, 5.0]",32
1885,"[36, 0, 0, 12, 19, 0, 0, 3, 1, 33, 4, 3, 0, 0, 1, 0, 20, 0, 0, 5, 15, 1, 1, 2, 0, 0, 1, 3, 18, 3, 0, 0, 0, 31, 0, 2, 9, 7, 8, 0, 0, 2, 17, 18, 0, 0, 5, 1, 0, 0, 0, 0, 0, 2, 4, 10, 3, 9]","[113987, 123184, 64350, 47209, 37047, 16565, 147237, 62427, 69762, 87631, 13532, 18152, 112839, 36934, 137189, 43057, 64371, 130797, 159311, 72274, 68463, 73843, 160870, 10797, 78348, 70808, 93630, 58290, 162493, 82651, 147108, 47496, 100518, 92073, 20933, 21213, 43045, 79606, 145785, 161532, 76741, 5952, 99000, 101550, 99787, 74148, 111496, 7700, 94195, 105272, 47726, 155736, 28550, 708, 37078, 34368, 46776, 158486, 109398, 132774, 97711, 52094, 66996, 9652, 74994, 30826, 162314, 14715, 143739, 132353, 164258, 128963, 22038, 4419, 143836, 38540, 119021, 110881, 145092, 122927, 164308, 134610, 111566, 29681, 11954, 170563, 85056, 139331, 137434, 64311, 39478, 134073, 13065, 50023, 143861, 22650, 173110, 95697, 86098, 76044, 170746, 86947]",102,"[5.0, 5.0, 5.0, 5.0, 5.0, 5.0, 5.0, 4.0, 5.0, 5.0, 5.0, 5.0, 4.0, 5.0, 5.0, 5.0, 4.0, 5.0, 5.0, 5.0, 5.0, 5.0, 5.0, 5.0, 5.0, 4.0, 5.0, 4.0, 5.0, 4.0, 5.0, 5.0, 5.0, 5.0, 5.0, 5.0, 4.0, 5.0, 5.0, 5.0, 5.0, 5.0, 5.0, 5.0, 5.0, 5.0, 5.0, 5.0, 5.0, 5.0, 3.0, 5.0, 5.0, 5.0, 5.0, 5.0, 5.0, 5.0, 5.0, 5.0, 5.0, 5.0, 5.0, 5.0, 5.0, 5.0, 5.0, 5.0, 4.0, 5.0, 5.0, 4.0, 5.0, 5.0, 5.0, 5.0, 5.0, 5.0, 5.0, 5.0, 5.0, 5.0, 5.0, 5.0, 5.0, 5.0, 5.0, 5.0, 5.0, 5.0, 5.0, 5.0, 5.0, 5.0, 5.0, 5.0, 5.0, 4.0, 5.0, 5.0, 5.0, 4.0]",102
7330,"[7, 0, 0, 3, 3, 0, 0, 0, 0, 5, 0, 0, 0, 0, 0, 0, 3, 0, 0, 2, 1, 1, 0, 1, 0, 0, 1, 1, 4, 0, 0, 0, 0, 2, 0, 0, 2, 0, 1, 0, 0, 1, 3, 3, 0, 0, 0, 0, 0, 0, 0, 0, 0, 0, 1, 2, 0, 0]","[109144, 40062, 4152, 126120, 39913, 73809, 97302, 108995, 173101, 173867, 153429, 44040, 46699, 70951, 117347]",15,"[0.0, 4.0, 5.0, 5.0, 5.0, 5.0, 5.0, 4.0, 5.0, 5.0, 5.0, 5.0, 5.0, 5.0, 5.0]",15
10167,"[7, 0, 0, 5, 3, 0, 0, 0, 1, 6, 0, 0, 0, 0, 1, 0, 4, 0, 0, 2, 5, 1, 0, 1, 0, 0, 2, 1, 2, 1, 0, 0, 0, 6, 0, 0, 2, 1, 1, 0, 1, 0, 0, 4, 0, 0, 3, 0, 0, 2, 0, 0, 0, 3, 0, 4, 1, 1]","[73585, 44250, 48821, 59019, 122440, 37400, 47680, 167228, 45418, 78817, 87550, 170097, 7066, 45776, 148733, 172175, 49807, 30481, 175206, 164305]",20,"[5.0, 5.0, 5.0, 5.0, 1.0, 5.0, 5.0, 5.0, 5.0, 5.0, 1.0, 5.0, 5.0, 5.0, 2.0, 5.0, 5.0, 5.0, 5.0, 5.0]",20
2308,"[2, 0, 0, 0, 1, 0, 0, 0, 0, 1, 0, 0, 1, 0, 0, 0, 3, 0, 0, 0, 1, 0, 0, 0, 0, 0, 0, 0, 1, 0, 0, 0, 0, 1, 0, 0, 0, 0, 1, 0, 0, 0, 2, 4, 0, 0, 0, 0, 0, 0, 0, 0, 0, 1, 0, 1, 0, 0]","[109747, 160693, 63917, 170734, 40315, 95539, 5884]",7,"[5.0, 5.0, 0.0, 5.0, 5.0, 5.0, 5.0]",7
17840,"[3, 0, 0, 2, 2, 0, 0, 0, 0, 2, 0, 0, 0, 0, 0, 0, 0, 0, 0, 0, 2, 0, 0, 0, 0, 0, 0, 1, 1, 1, 0, 0, 0, 0, 0, 0, 0, 0, 0, 0, 0, 0, 1, 0, 0, 0, 1, 0, 0, 1, 0, 0, 0, 1, 0, 0, 0, 0]","[48870, 166819, 132314, 79973, 23291, 73956]",6,"[5.0, 5.0, 5.0, 4.0, 1.0, 5.0]",6
17149,"[4, 0, 0, 4, 1, 0, 0, 0, 0, 1, 0, 0, 0, 0, 0, 0, 3, 0, 0, 2, 1, 1, 0, 1, 0, 0, 0, 1, 2, 1, 0, 0, 0, 1, 0, 0, 0, 0, 0, 0, 0, 1, 2, 0, 0, 0, 1, 0, 0, 0, 0, 0, 0, 0, 0, 1, 0, 1]","[164321, 170097, 80236, 164596, 154339, 29716, 21005, 79996, 148149]",9,"[5.0, 5.0, 5.0, 5.0, 5.0, 5.0, 5.0, 5.0, 5.0]",9
5531,"[5, 0, 0, 1, 2, 0, 0, 0, 0, 4, 0, 1, 0, 0, 0, 0, 0, 0, 0, 1, 0, 0, 0, 1, 0, 0, 0, 1, 2, 1, 0, 0, 0, 4, 0, 0, 0, 0, 2, 0, 0, 0, 2, 2, 0, 0, 0, 0, 0, 0, 0, 1, 0, 0, 0, 1, 0, 1]","[151146, 105755, 2691, 63325, 64350, 36367, 86645, 64245, 35942, 3385, 27066, 142774, 33823]",13,"[4.0, 4.0, 3.0, 3.0, 5.0, 4.0, 4.0, 3.0, 4.0, 1.0, 4.0, 4.0, 0.0]",13
11013,"[13, 0, 0, 3, 1, 0, 0, 0, 0, 10, 1, 2, 0, 0, 0, 0, 2, 0, 0, 1, 0, 0, 0, 0, 1, 0, 0, 1, 7, 2, 0, 0, 0, 4, 0, 0, 1, 0, 0, 0, 0, 0, 0, 1, 0, 0, 3, 0, 0, 0, 0, 0, 0, 0, 0, 0, 0, 0]","[129531, 45478, 34178, 89113, 65899, 73528, 164348, 84933, 117858, 168049, 88593, 10336, 85348, 8232, 80820, 46762, 31660, 10566]",18,"[5.0, 4.0, 4.0, 5.0, 5.0, 5.0, 5.0, 5.0, 5.0, 3.0, 5.0, 5.0, 0.0, 5.0, 3.0, 5.0, 5.0, 5.0]",18
18254,"[9, 0, 0, 2, 3, 0, 0, 2, 1, 4, 3, 0, 0, 0, 1, 0, 2, 0, 0, 0, 0, 0, 0, 2, 0, 0, 0, 0, 2, 1, 0, 0, 0, 7, 0, 0, 1, 1, 0, 0, 0, 1, 1, 3, 0, 0, 3, 0, 0, 1, 0, 0, 0, 1, 1, 1, 0, 2]","[154981, 102234, 124592, 35569, 148487, 98387, 31666, 77271, 85251, 103521, 62897, 130480, 145528, 36555, 158696, 154916, 38511, 59987]",18,"[5.0, 3.0, 5.0, 2.0, 5.0, 4.0, 5.0, 5.0, 5.0, 5.0, 5.0, 5.0, 5.0, 5.0, 5.0, 5.0, 5.0, 4.0]",18
20227,"[3, 0, 0, 1, 4, 0, 0, 0, 0, 3, 0, 0, 0, 0, 1, 0, 0, 0, 0, 1, 0, 0, 0, 0, 0, 0, 1, 1, 4, 1, 0, 0, 0, 2, 0, 0, 0, 0, 4, 0, 1, 0, 4, 3, 0, 0, 0, 0, 0, 0, 0, 0, 0, 3, 0, 1, 1, 1]","[176539, 142634, 101166, 33195, 37359, 98654, 165343, 121494, 56441]",9,"[4.0, 5.0, 4.0, 4.0, 5.0, 5.0, 5.0, 4.0, 5.0]",9
3132,"[4, 0, 0, 0, 9, 0, 0, 2, 0, 5, 1, 0, 0, 0, 0, 0, 2, 0, 0, 1, 4, 1, 0, 0, 0, 0, 0, 0, 1, 0, 0, 0, 0, 2, 0, 0, 0, 0, 6, 0, 0, 0, 5, 4, 0, 0, 0, 0, 0, 0, 0, 0, 0, 1, 0, 1, 1, 0]","[113962, 101998, 19475, 56402, 150301, 165154, 160396, 131381, 1246, 28357, 168561, 60541, 68463, 147486, 29983, 99861, 136838, 69121, 105985, 131635]",20,"[5.0, 5.0, 5.0, 5.0, 5.0, 5.0, 5.0, 5.0, 5.0, 5.0, 5.0, 5.0, 5.0, 5.0, 5.0, 5.0, 5.0, 5.0, 5.0, 5.0]",20
15048,"[1, 0, 0, 0, 1, 0, 0, 0, 0, 2, 1, 0, 0, 0, 0, 0, 1, 0, 0, 0, 0, 0, 0, 0, 0, 0, 0, 0, 1, 0, 0, 0, 0, 2, 0, 0, 0, 1, 1, 0, 0, 0, 1, 2, 0, 0, 1, 0, 0, 0, 0, 0, 0, 0, 1, 0, 0, 1]","[52447, 101200, 171132, 15173, 90253, 128131, 155912]",7,"[5.0, 5.0, 5.0, 5.0, 5.0, 5.0, 5.0]",7
10697,"[7, 0, 0, 0, 1, 0, 0, 0, 0, 3, 2, 0, 0, 0, 0, 0, 2, 0, 0, 0, 1, 1, 0, 0, 0, 0, 0, 0, 3, 1, 0, 0, 0, 4, 0, 0, 0, 0, 1, 0, 0, 1, 2, 3, 0, 0, 0, 0, 0, 0, 0, 0, 0, 0, 0, 0, 0, 0]","[80236, 176430, 62176, 172236, 7800, 135658, 118791, 147180, 18179]",9,"[5.0, 4.0, 5.0, 5.0, 5.0, 5.0, 5.0, 5.0, 4.0]",9
4113,"[10, 1, 0, 13, 10, 0, 0, 0, 1, 11, 0, 1, 0, 0, 1, 0, 4, 0, 0, 3, 0, 2, 0, 5, 0, 0, 1, 1, 9, 1, 0, 0, 0, 16, 0, 1, 5, 0, 3, 0, 0, 1, 7, 2, 0, 0, 14, 0, 0, 0, 0, 3, 0, 3, 0, 4, 6, 5]","[58950, 174897, 79112, 85047, 39224, 49414, 47599, 171196, 18933, 5926, 33035, 133350, 145906, 48498, 104376, 119832, 105880, 105175, 176675, 104226, 24800, 7787, 50406, 33970, 47033, 41095, 109405, 28602, 128570, 79636, 149813, 117276, 68546, 132644, 66463, 102601, 59839, 72891, 35220, 72101, 171230, 59753, 48771, 1740, 57389]",45,"[5.0, 5.0, 5.0, 5.0, 5.0, 5.0, 4.0, 5.0, 5.0, 5.0, 5.0, 4.0, 5.0, 5.0, 5.0, 5.0, 5.0, 5.0, 4.0, 5.0, 5.0, 4.0, 4.0, 5.0, 5.0, 5.0, 5.0, 5.0, 5.0, 5.0, 4.0, 5.0, 5.0, 5.0, 5.0, 5.0, 5.0, 4.0, 4.0, 5.0, 5.0, 5.0, 5.0, 5.0, 4.0]",45
2571,"[108, 5, 0, 43, 67, 1, 0, 10, 1, 105, 17, 6, 0, 0, 1, 0, 51, 0, 0, 9, 31, 11, 1, 20, 3, 0, 12, 11, 42, 9, 0, 2, 0, 90, 0, 3, 46, 24, 39, 0, 0, 14, 63, 51, 5, 4, 19, 1, 0, 4, 2, 3, 0, 22, 11, 38, 9, 29]","[73132, 97372, 141430, 82411, 52363, 161263, 136789, 39492, 80229, 28552, 107197, 1224, 66576, 73992, 34311, 3767, 2661, 21342, 138539, 60920, 1815, 49410, 152435, 1915, 48021, 53924, 83554, 61366, 3145, 25999, 49246, 74837, 56425, 11324, 119325, 26928, 168254, 58677, 166464, 37047, 170732, 99467, 10550, 2191, 128509, 99787, 37077, 174459, 132695, 26166, 83370, 73339, 91587, 13901, 97369, 50513, 109689, 20822, 11810, 90030, 63559, 65788, 142326, 56402, 145011, 29708, 135883, 62884, 97711, 93841, 31024, 107423, 85969, 169610, 160209, 157838, 98459, 29210, 88393, 33539, 150138, 117338, 79316, 129875, 164043, 151543, 132445, 68321, 87936, 101819, 74633, 1750, 7661, 131697, 128550, 134610, 27953, 36503, 97430, 28150, 115097, 63746, 92748, 54256, 74052, 22277, 172161, 54149, 2116, 168362, 67005, 90427, 106990, 124909, 61480, 113698, 90385, 114402, 59900, 62889, 87723, 166241, 68033, 55108, 31827, 51957, 80236, 42297, 142774, 68651, 31749, 39192, 135636, 72081, 153104, 6211, 39333, 19634, 84036, 148527, 127080, 983, 97707, 91701, 113987, 80668, 101783, 138909, 130591, 67159, 113765, 43637, 142634, 164537, 159785, 120516, 99465, 134362, 41819, 46699, 81450, 66632, 11144, 29048, 43201, 91756, 119515, 32534, 76461, 129885, 4954, 47192, 105560, 68712, 156278, 156183, 102742, 92350, 86859, 17787, 34674, 15940, 91536, 62794, 67899, 47715, 1783, 155675, 28426, 37111, 79996, 72857, 145119, 71624, 141804, 86420, 16668, 164706, 45461, 11102, 96723, 92680, 39308, 55772, 18604, 24869, 112433, 119351, 92217, 64526, 159426, 119529, 38699, 29338, 35705, 152910, 53029, 91232, 146854, 171965, 153951, 35381, 147765, 171987, 170097, 71545, 2515, 72664, 157037, 20789, 10394, 120865, 127227, 66593, 106785, 130105, 61938, 32114, 9771, 11814, 158194, 153115, 21273, 109623, 121556, 143216, 117402, 48646, 154054, 117477, 14945, 147905, 5077, 165870, 63069, 29257, 142584, 133544, 138908, 89177, 96260, 67049, 31965, 19887, 120664, 946, 42515, 47479, 145695, 47777, 5311, 39353, 156650, 53192, 22032, 118418, 10018, 112317, 149777, 29509, 27316, 36523, 79233, 6939, 150412, 8136, 100396, 127068, 163625, 156352, 9325, 52334, 125637, 46327, 97738, 118348, 38335, 28879, 69167, 143710, 117828, 45573, 68803, 109750, 37265, 114795, 130417, 83137, 87426, 147374, 91876, 143522, 78028, 37397, 155731, 155005, 155329]",317,"[5.0, 5.0, 4.0, 5.0, 5.0, 5.0, 5.0, 5.0, 5.0, 5.0, 5.0, 4.0, 4.0, 5.0, 4.0, 5.0, 5.0, 5.0, 5.0, 5.0, 4.0, 5.0, 4.0, 4.0, 4.0, 5.0, 3.0, 5.0, 5.0, 5.0, 4.0, 5.0, 5.0, 5.0, 5.0, 5.0, 5.0, 5.0, 5.0, 5.0, 5.0, 5.0, 5.0, 4.0, 5.0, 5.0, 5.0, 5.0, 4.0, 5.0, 5.0, 5.0, 5.0, 5.0, 5.0, 4.0, 4.0, 5.0, 5.0, 5.0, 5.0, 5.0, 5.0, 5.0, 5.0, 4.0, 5.0, 5.0, 5.0, 5.0, 5.0, 5.0, 4.0, 4.0, 5.0, 5.0, 4.0, 5.0, 5.0, 5.0, 5.0, 5.0, 5.0, 4.0, 5.0, 5.0, 5.0, 5.0, 3.0, 5.0, 5.0, 4.0, 3.0, 4.0, 5.0, 4.0, 4.0, 5.0, 5.0, 5.0, 4.0, 5.0, 5.0, 5.0, 5.0, 5.0, 5.0, 5.0, 5.0, 5.0, 5.0, 3.0, 3.0, 5.0, 5.0, 5.0, 5.0, 5.0, 5.0, 5.0, 5.0, 3.0, 5.0, 5.0, 5.0, 5.0, 5.0, 5.0, 5.0, 5.0, 5.0, 5.0, 4.0, 3.0, 4.0, 2.0, 5.0, 5.0, 5.0, 3.0, 4.0, 2.0, 5.0, 4.0, 5.0, 4.0, 5.0, 5.0, 4.0, 5.0, 4.0, 5.0, 5.0, 4.0, 5.0, 4.0, 3.0, 4.0, 4.0, 5.0, 4.0, 5.0, 5.0, 2.0, 5.0, 5.0, 0.0, 4.0, 5.0, 4.0, 5.0, 4.0, 5.0, 5.0, 5.0, 5.0, 5.0, 5.0, 5.0, 3.0, 4.0, 5.0, 5.0, 5.0, 5.0, 4.0, 4.0, 5.0, 5.0, 0.0, 5.0, 5.0, 5.0, 4.0, 5.0, 5.0, 4.0, 5.0, 5.0, 5.0, 3.0, 5.0, 5.0, 5.0, 3.0, 5.0, 5.0, 5.0, 5.0, 4.0, 4.0, 5.0, 1.0, 5.0, 5.0, 5.0, 5.0, 2.0, 5.0, 5.0, 5.0, 4.0, 5.0, 4.0, 5.0, 5.0, 5.0, 5.0, 5.0, 5.0, 5.0, 5.0, 5.0, 5.0, 5.0, 5.0, 5.0, 5.0, 5.0, 5.0, 5.0, 5.0, 4.0, 5.0, 5.0, 5.0, 5.0, 5.0, 5.0, 5.0, 4.0, 5.0, 0.0, 5.0, 5.0, 5.0, 4.0, 5.0, 5.0, 5.0, 5.0, 4.0, 0.0, 5.0, 5.0, 4.0, 5.0, 5.0, 5.0, 1.0, 2.0, 5.0, 1.0, 5.0, 5.0, 5.0, 5.0, 5.0, 5.0, 5.0, 4.0, 5.0, 5.0, 5.0, 5.0, 5.0, 5.0, 4.0, 5.0, 5.0, 5.0, 5.0, 3.0, 5.0, 5.0, 5.0, 5.0, 5.0, 5.0, 5.0, 5.0, 5.0, 5.0, 5.0, 5.0, 5.0, 5.0, 5.0, 5.0, 5.0, 5.0, 5.0, 4.0, 5.0, 5.0, 5.0, 5.0]",317
20658,"[5, 0, 0, 3, 1, 0, 0, 0, 0, 3, 0, 2, 0, 0, 0, 0, 1, 0, 0, 0, 0, 0, 0, 0, 0, 0, 0, 0, 0, 0, 0, 0, 0, 2, 0, 1, 2, 0, 0, 0, 0, 0, 2, 1, 0, 0, 3, 0, 0, 0, 0, 0, 0, 0, 0, 0, 1, 0]","[61519, 75291, 174298, 36409, 110005, 45460, 167211]",7,"[5.0, 4.0, 5.0, 3.0, 5.0, 3.0, 5.0]",7
18403,"[12, 0, 0, 7, 8, 0, 0, 0, 0, 12, 1, 1, 0, 0, 0, 0, 7, 0, 0, 1, 4, 0, 0, 3, 0, 0, 0, 3, 10, 1, 0, 0, 0, 12, 0, 3, 3, 1, 4, 0, 0, 1, 8, 6, 1, 0, 4, 0, 0, 1, 0, 0, 0, 4, 1, 2, 0, 4]","[117465, 115225, 134610, 135961, 131419, 136233, 35081, 149460, 140582, 84437, 170265, 128854, 118169, 133247, 97459, 132677, 25774, 61922, 124230, 173270, 76335, 64311, 82934, 174403, 37359, 164596, 29576, 98739, 68651, 60012, 91792, 88578, 132466, 126120]",34,"[5.0, 4.0, 5.0, 4.0, 4.0, 5.0, 0.0, 5.0, 5.0, 5.0, 5.0, 5.0, 5.0, 5.0, 5.0, 5.0, 5.0, 5.0, 5.0, 5.0, 5.0, 5.0, 5.0, 5.0, 5.0, 5.0, 5.0, 5.0, 5.0, 5.0, 5.0, 5.0, 5.0, 5.0]",34
9835,"[31, 0, 0, 5, 16, 0, 0, 4, 0, 17, 4, 2, 1, 0, 4, 0, 20, 0, 0, 0, 10, 3, 0, 4, 1, 0, 2, 5, 16, 1, 0, 2, 0, 16, 0, 0, 2, 1, 3, 0, 0, 2, 11, 11, 2, 0, 4, 0, 0, 0, 0, 0, 0, 2, 1, 5, 1, 2]","[56594, 19634, 97156, 96534, 66169, 108044, 144327, 51961, 7293, 122399, 75591, 29495, 107724, 115129, 112721, 72030, 40699, 176749, 97918, 114795, 77723, 173216, 99098, 91100, 8487, 100453, 172468, 38703, 46739, 147180, 123953, 129629, 31965, 6632, 68024, 73742, 30750, 119805, 54899, 153662, 170097, 108673, 107954, 170201, 28552, 7480, 59775, 117694, 89924, 30223, 19006, 32114, 96295, 89452, 39601, 60561, 167268, 59348, 112661, 161029, 55545, 92331]",62,"[4.0, 2.0, 4.0, 4.0, 5.0, 5.0, 5.0, 0.0, 5.0, 5.0, 5.0, 5.0, 5.0, 5.0, 4.0, 5.0, 1.0, 5.0, 5.0, 5.0, 5.0, 4.0, 5.0, 5.0, 5.0, 5.0, 5.0, 5.0, 4.0, 5.0, 5.0, 5.0, 2.0, 4.0, 5.0, 5.0, 5.0, 5.0, 5.0, 5.0, 5.0, 5.0, 4.0, 5.0, 5.0, 5.0, 5.0, 5.0, 5.0, 5.0, 4.0, 5.0, 5.0, 1.0, 5.0, 5.0, 5.0, 4.0, 5.0, 5.0, 4.0, 0.0]",62
4736,"[3, 0, 0, 0, 2, 0, 0, 0, 0, 4, 1, 0, 0, 0, 0, 0, 2, 0, 0, 0, 0, 0, 0, 0, 0, 0, 0, 1, 2, 0, 0, 0, 0, 3, 0, 0, 1, 2, 0, 0, 0, 0, 1, 2, 0, 0, 0, 0, 0, 0, 0, 0, 0, 0, 0, 0, 0, 1]","[86062, 28552, 139982, 166726, 117904, 946]",6,"[5.0, 5.0, 3.0, 4.0, 5.0, 3.0]",6
16680,"[4, 1, 0, 2, 1, 0, 0, 1, 0, 6, 3, 0, 0, 0, 1, 0, 4, 0, 0, 0, 0, 1, 0, 0, 0, 0, 0, 0, 3, 2, 0, 1, 0, 6, 0, 0, 3, 2, 0, 0, 0, 1, 2, 3, 0, 0, 0, 0, 0, 0, 0, 0, 0, 0, 1, 6, 2, 0]","[19316, 161211, 155665, 41136, 107140, 144161, 35145, 134610, 172037, 149711, 156352, 167260, 79425, 26173, 21720, 88101, 156278, 28680, 108554]",19,"[5.0, 5.0, 5.0, 5.0, 5.0, 5.0, 5.0, 5.0, 5.0, 5.0, 5.0, 5.0, 5.0, 5.0, 5.0, 4.0, 5.0, 5.0, 5.0]",19
11581,"[6, 0, 0, 2, 2, 0, 0, 0, 0, 4, 0, 0, 0, 0, 0, 0, 0, 0, 0, 0, 1, 0, 0, 0, 0, 0, 0, 1, 4, 0, 0, 0, 0, 4, 0, 0, 1, 0, 0, 0, 0, 0, 0, 1, 0, 0, 3, 0, 0, 0, 0, 0, 0, 3, 0, 0, 2, 1]","[84216, 110079, 118496, 168616, 50899, 149074, 81126, 129306, 127080, 37359]",10,"[5.0, 5.0, 5.0, 5.0, 5.0, 5.0, 5.0, 5.0, 5.0, 5.0]",10
10458,"[5, 0, 0, 4, 2, 0, 0, 0, 0, 5, 0, 2, 0, 0, 1, 0, 3, 0, 0, 2, 2, 0, 0, 0, 0, 0, 0, 1, 2, 1, 0, 0, 0, 1, 0, 0, 3, 1, 1, 0, 0, 0, 3, 3, 0, 0, 1, 0, 0, 0, 0, 0, 0, 0, 0, 2, 0, 0]","[118418, 36523, 19316, 124230, 130270, 100453, 24040, 7482, 131277, 56388, 62660, 129885, 51478]",13,"[5.0, 5.0, 5.0, 5.0, 5.0, 5.0, 5.0, 5.0, 5.0, 5.0, 5.0, 5.0, 5.0]",13
5050,"[5, 0, 0, 2, 6, 0, 0, 0, 0, 4, 1, 0, 0, 0, 1, 0, 4, 0, 0, 1, 2, 0, 0, 0, 0, 0, 0, 1, 4, 0, 0, 0, 0, 5, 0, 1, 1, 1, 2, 0, 0, 2, 3, 3, 2, 0, 2, 0, 0, 0, 0, 0, 0, 2, 0, 1, 0, 0]","[2291, 106839, 41485, 138466, 28897, 150909, 87980, 106697, 11216, 19939, 134797, 94187, 113852, 62427, 100151, 84912, 94550]",17,"[0.0, 5.0, 3.0, 4.0, 5.0, 4.0, 5.0, 5.0, 5.0, 5.0, 4.0, 5.0, 5.0, 5.0, 4.0, 5.0, 4.0]",17
9558,"[10, 0, 0, 5, 4, 0, 0, 1, 0, 9, 1, 0, 0, 0, 0, 0, 8, 0, 0, 1, 3, 1, 0, 2, 0, 0, 2, 1, 6, 1, 0, 0, 0, 4, 0, 1, 2, 3, 2, 0, 1, 1, 3, 4, 0, 0, 2, 1, 0, 0, 0, 2, 0, 1, 0, 4, 1, 1]","[134610, 109606, 92412, 67121, 119323, 116353, 9439, 117970, 86192, 35465, 164880, 58092, 152720, 97026, 53096, 15347, 176539, 6428, 155909, 120935, 92852, 61246, 35438, 61921, 89057, 139592, 45530]",27,"[1.0, 5.0, 5.0, 4.0, 4.0, 4.0, 4.0, 4.0, 2.0, 4.0, 5.0, 4.0, 5.0, 4.0, 5.0, 4.0, 4.0, 3.0, 4.0, 2.0, 5.0, 5.0, 5.0, 5.0, 4.0, 5.0, 5.0]",27
14920,"[4, 0, 0, 1, 2, 0, 0, 0, 0, 5, 0, 0, 0, 0, 0, 0, 0, 0, 0, 0, 0, 0, 0, 1, 0, 0, 1, 0, 1, 0, 0, 0, 0, 3, 0, 0, 2, 0, 1, 0, 0, 0, 1, 1, 1, 0, 1, 0, 0, 2, 0, 0, 0, 1, 0, 1, 1, 0]","[15027, 113515, 76376, 161791, 63435, 173101, 150240, 137945]",8,"[5.0, 5.0, 5.0, 5.0, 4.0, 5.0, 5.0, 5.0]",8
3173,"[15, 0, 0, 7, 9, 0, 0, 1, 0, 10, 4, 2, 1, 0, 2, 0, 9, 0, 0, 1, 4, 0, 0, 4, 0, 0, 0, 1, 5, 1, 0, 0, 0, 11, 0, 0, 6, 4, 4, 0, 0, 3, 8, 6, 2, 0, 7, 0, 0, 0, 0, 0, 0, 1, 1, 1, 0, 2]","[76147, 26867, 120346, 98850, 85725, 4103, 3650, 49255, 58864, 19085, 120627, 151926, 170521, 95914, 44570, 28386, 2085, 2139, 1268, 123073, 150625, 93833, 14251, 62439, 113542, 172115, 73042, 94961, 151882, 124198, 69517, 92091, 111117, 152882, 37005, 78589, 171507, 143710, 53226, 146561, 20595, 65561]",42,"[5.0, 4.0, 3.0, 4.0, 4.0, 3.0, 5.0, 3.0, 4.0, 5.0, 4.0, 5.0, 5.0, 0.0, 5.0, 1.0, 4.0, 0.0, 4.0, 0.0, 5.0, 3.0, 5.0, 2.0, 5.0, 5.0, 3.0, 5.0, 5.0, 5.0, 5.0, 4.0, 5.0, 5.0, 5.0, 5.0, 5.0, 5.0, 5.0, 5.0, 5.0, 5.0]",42
10113,"[1, 0, 0, 1, 3, 0, 1, 1, 1, 5, 0, 0, 0, 0, 0, 0, 2, 0, 0, 0, 2, 1, 0, 2, 0, 0, 0, 1, 4, 0, 0, 0, 0, 1, 0, 0, 2, 0, 1, 0, 0, 0, 4, 3, 0, 1, 0, 0, 0, 1, 0, 0, 0, 1, 1, 2, 0, 0]","[6999, 73493, 47680, 148855, 132561, 83238, 60225, 67799, 37359, 148114, 119121]",11,"[2.0, 5.0, 4.0, 4.0, 3.0, 4.0, 4.0, 4.0, 3.0, 2.0, 4.0]",11
6789,"[6, 0, 0, 0, 3, 0, 0, 0, 0, 2, 2, 1, 0, 0, 1, 0, 3, 0, 0, 2, 1, 0, 1, 0, 0, 0, 0, 0, 3, 1, 0, 0, 0, 6, 0, 0, 0, 0, 2, 0, 0, 0, 2, 1, 0, 1, 1, 0, 0, 0, 1, 0, 0, 0, 0, 0, 1, 0]","[61480, 176716, 11761, 109282, 64311, 36951, 147374, 90652, 111925, 39272, 118496, 19807, 174552]",13,"[4.0, 5.0, 5.0, 3.0, 1.0, 3.0, 4.0, 4.0, 5.0, 5.0, 5.0, 5.0, 5.0]",13
10290,"[7, 0, 0, 1, 1, 0, 0, 1, 1, 6, 0, 0, 0, 0, 0, 0, 1, 0, 0, 1, 1, 0, 1, 1, 1, 0, 0, 2, 3, 0, 0, 0, 0, 2, 0, 1, 0, 0, 0, 0, 0, 0, 1, 1, 0, 0, 3, 0, 0, 0, 0, 0, 0, 0, 0, 1, 1, 1]","[138392, 162416, 34213, 17256, 88002, 7234, 54470, 78348, 27604, 55772, 154916, 12969]",12,"[0.0, 0.0, 5.0, 0.0, 0.0, 4.0, 5.0, 5.0, 4.0, 4.0, 5.0, 5.0]",12
977,"[27, 1, 0, 3, 6, 0, 0, 1, 0, 19, 1, 4, 1, 0, 1, 0, 6, 0, 0, 1, 1, 1, 0, 3, 1, 0, 0, 1, 8, 1, 0, 0, 0, 13, 0, 1, 8, 2, 4, 0, 0, 2, 4, 3, 0, 0, 2, 0, 0, 1, 0, 0, 0, 2, 1, 4, 3, 3]","[1572, 81094, 37409, 162417, 98883, 101819, 55066, 32142, 28173, 38755, 90189, 34659, 110308, 26686, 100022, 323, 89063, 158467, 149612, 144083, 131355, 167608, 28856, 163312, 127227, 78020, 117376, 41965, 47305, 157740, 10394, 148452, 111120, 103661, 132378, 37225, 137908, 58106, 14302, 32036, 142634, 99653, 19865, 86895]",44,"[5.0, 5.0, 0.0, 5.0, 5.0, 5.0, 5.0, 5.0, 5.0, 5.0, 5.0, 5.0, 5.0, 5.0, 5.0, 5.0, 0.0, 5.0, 5.0, 5.0, 4.0, 5.0, 5.0, 5.0, 5.0, 5.0, 5.0, 5.0, 5.0, 5.0, 5.0, 5.0, 5.0, 5.0, 5.0, 5.0, 0.0, 5.0, 5.0, 5.0, 5.0, 5.0, 4.0, 0.0]",44
15912,"[8, 0, 0, 1, 2, 0, 0, 0, 0, 2, 0, 0, 0, 0, 0, 0, 1, 0, 0, 0, 1, 1, 0, 0, 0, 0, 0, 0, 1, 0, 0, 0, 0, 5, 0, 0, 1, 1, 0, 0, 0, 0, 2, 0, 0, 0, 0, 0, 0, 0, 0, 0, 0, 0, 0, 1, 0, 0]","[31310, 177049, 60048, 153497, 119170, 113731, 137368, 95539, 28610, 16968]",10,"[5.0, 5.0, 5.0, 5.0, 4.0, 5.0, 4.0, 5.0, 0.0, 5.0]",10
9601,"[5, 0, 0, 1, 3, 0, 0, 0, 0, 1, 0, 0, 0, 0, 0, 0, 1, 0, 0, 1, 1, 0, 0, 1, 0, 0, 0, 1, 2, 0, 0, 1, 0, 2, 0, 0, 1, 0, 0, 0, 0, 0, 2, 2, 0, 0, 1, 0, 0, 0, 0, 1, 0, 0, 0, 1, 0, 0]","[160740, 78169, 90994, 137598, 174316, 86408, 107664, 6472, 17030, 153638, 113538, 177332, 174265, 12054]",14,"[4.0, 4.0, 5.0, 5.0, 5.0, 5.0, 5.0, 5.0, 5.0, 5.0, 5.0, 5.0, 5.0, 5.0]",14
19877,"[1, 0, 0, 1, 2, 0, 0, 0, 0, 5, 0, 1, 0, 0, 1, 0, 2, 0, 0, 0, 2, 0, 0, 2, 0, 0, 0, 0, 2, 0, 0, 1, 0, 3, 0, 0, 2, 1, 2, 0, 0, 2, 4, 6, 0, 0, 1, 0, 0, 0, 0, 0, 0, 1, 0, 2, 0, 0]","[150292, 101819, 36155, 31827, 117899, 140922, 81220, 39627, 56402, 121851, 42528, 39225]",12,"[5.0, 5.0, 5.0, 5.0, 5.0, 5.0, 5.0, 5.0, 5.0, 5.0, 5.0, 5.0]",12
8648,"[3, 0, 0, 3, 4, 0, 0, 0, 0, 3, 0, 1, 0, 0, 0, 0, 2, 0, 0, 0, 0, 0, 0, 1, 0, 0, 0, 0, 0, 1, 0, 0, 0, 2, 0, 1, 1, 1, 0, 0, 0, 0, 1, 2, 0, 0, 0, 0, 0, 0, 0, 0, 0, 1, 1, 1, 1, 1]","[51896, 5371, 87320, 153735, 58719, 66298, 32977]",7,"[5.0, 5.0, 5.0, 5.0, 5.0, 5.0, 5.0]",7
14581,"[2, 0, 0, 2, 1, 0, 0, 0, 0, 4, 1, 0, 0, 0, 1, 0, 1, 0, 0, 0, 0, 0, 0, 0, 1, 0, 0, 0, 1, 0, 0, 0, 0, 1, 0, 0, 0, 0, 2, 0, 0, 1, 3, 1, 0, 0, 1, 0, 0, 0, 0, 0, 0, 0, 0, 0, 0, 0]","[14290, 120801, 138882, 36854, 136147, 116290, 142634]",7,"[5.0, 5.0, 5.0, 0.0, 5.0, 4.0, 5.0]",7
4713,"[9, 0, 0, 3, 2, 0, 0, 0, 0, 8, 0, 0, 0, 0, 0, 0, 3, 0, 0, 1, 0, 0, 0, 0, 0, 0, 0, 1, 6, 1, 0, 0, 0, 5, 0, 0, 2, 1, 1, 0, 0, 0, 1, 2, 1, 0, 2, 0, 0, 1, 0, 0, 0, 1, 0, 1, 0, 1]","[134859, 146379, 65538, 74589, 34173, 178242, 104422, 13789, 161572, 2116, 103645, 168734, 104680, 41828, 169319, 77616]",16,"[5.0, 5.0, 5.0, 5.0, 5.0, 4.0, 5.0, 5.0, 5.0, 5.0, 5.0, 5.0, 5.0, 5.0, 5.0, 5.0]",16
9502,"[5, 0, 0, 3, 4, 0, 0, 1, 0, 3, 3, 1, 0, 0, 0, 0, 1, 0, 0, 0, 0, 0, 0, 0, 0, 0, 0, 2, 2, 1, 0, 0, 0, 3, 0, 0, 2, 2, 1, 0, 0, 1, 2, 1, 0, 0, 0, 0, 0, 0, 0, 1, 0, 1, 0, 0, 0, 0]","[169138, 76259, 7752, 149533, 18098, 99039, 12339, 29248, 6347, 37303, 177247, 19992, 87571]",13,"[5.0, 5.0, 5.0, 5.0, 5.0, 5.0, 3.0, 5.0, 5.0, 5.0, 3.0, 5.0, 5.0]",13
7364,"[6, 0, 1, 0, 5, 0, 0, 0, 0, 6, 2, 2, 0, 0, 2, 0, 3, 0, 0, 1, 1, 1, 0, 0, 0, 0, 0, 1, 3, 0, 0, 0, 0, 7, 0, 0, 2, 1, 0, 0, 0, 1, 4, 2, 0, 0, 2, 0, 0, 0, 0, 0, 0, 3, 0, 3, 0, 0]","[7463, 135761, 8387, 4162, 52334, 141610, 55772, 134538, 101819, 135961, 19297, 117899, 28552, 133826, 99787, 147374]",16,"[5.0, 5.0, 0.0, 5.0, 4.0, 5.0, 5.0, 5.0, 5.0, 5.0, 5.0, 5.0, 5.0, 5.0, 5.0, 5.0]",16
6961,"[14, 0, 0, 3, 4, 0, 0, 1, 0, 4, 0, 0, 0, 0, 0, 0, 1, 0, 0, 3, 4, 0, 0, 1, 3, 0, 1, 0, 3, 2, 0, 0, 0, 7, 0, 0, 1, 0, 2, 0, 0, 0, 5, 1, 0, 0, 2, 0, 0, 2, 0, 0, 0, 2, 0, 2, 0, 2]","[41819, 16905, 143922, 3869, 13545, 4993, 129683, 143311, 56058, 71487, 141912, 109565, 107817, 90189, 18455, 153806, 112368, 29165, 163143, 31796, 31805, 25934, 39795]",23,"[5.0, 5.0, 5.0, 4.0, 5.0, 5.0, 5.0, 5.0, 5.0, 4.0, 5.0, 5.0, 2.0, 5.0, 5.0, 5.0, 4.0, 0.0, 4.0, 5.0, 5.0, 5.0, 5.0]",23
9220,"[0, 0, 0, 1, 1, 0, 0, 3, 0, 2, 0, 0, 0, 0, 0, 0, 2, 0, 0, 0, 2, 1, 0, 2, 0, 0, 1, 0, 3, 1, 0, 0, 0, 3, 0, 0, 1, 1, 1, 0, 0, 2, 0, 0, 2, 0, 0, 1, 0, 0, 0, 0, 0, 0, 1, 1, 0, 1]","[139383, 13779, 78265, 24814, 6011, 136553, 38403, 38773]",8,"[5.0, 4.0, 5.0, 3.0, 3.0, 4.0, 5.0, 1.0]",8
2822,"[10, 0, 0, 4, 5, 0, 0, 0, 0, 8, 0, 0, 0, 0, 0, 0, 4, 0, 0, 0, 1, 0, 0, 1, 0, 0, 0, 0, 4, 0, 0, 0, 0, 8, 0, 0, 2, 1, 2, 0, 0, 0, 2, 6, 2, 0, 1, 0, 0, 0, 1, 1, 0, 2, 0, 5, 1, 1]","[1080, 69662, 121347, 47137, 62242, 74052, 88276, 108677, 86053, 175186, 160702, 51685, 128791, 63488, 157403, 80887, 151545, 155633, 67942, 87424, 154392, 147583, 75810, 70914, 145841]",25,"[5.0, 5.0, 5.0, 5.0, 5.0, 5.0, 5.0, 5.0, 5.0, 5.0, 5.0, 5.0, 5.0, 5.0, 5.0, 5.0, 5.0, 5.0, 5.0, 5.0, 5.0, 5.0, 5.0, 5.0, 5.0]",25
10800,"[2, 0, 0, 2, 2, 0, 0, 0, 0, 1, 0, 0, 0, 0, 0, 0, 3, 0, 0, 1, 1, 0, 0, 0, 0, 0, 0, 0, 1, 0, 0, 0, 0, 1, 0, 0, 0, 0, 1, 0, 1, 0, 0, 3, 0, 0, 1, 0, 0, 0, 0, 0, 0, 0, 0, 0, 0, 0]","[31313, 7928, 141126, 53780, 45128, 149235, 66847, 140775, 123508]",9,"[4.0, 5.0, 5.0, 5.0, 4.0, 5.0, 5.0, 5.0, 5.0]",9
17687,"[4, 0, 0, 0, 1, 0, 0, 1, 0, 4, 0, 0, 0, 0, 0, 0, 0, 0, 0, 0, 0, 1, 0, 0, 0, 0, 0, 0, 1, 2, 0, 0, 0, 1, 0, 0, 1, 0, 0, 0, 0, 1, 0, 0, 0, 0, 3, 0, 0, 0, 0, 0, 0, 0, 0, 0, 0, 2]","[177173, 52407, 105428, 114273, 22912, 22884]",6,"[0.0, 5.0, 0.0, 0.0, 5.0, 5.0]",6
10776,"[3, 0, 0, 1, 1, 0, 0, 0, 0, 3, 0, 1, 0, 0, 0, 0, 1, 0, 0, 0, 0, 1, 0, 0, 0, 0, 0, 1, 2, 1, 0, 0, 0, 1, 0, 0, 0, 0, 1, 0, 0, 0, 2, 1, 0, 0, 1, 0, 0, 1, 0, 0, 0, 2, 0, 0, 0, 0]","[7926, 96260, 9424, 54328, 53910, 164703, 39011, 56077]",8,"[5.0, 5.0, 5.0, 5.0, 5.0, 5.0, 5.0, 5.0]",8
1732,"[5, 0, 0, 3, 2, 0, 0, 0, 0, 2, 0, 0, 0, 0, 0, 0, 2, 0, 0, 1, 0, 1, 0, 1, 0, 0, 0, 0, 4, 0, 0, 0, 0, 5, 0, 0, 1, 0, 1, 0, 0, 1, 0, 1, 1, 0, 1, 0, 0, 0, 0, 0, 0, 1, 0, 0, 2, 1]","[107166, 177961, 145305, 136869, 127013, 671, 2525, 41098]",8,"[5.0, 5.0, 5.0, 4.0, 2.0, 4.0, 0.0, 5.0]",8
8690,"[4, 0, 0, 1, 1, 0, 0, 0, 0, 3, 1, 0, 0, 0, 0, 0, 1, 0, 0, 1, 1, 0, 0, 1, 0, 0, 0, 0, 0, 1, 0, 1, 0, 2, 0, 0, 1, 0, 1, 0, 0, 0, 0, 0, 0, 0, 0, 0, 0, 0, 0, 0, 0, 0, 0, 0, 0, 0]","[9495, 124578, 111377, 62322, 151109, 51417, 136514]",7,"[5.0, 5.0, 4.0, 5.0, 0.0, 4.0, 5.0]",7
4313,"[7, 1, 0, 1, 1, 0, 0, 1, 0, 6, 0, 0, 0, 0, 0, 0, 1, 0, 0, 0, 0, 0, 0, 1, 0, 0, 0, 0, 3, 0, 0, 0, 0, 4, 0, 0, 0, 0, 0, 0, 0, 0, 0, 0, 0, 0, 4, 0, 0, 0, 0, 0, 0, 1, 1, 1, 0, 2]","[1824, 136233, 52334, 156352, 154916, 17360, 94258, 23186, 113716, 13779]",10,"[5.0, 5.0, 5.0, 5.0, 5.0, 5.0, 5.0, 5.0, 5.0, 5.0]",10
15982,"[3, 0, 0, 0, 1, 0, 0, 0, 0, 3, 1, 0, 0, 0, 0, 0, 1, 0, 0, 0, 0, 0, 0, 0, 0, 0, 0, 0, 2, 0, 0, 0, 0, 1, 0, 0, 0, 3, 1, 0, 0, 0, 1, 2, 0, 0, 0, 0, 0, 0, 0, 0, 0, 0, 0, 2, 0, 1]","[39101, 99787, 84036, 68092, 10394, 38923, 66593]",7,"[0.0, 0.0, 0.0, 0.0, 0.0, 0.0, 5.0]",7
21236,"[5, 0, 0, 2, 2, 0, 0, 0, 0, 5, 0, 1, 0, 0, 0, 0, 2, 0, 0, 0, 0, 0, 0, 0, 0, 0, 0, 2, 0, 0, 0, 0, 0, 2, 0, 0, 0, 1, 2, 0, 0, 0, 2, 2, 0, 0, 2, 0, 0, 0, 0, 1, 0, 0, 0, 1, 0, 0]","[149864, 52334, 75021, 135194, 132003, 82626, 83277, 95331]",8,"[5.0, 5.0, 4.0, 5.0, 5.0, 5.0, 5.0, 5.0]",8
3827,"[11, 2, 0, 13, 19, 0, 0, 2, 2, 21, 0, 4, 0, 0, 3, 0, 12, 0, 0, 2, 9, 0, 1, 11, 1, 0, 2, 2, 15, 3, 0, 0, 0, 13, 0, 3, 10, 3, 12, 0, 1, 2, 25, 19, 0, 3, 6, 2, 0, 3, 2, 0, 1, 10, 4, 10, 1, 6]","[2848, 143161, 99762, 138935, 27090, 132314, 63129, 78109, 10016, 71683, 151557, 103028, 121994, 78914, 37623, 115959, 1653, 59522, 132445, 175968, 93076, 132602, 150437, 136842, 108055, 160781, 102835, 32937, 91492, 9325, 85519, 134499, 171548, 59556, 167159, 9760, 51905, 6803, 143498, 141005, 148667, 173504, 43394, 144478, 51734, 84566, 25251, 5211, 29166, 53851, 81232, 37481, 13010, 153638, 63973, 22216, 131990, 159286, 79155, 58946, 142140, 67678, 16267, 3486, 57830, 30045, 126336, 131290, 139767, 134587, 24552, 87381]",72,"[5.0, 4.0, 5.0, 5.0, 5.0, 5.0, 5.0, 5.0, 5.0, 5.0, 5.0, 5.0, 5.0, 5.0, 5.0, 5.0, 5.0, 5.0, 5.0, 5.0, 5.0, 5.0, 5.0, 5.0, 5.0, 5.0, 5.0, 5.0, 5.0, 5.0, 4.0, 5.0, 5.0, 5.0, 5.0, 5.0, 5.0, 5.0, 5.0, 5.0, 5.0, 5.0, 5.0, 5.0, 5.0, 5.0, 5.0, 5.0, 5.0, 5.0, 5.0, 5.0, 5.0, 5.0, 5.0, 5.0, 5.0, 5.0, 5.0, 5.0, 5.0, 5.0, 5.0, 5.0, 5.0, 5.0, 5.0, 0.0, 5.0, 5.0, 5.0, 5.0]",72
8993,"[11, 0, 0, 5, 6, 0, 0, 0, 0, 8, 1, 0, 0, 0, 0, 0, 4, 0, 0, 0, 1, 0, 0, 1, 0, 0, 1, 1, 1, 1, 0, 0, 0, 8, 0, 1, 0, 0, 1, 0, 0, 0, 2, 4, 0, 0, 1, 0, 0, 0, 0, 1, 0, 1, 2, 2, 1, 1]","[44396, 155678, 33864, 149428, 157749, 10198, 159426, 137897, 13833, 120059, 20706, 97372, 56425, 168011, 61875, 68995, 71578, 70289, 71904, 97906, 10550, 25774, 15173, 125296]",24,"[5.0, 5.0, 5.0, 5.0, 5.0, 5.0, 5.0, 5.0, 5.0, 5.0, 5.0, 5.0, 3.0, 5.0, 5.0, 5.0, 5.0, 5.0, 5.0, 5.0, 5.0, 5.0, 5.0, 5.0]",24
9771,"[4, 0, 0, 1, 2, 0, 0, 0, 0, 3, 0, 0, 0, 0, 0, 0, 4, 0, 0, 0, 1, 2, 0, 0, 0, 0, 0, 0, 3, 0, 0, 0, 0, 2, 0, 0, 2, 0, 1, 0, 1, 0, 5, 5, 0, 0, 2, 0, 0, 0, 0, 0, 0, 3, 0, 1, 2, 1]","[156278, 147036, 44973, 6549, 115939, 167228, 127068, 95519, 76819, 57093]",10,"[5.0, 5.0, 3.0, 5.0, 5.0, 5.0, 3.0, 5.0, 4.0, 4.0]",10
863,"[68, 0, 0, 24, 33, 0, 0, 3, 0, 53, 2, 5, 0, 0, 0, 0, 23, 0, 0, 6, 8, 3, 3, 5, 2, 0, 3, 7, 40, 6, 0, 0, 0, 38, 0, 1, 16, 2, 4, 0, 0, 8, 20, 16, 0, 1, 37, 1, 0, 1, 1, 2, 0, 7, 5, 11, 10, 14]","[149428, 50496, 91854, 133616, 81940, 172426, 104221, 67899, 69708, 45418, 107375, 72253, 134105, 279, 65759, 168616, 172130, 37734, 9325, 83527, 103556, 36990, 119351, 71138, 49228, 45434, 139914, 15862, 82370, 13779, 10932, 50013, 131487, 160469, 127080, 164596, 34868, 150138, 66925, 27665, 151180, 73956, 89113, 166772, 117899, 3814, 69655, 56425, 68762, 108522, 15949, 79270, 85633, 135961, 685, 9651, 17320, 173688, 92292, 150229, 54293, 164499, 72535, 70529, 126698, 60958, 12095, 148885, 11144, 53780, 170097, 146901, 6549, 135406, 1825, 42168, 75244, 66593, 106644, 137900, 59664, 10788, 103033, 126085, 89188, 90652, 74840, 125707, 89924, 109557, 130417, 70790, 743, 176868, 97975, 114480, 89471, 134610, 55772, 34602, 75291, 52203, 5589, 90536, 164348, 146726, 108918, 66918, 47793, 27488, 31135, 66582, 11281, 105286, 90172, 43562, 3754, 160702, 59415, 91473, 67056, 23291, 129505, 15173, 113420, 27420, 16879, 120357, 107612, 53987, 56077, 66747, 10996, 123467, 14854, 87424, 92185, 24578, 169992, 114402, 52334, 12790, 101819, 54135, 147374]",145,"[5.0, 5.0, 3.0, 5.0, 5.0, 5.0, 5.0, 5.0, 4.0, 2.0, 5.0, 3.0, 3.0, 4.0, 5.0, 5.0, 4.0, 5.0, 3.0, 5.0, 5.0, 5.0, 1.0, 5.0, 5.0, 5.0, 4.0, 4.0, 3.0, 5.0, 4.0, 5.0, 5.0, 5.0, 3.0, 5.0, 4.0, 3.0, 3.0, 4.0, 5.0, 3.0, 5.0, 5.0, 5.0, 3.0, 5.0, 3.0, 3.0, 5.0, 4.0, 4.0, 5.0, 5.0, 3.0, 4.0, 3.0, 4.0, 4.0, 5.0, 0.0, 3.0, 3.0, 5.0, 5.0, 3.0, 5.0, 3.0, 5.0, 5.0, 4.0, 3.0, 3.0, 4.0, 5.0, 4.0, 5.0, 5.0, 5.0, 3.0, 3.0, 5.0, 3.0, 2.0, 5.0, 4.0, 3.0, 5.0, 3.0, 4.0, 4.0, 5.0, 5.0, 5.0, 4.0, 5.0, 3.0, 3.0, 5.0, 4.0, 4.0, 4.0, 5.0, 5.0, 4.0, 4.0, 3.0, 5.0, 4.0, 5.0, 2.0, 1.0, 5.0, 5.0, 5.0, 3.0, 3.0, 3.0, 5.0, 4.0, 5.0, 5.0, 5.0, 5.0, 5.0, 3.0, 4.0, 3.0, 5.0, 4.0, 0.0, 5.0, 5.0, 2.0, 3.0, 3.0, 3.0, 5.0, 5.0, 5.0, 3.0, 5.0, 5.0, 5.0, 5.0]",145
6632,"[4, 0, 0, 4, 7, 0, 0, 0, 0, 3, 0, 0, 0, 0, 1, 0, 3, 0, 0, 0, 4, 2, 0, 2, 0, 0, 0, 1, 6, 0, 0, 0, 0, 3, 0, 4, 0, 1, 0, 0, 0, 1, 5, 6, 0, 0, 4, 1, 0, 1, 0, 0, 0, 1, 1, 2, 0, 2]","[117200, 25562, 128152, 106815, 9455, 78151, 23304, 21665, 107520, 26854, 142661, 32392, 164798, 51717, 161448, 83565, 155408, 3561]",18,"[4.0, 5.0, 4.0, 4.0, 4.0, 4.0, 4.0, 3.0, 4.0, 4.0, 4.0, 5.0, 5.0, 0.0, 4.0, 5.0, 5.0, 5.0]",18
16486,"[2, 0, 0, 1, 3, 0, 0, 0, 0, 6, 1, 0, 0, 0, 0, 0, 1, 0, 0, 1, 2, 0, 0, 1, 0, 0, 0, 0, 2, 0, 0, 0, 0, 5, 0, 1, 2, 1, 1, 0, 0, 0, 1, 3, 0, 0, 1, 0, 0, 0, 0, 1, 0, 1, 0, 0, 0, 1]","[111532, 43057, 138328, 64126, 99670, 37548, 31760, 44459, 62955, 161002, 148804, 68254, 173257]",13,"[0.0, 4.0, 4.0, 0.0, 4.0, 5.0, 4.0, 4.0, 2.0, 3.0, 5.0, 5.0, 4.0]",13
15337,"[15, 0, 0, 5, 11, 0, 0, 1, 0, 4, 2, 0, 0, 0, 0, 0, 11, 0, 0, 1, 1, 2, 0, 3, 1, 0, 1, 1, 9, 1, 0, 0, 0, 14, 0, 1, 7, 5, 5, 1, 0, 2, 6, 7, 0, 1, 2, 1, 0, 1, 1, 1, 0, 2, 1, 1, 3, 3]","[51644, 20783, 145875, 11102, 73487, 16525, 49275, 108522, 92581, 102536, 109866, 24762, 119351, 81246, 136479, 102210, 164882, 26770, 171760, 22730, 109460, 128320, 89296, 142918, 30629, 79691, 86415, 75591, 26740, 73302, 35593, 16435, 48159, 149988, 91656, 166789, 158353]",37,"[5.0, 5.0, 5.0, 5.0, 5.0, 5.0, 5.0, 5.0, 5.0, 5.0, 5.0, 5.0, 5.0, 5.0, 5.0, 2.0, 5.0, 5.0, 5.0, 5.0, 5.0, 5.0, 5.0, 5.0, 5.0, 5.0, 5.0, 5.0, 5.0, 5.0, 5.0, 5.0, 4.0, 5.0, 5.0, 5.0, 5.0]",37
10949,"[3, 0, 0, 2, 0, 0, 0, 0, 0, 2, 0, 0, 0, 0, 0, 0, 1, 0, 0, 0, 0, 0, 0, 0, 0, 0, 0, 0, 3, 1, 0, 0, 0, 0, 0, 0, 2, 0, 0, 0, 0, 0, 1, 0, 0, 0, 1, 0, 0, 0, 0, 0, 0, 1, 0, 1, 0, 0]","[8170, 135961, 162858, 124230, 124600, 11712]",6,"[5.0, 5.0, 5.0, 0.0, 5.0, 5.0]",6
6781,"[4, 0, 0, 2, 0, 0, 0, 0, 0, 1, 0, 0, 0, 0, 0, 0, 2, 0, 0, 1, 0, 0, 0, 0, 0, 0, 0, 0, 0, 1, 0, 0, 0, 2, 0, 0, 1, 0, 0, 0, 0, 0, 1, 0, 0, 0, 1, 0, 0, 1, 0, 0, 0, 0, 0, 0, 0, 0]","[41378, 140767, 157113, 72589, 171599, 3708]",6,"[5.0, 5.0, 5.0, 5.0, 4.0, 4.0]",6
9905,"[12, 1, 0, 7, 4, 0, 0, 1, 0, 9, 0, 0, 0, 0, 0, 0, 6, 0, 0, 1, 5, 0, 0, 1, 1, 0, 0, 1, 5, 1, 0, 0, 0, 7, 0, 1, 0, 0, 4, 0, 0, 0, 4, 9, 0, 1, 4, 0, 0, 0, 0, 1, 0, 2, 1, 2, 0, 3]","[34261, 73519, 108222, 15175, 127080, 33572, 134517, 123651, 146276, 58790, 70795, 86952, 155982, 107319, 57975, 48820, 6725, 144829, 14665, 49677, 169774, 36589, 177884, 57203, 10514, 26020, 58774]",27,"[5.0, 5.0, 5.0, 5.0, 5.0, 5.0, 4.0, 5.0, 5.0, 5.0, 2.0, 5.0, 5.0, 5.0, 5.0, 5.0, 5.0, 5.0, 5.0, 5.0, 5.0, 4.0, 5.0, 5.0, 4.0, 4.0, 5.0]",27
4112,"[14, 0, 2, 10, 14, 0, 2, 0, 0, 15, 1, 2, 0, 0, 1, 0, 11, 0, 0, 1, 1, 0, 0, 3, 0, 0, 2, 0, 7, 1, 0, 0, 0, 9, 0, 1, 9, 1, 5, 0, 0, 3, 8, 6, 0, 1, 6, 1, 0, 0, 0, 2, 0, 2, 3, 8, 2, 3]","[160629, 102805, 6030, 52117, 106476, 9471, 99129, 153226, 176703, 137495, 51027, 45167, 48961, 1740, 61181, 75716, 23876, 141784, 121724, 152059, 84942, 39641, 153407, 6112, 151118, 47912, 47976, 57101, 99729, 31365, 123469, 98628, 27736, 124212, 5743, 93159, 171522, 128182, 45646, 68133, 127891, 11302, 116161, 103457, 124085, 31717, 159473, 80745, 112351]",49,"[5.0, 5.0, 5.0, 5.0, 5.0, 5.0, 5.0, 5.0, 5.0, 5.0, 5.0, 5.0, 5.0, 5.0, 5.0, 5.0, 5.0, 5.0, 5.0, 5.0, 5.0, 5.0, 5.0, 5.0, 5.0, 5.0, 4.0, 5.0, 5.0, 5.0, 5.0, 5.0, 5.0, 5.0, 4.0, 5.0, 5.0, 5.0, 5.0, 5.0, 5.0, 5.0, 5.0, 5.0, 5.0, 0.0, 5.0, 5.0, 4.0]",49
667,"[94, 3, 0, 45, 51, 0, 0, 12, 0, 93, 13, 15, 0, 0, 6, 0, 74, 0, 0, 11, 33, 12, 1, 15, 2, 0, 5, 8, 62, 21, 0, 4, 1, 92, 0, 4, 43, 9, 16, 0, 4, 12, 38, 51, 4, 1, 20, 2, 0, 5, 1, 2, 0, 10, 20, 41, 13, 24]","[101328, 28242, 141468, 55132, 113244, 151658, 4526, 149177, 162474, 158786, 141294, 147997, 110391, 84209, 170734, 2612, 42441, 5751, 104423, 7844, 24989, 39989, 8797, 119734, 159464, 89924, 65575, 101819, 56894, 174036, 74071, 161000, 94705, 139159, 100642, 43001, 171684, 64029, 59230, 23013, 158028, 74300, 7480, 98566, 94312, 127093, 61373, 59485, 152984, 80389, 93843, 60120, 131461, 105354, 50269, 60205, 124766, 81066, 52555, 98484, 163625, 138908, 159843, 238, 8347, 113658, 41601, 62833, 21493, 172714, 96461, 155665, 31666, 155996, 82712, 12019, 9614, 46496, 24612, 104416, 118074, 136194, 131992, 3019, 84515, 124302, 90030, 3647, 91850, 106476, 97738, 147881, 43572, 80917, 70453, 6412, 161707, 100133, 162602, 53852, 37077, 31149, 147180, 143200, 78028, 99787, 69281, 96082, 117145, 164450, 84514, 107870, 41427, 139030, 139846, 176763, 38699, 173152, 148451, 16904, 138934, 79409, 173834, 174977, 36706, 72337, 41400, 36637, 55410, 46135, 165343, 70646, 129888, 136649, 118986, 5415, 52389, 60493, 45725, 10859, 116272, 93880, 37506, 42333, 28774, 1815, 55545, 163784, 145756, 1334, 136211, 34489, 140563, 104261, 122588, 129659, 176716, 134610, 32068, 122094, 23186, 53149, 122704, 16033, 57856, 154336, 43748, 138882, 33338, 32128, 58348, 147306, 25807, 132325, 135561, 59405, 166744, 123565, 35744, 48784, 91406, 122400, 66088, 77798, 16533, 40485, 171222, 64697, 83652, 151179, 163391, 176332, 72415, 74003, 74693, 162436, 84653, 55604, 64861, 127151, 177634, 149282, 128096, 31606, 110402, 152345, 129110, 73406, 20695, 10246, 166387, 17092, 92310, 151110, 141804, 82316, 72204, 143414, 175115, 37493, 50810, 19316, 160697, 156572, 15173, 143710, 55283, 31962, 105198, 133338, 18549, 151736, 78551, 15864, 27963, 142724, 128356, 106520, 67542, 140365, 79182, 103102, 9329, 142611, 155426, 97872, 24149, 136697, 53911, 52334, 19297, 120, 139349, 150771, 159782, 150121, 54416, 108990, 11638, 123336, 40933, 9278, 167295, 10150, 39627, 135871, 3990, 84776, 59622, 20150, 152269, 56296, 129547, 123106, 142667, 30458, 28188, 54151, 164559, 172003, 133544, 54511, 109692, 57504, 5838, 171987, 56634, 56364, 105708, 6713, 150933, 87980, 142655, 58677, 111946, 79130, 53194, 38972, 165433, 1581, 126805, 114246, 90381, 62391, 124600, 153217, 154689, 93394, 91226, 92501, 58601, 169163, 83218, 33627, 148386, 164517, 177201, 129505, 110611, 10460, 171817, 64311, 46405]",323,"[5.0, 5.0, 5.0, 5.0, 5.0, 5.0, 5.0, 5.0, 2.0, 5.0, 5.0, 5.0, 5.0, 5.0, 5.0, 5.0, 5.0, 5.0, 5.0, 5.0, 5.0, 5.0, 5.0, 5.0, 5.0, 5.0, 5.0, 5.0, 5.0, 5.0, 5.0, 5.0, 5.0, 5.0, 5.0, 5.0, 5.0, 5.0, 5.0, 5.0, 5.0, 5.0, 5.0, 5.0, 5.0, 5.0, 5.0, 5.0, 5.0, 5.0, 5.0, 5.0, 5.0, 5.0, 5.0, 5.0, 5.0, 5.0, 5.0, 3.0, 5.0, 5.0, 5.0, 5.0, 5.0, 5.0, 5.0, 5.0, 5.0, 4.0, 3.0, 5.0, 5.0, 5.0, 5.0, 4.0, 5.0, 5.0, 5.0, 4.0, 4.0, 4.0, 5.0, 5.0, 4.0, 5.0, 5.0, 5.0, 5.0, 5.0, 5.0, 5.0, 4.0, 5.0, 5.0, 5.0, 5.0, 5.0, 5.0, 4.0, 5.0, 5.0, 5.0, 5.0, 3.0, 3.0, 5.0, 5.0, 4.0, 4.0, 5.0, 2.0, 5.0, 5.0, 4.0, 5.0, 5.0, 5.0, 5.0, 5.0, 5.0, 5.0, 5.0, 5.0, 5.0, 5.0, 4.0, 4.0, 4.0, 4.0, 5.0, 5.0, 4.0, 5.0, 5.0, 4.0, 5.0, 5.0, 5.0, 5.0, 5.0, 5.0, 5.0, 4.0, 5.0, 5.0, 5.0, 5.0, 5.0, 3.0, 5.0, 5.0, 5.0, 4.0, 5.0, 5.0, 5.0, 5.0, 5.0, 5.0, 5.0, 5.0, 5.0, 5.0, 4.0, 5.0, 4.0, 2.0, 5.0, 4.0, 5.0, 4.0, 3.0, 5.0, 5.0, 5.0, 5.0, 5.0, 5.0, 5.0, 4.0, 5.0, 5.0, 5.0, 5.0, 5.0, 5.0, 5.0, 5.0, 4.0, 5.0, 5.0, 3.0, 5.0, 3.0, 4.0, 4.0, 3.0, 5.0, 5.0, 4.0, 5.0, 4.0, 5.0, 5.0, 3.0, 5.0, 5.0, 5.0, 4.0, 5.0, 4.0, 5.0, 5.0, 3.0, 3.0, 5.0, 4.0, 5.0, 5.0, 5.0, 3.0, 5.0, 5.0, 4.0, 3.0, 3.0, 4.0, 5.0, 3.0, 5.0, 5.0, 3.0, 5.0, 4.0, 5.0, 5.0, 4.0, 3.0, 4.0, 4.0, 4.0, 2.0, 4.0, 4.0, 2.0, 4.0, 5.0, 4.0, 2.0, 3.0, 2.0, 5.0, 4.0, 5.0, 2.0, 3.0, 4.0, 4.0, 4.0, 4.0, 4.0, 4.0, 4.0, 5.0, 4.0, 5.0, 5.0, 5.0, 5.0, 5.0, 5.0, 3.0, 5.0, 4.0, 5.0, 3.0, 5.0, 5.0, 4.0, 5.0, 4.0, 4.0, 4.0, 5.0, 4.0, 4.0, 5.0, 4.0, 5.0, 5.0, 4.0, 5.0, 5.0, 2.0, 4.0, 4.0, 4.0, 3.0, 4.0, 5.0, 3.0, 2.0, 5.0, 5.0, 5.0, 4.0, 4.0, 4.0, 5.0, 5.0, 5.0, 4.0, 4.0, 5.0, 4.0, 4.0, 4.0, 4.0, 4.0, 5.0, 4.0, 5.0]",323
2222,"[6, 0, 0, 3, 4, 1, 0, 0, 0, 10, 2, 2, 0, 0, 1, 0, 3, 0, 0, 1, 3, 1, 0, 0, 0, 0, 0, 2, 3, 1, 0, 1, 0, 5, 0, 0, 4, 2, 2, 1, 0, 1, 3, 5, 0, 1, 1, 0, 0, 3, 0, 1, 0, 1, 2, 4, 0, 3]","[91587, 46772, 14452, 54984, 56733, 170604, 8351, 58905, 128132, 95592, 22172, 849, 96177, 4722, 132592, 30656, 86685, 88511, 28738, 54107, 43926, 131598, 160498, 168389, 163917]",25,"[5.0, 5.0, 5.0, 5.0, 5.0, 5.0, 5.0, 5.0, 5.0, 1.0, 4.0, 5.0, 4.0, 5.0, 5.0, 4.0, 4.0, 5.0, 5.0, 4.0, 5.0, 5.0, 5.0, 0.0, 4.0]",25
3511,"[17, 0, 0, 5, 10, 0, 0, 0, 0, 14, 2, 2, 0, 0, 2, 0, 4, 0, 0, 1, 0, 1, 0, 1, 0, 0, 0, 0, 10, 3, 0, 0, 0, 10, 0, 1, 7, 3, 3, 0, 0, 2, 11, 9, 1, 0, 4, 1, 0, 0, 0, 0, 0, 2, 1, 7, 3, 3]","[9677, 108731, 84120, 1652, 14319, 10446, 21362, 31005, 79832, 173834, 27293, 49573, 176758, 84745, 1420, 154481, 171971, 117590, 44588, 31827, 24325, 123959, 161519, 89385, 28790, 63209, 16261, 65380, 45970, 111525, 60962, 95936, 148892, 17259, 121794, 154361, 87535, 83134, 169970, 155499, 55363, 54421]",42,"[5.0, 5.0, 5.0, 5.0, 5.0, 5.0, 5.0, 5.0, 5.0, 5.0, 4.0, 4.0, 5.0, 5.0, 5.0, 5.0, 5.0, 5.0, 5.0, 5.0, 5.0, 5.0, 5.0, 4.0, 5.0, 5.0, 5.0, 4.0, 5.0, 5.0, 5.0, 5.0, 5.0, 5.0, 5.0, 5.0, 5.0, 5.0, 5.0, 5.0, 5.0, 5.0]",42
5569,"[14, 0, 0, 8, 7, 0, 0, 0, 1, 7, 0, 1, 0, 0, 1, 1, 5, 0, 0, 1, 3, 1, 0, 5, 1, 0, 3, 0, 4, 3, 0, 0, 0, 10, 0, 0, 6, 2, 3, 0, 0, 1, 3, 4, 0, 0, 4, 0, 0, 0, 0, 1, 0, 0, 0, 0, 4, 4]","[178044, 109023, 172188, 66950, 110728, 132375, 159606, 153976, 126937, 36418, 98355, 171987, 87660, 24114, 156440, 119283, 91200, 34486, 37752, 49181, 138136, 79691, 2733, 106807, 123153, 50925, 81837, 30448, 164882, 78783, 146608, 131444, 110417, 166695]",34,"[5.0, 5.0, 5.0, 5.0, 5.0, 5.0, 5.0, 5.0, 5.0, 5.0, 5.0, 5.0, 5.0, 5.0, 5.0, 5.0, 5.0, 5.0, 5.0, 5.0, 5.0, 5.0, 5.0, 5.0, 5.0, 5.0, 5.0, 5.0, 5.0, 5.0, 5.0, 5.0, 5.0, 5.0]",34
3666,"[12, 0, 0, 2, 6, 0, 0, 0, 0, 10, 0, 1, 0, 0, 1, 0, 3, 0, 0, 1, 1, 1, 0, 0, 1, 0, 0, 1, 2, 0, 0, 0, 0, 3, 1, 0, 3, 2, 3, 0, 0, 1, 6, 2, 0, 0, 2, 0, 0, 1, 0, 1, 0, 1, 0, 0, 0, 1]","[150638, 89113, 129996, 85346, 110777, 127132, 107977, 13968, 132615, 41145, 50710, 77549, 174710, 167258, 64569, 113904, 144268, 1559, 17676, 75942, 127471, 116680, 116801, 82856]",24,"[5.0, 5.0, 4.0, 5.0, 5.0, 5.0, 4.0, 5.0, 5.0, 5.0, 5.0, 4.0, 5.0, 5.0, 5.0, 4.0, 5.0, 5.0, 5.0, 5.0, 4.0, 5.0, 5.0, 4.0]",24
10242,"[3, 0, 0, 1, 1, 0, 0, 0, 0, 2, 1, 0, 0, 0, 0, 0, 1, 0, 0, 0, 0, 1, 0, 2, 1, 0, 0, 0, 1, 0, 0, 0, 0, 0, 0, 0, 1, 0, 0, 0, 0, 0, 0, 0, 0, 0, 1, 0, 0, 1, 0, 0, 0, 0, 0, 0, 0, 0]","[51701, 43207, 140087, 135287, 43796, 7223]",6,"[5.0, 5.0, 5.0, 5.0, 5.0, 5.0]",6
11735,"[9, 0, 0, 4, 2, 0, 0, 0, 0, 4, 0, 0, 0, 0, 0, 0, 0, 0, 0, 0, 0, 0, 0, 0, 0, 0, 0, 0, 1, 0, 0, 0, 0, 6, 0, 1, 0, 0, 2, 0, 0, 0, 1, 0, 0, 0, 0, 0, 0, 0, 0, 1, 0, 0, 0, 1, 2, 1]","[22276, 19288, 12666, 104703, 131760, 9245, 38660, 177167, 101792, 118414, 76059]",11,"[5.0, 5.0, 2.0, 4.0, 4.0, 5.0, 4.0, 5.0, 4.0, 5.0, 4.0]",11
12352,"[5, 0, 0, 2, 1, 0, 0, 0, 0, 4, 0, 0, 0, 0, 2, 0, 2, 0, 0, 0, 2, 0, 0, 0, 0, 0, 0, 0, 2, 0, 0, 0, 0, 0, 0, 0, 0, 0, 0, 0, 0, 0, 0, 4, 0, 0, 1, 0, 0, 0, 0, 1, 0, 0, 0, 1, 0, 0]","[77259, 71582, 10112, 71408, 80262, 62822, 129993]",7,"[0.0, 0.0, 0.0, 5.0, 5.0, 5.0, 5.0]",7
53,"[77, 2, 1, 61, 103, 0, 1, 9, 1, 150, 7, 13, 0, 0, 9, 0, 87, 0, 0, 10, 35, 25, 3, 23, 1, 0, 11, 12, 69, 10, 0, 6, 2, 84, 0, 5, 54, 19, 44, 0, 0, 10, 92, 67, 4, 2, 38, 7, 0, 9, 5, 3, 1, 37, 16, 59, 7, 42]","[815, 28897, 62126, 25472, 79091, 16266, 142959, 38698, 128577, 13041, 138762, 10735, 130513, 28552, 156278, 151855, 131918, 84692, 46197, 162436, 74693, 51847, 85433, 101961, 45446, 84437, 31908, 124484, 59082, 158071, 119529, 97437, 145695, 12789, 117291, 158472, 22683, 32845, 38703, 145323, 52463, 172675, 166891, 133247, 21025, 79073, 159244, 154922, 127227, 108858, 82716, 164689, 52321, 90672, 28986, 86859, 35259, 174682, 136923, 100524, 169677, 114837, 24957, 28082, 164099, 65281, 4445, 108382, 84699, 121851, 76237, 122985, 91255, 56441, 91674, 25518, 58339, 6967, 16662, 74407, 1757, 115302, 113084, 68730, 21625, 166077, 51001, 121498, 67255, 30020, 42013, 93532, 172799, 172290, 3559, 1037, 106007, 142516, 17564, 47726, 173270, 115042, 26868, 16700, 79746, 83080, 141171, 103683, 93840, 86408, 100431, 34508, 105703, 122268, 143805, 50529, 6154, 82402, 131807, 124602, 131114, 39403, 155664, 27730, 103262, 86210, 111860, 156268, 137868, 14530, 57878, 173872, 175952, 48291, 163625, 139695, 13284, 161614, 18537, 150323, 69699, 166444, 167965, 95379, 16521, 93882, 76521, 80054, 155102, 51704, 101088, 135269, 122019, 109129, 159084, 129811, 87633, 92185, 119342, 135978, 28887, 20893, 155944, 119791, 99498, 41116, 24980, 22620, 23855, 529, 18840, 163382, 62438, 169656, 105033, 58946, 141779, 114973, 109875, 123494, 68657, 83337, 32068, 62175, 76615, 4270, 167645, 133040, 128137, 30337, 114402, 23668, 63914, 65835, 63569, 31827, 78956, 161029, 106520, 37186, 66655, 147374, 66747, 9944, 96528, 116022, 7658, 48553, 116951, 80363, 100001, 55050, 6360, 36962, 89177, 158194, 108749, 67841, 84679, 2537, 107474, 169175, 43767, 75825, 6486, 53417, 1455, 155924, 30436, 2280, 80506, 52425, 10394, 156936, 138664, 132023, 69677, 118790, 127543, 173947, 62598, 51144, 141667, 174877, 120526, 121556, 149532, 143504, 129895, 141038, 91901, 48159, 532, 82100, 122681, 62099, 151983, 5515, 31323, 173444, 98256, 28768, 42747, 78961, 21972, 51953, 77223, 67852, 32328, 118634, 109496, 71767, 50501, 162341, 155903, 57609, 133740, 121899, 91155, 92175, 63700, 10908, 17065, 31295, 24816, 29883, 43532, 39353, 24870, 70067, 44313, 72817, 38107, 60184, 175701, 61366, 83519, 163211, 140585, 18, 137822, 127549, 141022, 46218, 120500, 101933, 105605, 14321, 47680, 35402, 151180, 108007, 144961, 51959, 145273, 4691, 97636, 110864, 105881, 145090, 6446, 80562, 10870, 60995, 151678, 77798, 91944, 156472, 72279, 116162, 17411, 10744, 116678, 164712, 166405, 13083, 88156, 37046, 130137, 90826, 67333, 149321, 140807, 83124, 177496, 22930, 152511, 9325, 21237, 132330, 36831, 7102, 107742, 36689, 147180, 99869, 50909, 71885, 50608, 160614, 159053, 77889]",362,"[5.0, 5.0, 5.0, 4.0, 5.0, 4.0, 5.0, 5.0, 5.0, 5.0, 4.0, 5.0, 5.0, 5.0, 5.0, 5.0, 4.0, 4.0, 5.0, 5.0, 3.0, 5.0, 5.0, 4.0, 5.0, 5.0, 5.0, 5.0, 5.0, 5.0, 4.0, 4.0, 5.0, 5.0, 5.0, 4.0, 5.0, 5.0, 5.0, 5.0, 5.0, 5.0, 5.0, 5.0, 5.0, 5.0, 5.0, 5.0, 5.0, 5.0, 5.0, 5.0, 5.0, 5.0, 5.0, 5.0, 4.0, 5.0, 5.0, 4.0, 5.0, 5.0, 4.0, 5.0, 4.0, 5.0, 5.0, 5.0, 5.0, 5.0, 4.0, 5.0, 5.0, 5.0, 5.0, 5.0, 5.0, 5.0, 4.0, 5.0, 3.0, 4.0, 4.0, 4.0, 3.0, 5.0, 5.0, 5.0, 5.0, 4.0, 4.0, 5.0, 3.0, 5.0, 4.0, 5.0, 4.0, 4.0, 1.0, 4.0, 5.0, 3.0, 4.0, 4.0, 4.0, 5.0, 3.0, 5.0, 4.0, 5.0, 4.0, 0.0, 4.0, 5.0, 5.0, 3.0, 5.0, 5.0, 4.0, 4.0, 3.0, 5.0, 4.0, 4.0, 5.0, 3.0, 4.0, 4.0, 4.0, 4.0, 4.0, 4.0, 4.0, 3.0, 5.0, 4.0, 5.0, 5.0, 4.0, 4.0, 5.0, 5.0, 5.0, 3.0, 5.0, 5.0, 5.0, 5.0, 5.0, 4.0, 4.0, 5.0, 4.0, 5.0, 5.0, 5.0, 4.0, 5.0, 4.0, 4.0, 5.0, 5.0, 5.0, 5.0, 5.0, 4.0, 4.0, 5.0, 5.0, 3.0, 4.0, 5.0, 5.0, 5.0, 4.0, 5.0, 5.0, 4.0, 5.0, 5.0, 5.0, 5.0, 5.0, 5.0, 5.0, 5.0, 5.0, 4.0, 4.0, 4.0, 5.0, 4.0, 4.0, 4.0, 4.0, 4.0, 5.0, 5.0, 5.0, 4.0, 4.0, 5.0, 5.0, 5.0, 4.0, 4.0, 5.0, 5.0, 5.0, 5.0, 5.0, 5.0, 5.0, 5.0, 5.0, 4.0, 4.0, 4.0, 5.0, 4.0, 4.0, 5.0, 5.0, 5.0, 5.0, 5.0, 5.0, 5.0, 4.0, 5.0, 5.0, 5.0, 5.0, 5.0, 5.0, 5.0, 5.0, 4.0, 5.0, 5.0, 5.0, 5.0, 5.0, 5.0, 4.0, 5.0, 5.0, 5.0, 4.0, 5.0, 5.0, 5.0, 5.0, 5.0, 5.0, 5.0, 5.0, 5.0, 4.0, 5.0, 5.0, 4.0, 5.0, 2.0, 5.0, 5.0, 5.0, 5.0, 5.0, 5.0, 5.0, 5.0, 5.0, 5.0, 5.0, 5.0, 5.0, 5.0, 5.0, 5.0, 5.0, 5.0, 5.0, 5.0, 5.0, 5.0, 5.0, 5.0, 4.0, 5.0, 5.0, 5.0, 5.0, 5.0, 5.0, 5.0, 5.0, 5.0, 5.0, 5.0, 3.0, 3.0, 5.0, 5.0, 5.0, 4.0, 4.0, 5.0, 5.0, 5.0, 5.0, 5.0, 5.0, 5.0, 5.0, 5.0, 5.0, 4.0, 4.0, 3.0, 5.0, 5.0, 5.0, 4.0, 5.0, 5.0, 5.0, 4.0, 5.0, 5.0, 5.0, 5.0, 5.0, 5.0, 4.0, 5.0, 5.0, 5.0, 5.0, 5.0, 5.0, 5.0, 4.0, 4.0, 3.0, 5.0, 5.0, 5.0, 5.0, 5.0, 5.0, 5.0, 5.0, 5.0, 5.0, 5.0, 5.0, 5.0, 5.0, 5.0, 5.0, 5.0]",362
19106,"[3, 1, 0, 1, 6, 0, 0, 1, 0, 1, 0, 0, 0, 0, 0, 0, 3, 0, 0, 0, 2, 0, 0, 2, 0, 0, 0, 0, 3, 0, 0, 0, 0, 1, 0, 0, 0, 0, 2, 0, 0, 0, 5, 0, 0, 1, 0, 0, 0, 1, 0, 0, 0, 2, 0, 1, 0, 1]","[113987, 37047, 97465, 115443, 177367, 101200, 28141, 94243, 166269, 126120, 86522]",11,"[4.0, 0.0, 0.0, 5.0, 5.0, 0.0, 5.0, 5.0, 4.0, 5.0, 3.0]",11
21475,"[5, 2, 0, 4, 4, 0, 0, 2, 0, 5, 1, 0, 0, 0, 0, 0, 2, 0, 0, 1, 0, 0, 0, 2, 0, 0, 0, 0, 1, 0, 0, 0, 0, 5, 0, 1, 1, 0, 2, 0, 0, 0, 3, 2, 0, 1, 0, 2, 0, 0, 0, 1, 0, 0, 0, 0, 0, 1]","[70025, 89398, 131785, 87854, 74837, 39796, 128985, 160396, 50871, 79851, 157141, 98830, 161412, 40574, 93964, 93669, 98492, 49677]",18,"[5.0, 5.0, 5.0, 5.0, 5.0, 5.0, 5.0, 5.0, 5.0, 5.0, 5.0, 5.0, 5.0, 5.0, 5.0, 0.0, 5.0, 5.0]",18
18531,"[6, 0, 0, 2, 3, 0, 0, 0, 0, 5, 1, 1, 0, 0, 1, 0, 1, 0, 0, 0, 1, 0, 0, 1, 0, 0, 0, 1, 6, 0, 0, 0, 0, 0, 0, 0, 0, 0, 1, 0, 0, 0, 4, 1, 0, 0, 0, 0, 0, 0, 0, 0, 0, 1, 0, 0, 0, 1]","[161603, 163554, 162906, 50710, 119308, 48063, 172476, 134610, 115932, 155752, 171096, 53595, 73853, 78501, 21258]",15,"[5.0, 3.0, 3.0, 4.0, 5.0, 5.0, 5.0, 1.0, 4.0, 4.0, 2.0, 4.0, 5.0, 5.0, 3.0]",15
9657,"[6, 0, 1, 4, 6, 0, 0, 0, 0, 10, 0, 0, 0, 0, 1, 0, 6, 0, 0, 2, 0, 1, 0, 3, 0, 0, 1, 3, 7, 0, 0, 0, 0, 8, 0, 1, 6, 2, 4, 0, 0, 2, 6, 4, 0, 0, 1, 0, 0, 0, 0, 0, 0, 2, 2, 10, 0, 5]","[37359, 145841, 96207, 32431, 14518, 111052, 37575, 164596, 136743, 15173, 166720, 110671, 64659, 122621, 79091, 19771, 89063, 152493, 53968, 29746, 6486, 104770, 27978, 156173, 171987, 74235, 164804, 119404, 44091]",29,"[5.0, 5.0, 3.0, 5.0, 5.0, 4.0, 5.0, 5.0, 4.0, 4.0, 4.0, 4.0, 5.0, 5.0, 5.0, 4.0, 5.0, 4.0, 5.0, 5.0, 5.0, 4.0, 5.0, 5.0, 5.0, 5.0, 2.0, 4.0, 5.0]",29
288,"[157, 3, 0, 44, 39, 0, 0, 10, 2, 134, 1, 11, 0, 0, 3, 0, 35, 0, 0, 10, 6, 7, 6, 15, 2, 0, 10, 12, 73, 18, 0, 2, 1, 91, 0, 2, 40, 4, 16, 0, 0, 8, 16, 42, 3, 3, 31, 2, 0, 1, 0, 0, 0, 10, 11, 36, 6, 28]","[34958, 6545, 95104, 23722, 103681, 88132, 89447, 92292, 80222, 126205, 61029, 149672, 2949, 90042, 101819, 98797, 30713, 78821, 67898, 124045, 133098, 113379, 30331, 104128, 101564, 89919, 70144, 24743, 63161, 169465, 91600, 168470, 81727, 18007, 168476, 172874, 66508, 19769, 64802, 65803, 109273, 170188, 142799, 133047, 116064, 160990, 90038, 96833, 28552, 71102, 107197, 28627, 91100, 30511, 106710, 161791, 125669, 43103, 76192, 97241, 163240, 175369, 41410, 30000, 63265, 120742, 61971, 32296, 22870, 95421, 165465, 37866, 31583, 173080, 66771, 14711, 24822, 150771, 4556, 131276, 106335, 163108, 169795, 71389, 48169, 87832, 115172, 90952, 122530, 49200, 97242, 84782, 56425, 75244, 160680, 113515, 108034, 61366, 85109, 59231, 73048, 163625, 11669, 154364, 117057, 33496, 55772, 139314, 9516, 151211, 125434, 30955, 172714, 101904, 33240, 173101, 75209, 154525, 89188, 32267, 41427, 131422, 114480, 119044, 105538, 97191, 98822, 140898, 34291, 63482, 102699, 159522, 161086, 144201, 164173, 53147, 18787, 106804, 106606, 139718, 11684, 89741, 279, 39976, 162186, 102498, 139822, 86747, 4503, 27355, 21968, 144694, 140580, 84892, 169353, 39913, 171004, 158083, 23894, 134740, 94876, 4152, 114146, 64117, 52283, 132907, 136150, 117524, 17884, 30323, 147593, 9327, 121777, 82067, 78609, 63642, 37287, 38924, 72401, 26489, 117145, 124743, 25290, 51694, 34399, 137222, 75869, 4793, 101652, 71011, 108671, 109674, 134319, 130008, 110079, 22322, 113077, 137003, 55637, 133530, 102412, 94718, 148089, 68911, 5006, 157141, 142404, 105067, 15173, 151526, 33572, 80848, 96302, 106973, 47495, 82658, 61061, 111822, 79095, 111032, 53173, 91520, 93685, 19867, 162366, 122090, 124567, 175567, 27606, 78507, 25686, 134283, 54986, 21617, 46896, 139669, 129531, 151583, 158422, 136742, 71578, 141777, 397, 116780, 155908, 131131, 31024, 154750, 65427, 15775, 166665, 135087, 74427, 10566, 62794, 46812, 45418, 106975, 126965, 136916, 25280, 90536, 117716, 146750, 44907, 78348, 26419, 135961, 138251, 47500, 1783, 112, 71294, 103767, 86173, 148451, 41436, 8370, 22924, 82257, 116779, 3119, 36954, 113937, 128065, 82913, 42613, 110858, 28821, 89888, 139177, 67650, 3337, 102942]",294,"[5.0, 3.0, 5.0, 4.0, 5.0, 4.0, 5.0, 5.0, 5.0, 5.0, 5.0, 4.0, 5.0, 5.0, 5.0, 5.0, 5.0, 5.0, 5.0, 4.0, 5.0, 5.0, 5.0, 5.0, 5.0, 5.0, 5.0, 5.0, 5.0, 5.0, 5.0, 4.0, 5.0, 3.0, 5.0, 5.0, 5.0, 2.0, 5.0, 5.0, 5.0, 4.0, 5.0, 5.0, 5.0, 5.0, 5.0, 5.0, 5.0, 4.0, 5.0, 5.0, 5.0, 5.0, 5.0, 5.0, 5.0, 5.0, 5.0, 5.0, 5.0, 4.0, 5.0, 5.0, 5.0, 5.0, 5.0, 3.0, 5.0, 5.0, 5.0, 5.0, 5.0, 4.0, 5.0, 5.0, 5.0, 4.0, 5.0, 5.0, 5.0, 5.0, 5.0, 5.0, 5.0, 4.0, 5.0, 5.0, 5.0, 5.0, 5.0, 5.0, 5.0, 5.0, 4.0, 5.0, 5.0, 5.0, 5.0, 5.0, 5.0, 5.0, 4.0, 5.0, 5.0, 5.0, 5.0, 5.0, 4.0, 5.0, 5.0, 5.0, 5.0, 5.0, 5.0, 4.0, 5.0, 5.0, 5.0, 5.0, 5.0, 5.0, 5.0, 4.0, 5.0, 5.0, 5.0, 5.0, 5.0, 5.0, 5.0, 5.0, 5.0, 5.0, 0.0, 4.0, 5.0, 5.0, 4.0, 5.0, 5.0, 5.0, 4.0, 5.0, 5.0, 5.0, 4.0, 5.0, 5.0, 5.0, 5.0, 5.0, 5.0, 5.0, 5.0, 4.0, 5.0, 5.0, 5.0, 5.0, 5.0, 5.0, 5.0, 5.0, 5.0, 5.0, 4.0, 5.0, 5.0, 3.0, 5.0, 5.0, 4.0, 5.0, 4.0, 5.0, 5.0, 4.0, 5.0, 5.0, 5.0, 5.0, 3.0, 5.0, 5.0, 5.0, 4.0, 5.0, 5.0, 5.0, 4.0, 4.0, 5.0, 5.0, 5.0, 5.0, 5.0, 4.0, 5.0, 5.0, 5.0, 4.0, 5.0, 5.0, 4.0, 5.0, 4.0, 3.0, 5.0, 5.0, 5.0, 5.0, 5.0, 5.0, 4.0, 5.0, 5.0, 5.0, 5.0, 5.0, 4.0, 5.0, 5.0, 4.0, 5.0, 4.0, 5.0, 5.0, 5.0, 5.0, 5.0, 5.0, 5.0, 5.0, 5.0, 5.0, 4.0, 5.0, 5.0, 5.0, 5.0, 5.0, 5.0, 5.0, 5.0, 5.0, 5.0, 5.0, 5.0, 4.0, 5.0, 5.0, 5.0, 4.0, 5.0, 4.0, 5.0, 5.0, 5.0, 4.0, 5.0, 5.0, 5.0, 5.0, 5.0, 5.0, 5.0, 5.0, 5.0, 4.0, 5.0, 5.0, 5.0, 5.0, 5.0, 5.0, 5.0, 4.0, 5.0, 5.0, 5.0, 2.0, 5.0, 5.0, 5.0, 5.0, 5.0, 5.0, 5.0, 5.0, 4.0, 5.0, 5.0, 5.0]",294
1284,"[71, 0, 0, 35, 43, 0, 0, 8, 0, 58, 3, 5, 0, 1, 3, 0, 27, 0, 0, 9, 11, 10, 1, 5, 2, 0, 4, 7, 28, 5, 0, 0, 0, 63, 0, 2, 17, 5, 9, 0, 0, 5, 33, 25, 0, 1, 24, 2, 0, 4, 1, 4, 0, 12, 6, 3, 21, 11]","[151381, 63964, 5346, 86642, 93959, 108150, 147708, 28569, 136324, 82870, 120674, 8773, 19359, 54608, 168038, 3953, 84918, 1469, 49915, 26588, 61062, 146934, 5524, 550, 109735, 78386, 12169, 170332, 140198, 168569, 39192, 151668, 99787, 67212, 89409, 155325, 120976, 143773, 139004, 20280, 160926, 57192, 63069, 20310, 166817, 27093, 113937, 161211, 151311, 17747, 23939, 102029, 25918, 113713, 176298, 119799, 162742, 68140, 113414, 103620, 117439, 125637, 97517, 42777, 134610, 55713, 946, 79691, 113515, 18497, 100824, 3754, 119837, 15077, 8863, 37047, 124549, 141458, 18311, 134018, 18657, 173701, 9495, 164582, 151532, 174540, 124465, 50095, 111546, 33338, 167961, 116091, 22937, 145673, 34530, 7736, 151443, 39077, 115516, 137473, 167411, 21971, 98110, 14576, 91912, 111196, 49593, 95918, 102579, 168214, 81319, 136499, 44481, 58997, 118169, 58369, 42272, 5439, 77632, 107474, 121029, 97494, 160095, 40757, 57349, 38062, 98361, 43973, 146786, 12327, 148283, 100319, 9934, 97960, 48476, 44067, 118099, 166586, 82042, 97700, 80129, 146734, 121725, 169599, 140882, 164563, 89439, 34637, 121070, 20564, 121923, 86420, 73843, 10121, 148156, 24414, 88962, 107919, 61246, 111836, 132210, 104305, 143421, 78770, 158027, 73974, 4471, 160154, 54792, 59504, 35259, 12833, 177628, 6639, 80165, 32191, 42560, 480, 74021, 70726, 96994]",181,"[5.0, 5.0, 5.0, 5.0, 5.0, 5.0, 1.0, 5.0, 5.0, 5.0, 5.0, 5.0, 5.0, 5.0, 5.0, 5.0, 5.0, 5.0, 5.0, 5.0, 5.0, 5.0, 5.0, 5.0, 5.0, 5.0, 5.0, 5.0, 5.0, 5.0, 1.0, 5.0, 5.0, 5.0, 5.0, 5.0, 5.0, 5.0, 5.0, 5.0, 5.0, 5.0, 5.0, 5.0, 5.0, 5.0, 5.0, 5.0, 5.0, 5.0, 5.0, 5.0, 5.0, 5.0, 5.0, 5.0, 5.0, 5.0, 5.0, 5.0, 5.0, 5.0, 5.0, 5.0, 4.0, 5.0, 5.0, 5.0, 5.0, 4.0, 5.0, 5.0, 5.0, 5.0, 5.0, 5.0, 5.0, 5.0, 5.0, 5.0, 5.0, 5.0, 5.0, 5.0, 5.0, 5.0, 5.0, 5.0, 5.0, 5.0, 5.0, 5.0, 5.0, 5.0, 5.0, 5.0, 5.0, 5.0, 5.0, 5.0, 5.0, 5.0, 5.0, 5.0, 5.0, 5.0, 5.0, 5.0, 5.0, 5.0, 5.0, 5.0, 5.0, 5.0, 5.0, 5.0, 5.0, 5.0, 5.0, 5.0, 5.0, 5.0, 5.0, 5.0, 5.0, 5.0, 5.0, 5.0, 5.0, 5.0, 5.0, 5.0, 5.0, 5.0, 5.0, 5.0, 5.0, 5.0, 5.0, 5.0, 5.0, 5.0, 5.0, 5.0, 5.0, 5.0, 5.0, 5.0, 5.0, 5.0, 5.0, 5.0, 5.0, 5.0, 5.0, 5.0, 5.0, 5.0, 5.0, 5.0, 5.0, 5.0, 5.0, 5.0, 5.0, 5.0, 5.0, 5.0, 5.0, 5.0, 5.0, 5.0, 5.0, 5.0, 5.0, 5.0, 5.0, 5.0, 5.0, 5.0, 5.0]",181
1867,"[9, 0, 0, 1, 0, 0, 0, 0, 0, 2, 0, 0, 0, 0, 0, 0, 1, 0, 0, 0, 1, 0, 0, 0, 0, 0, 0, 0, 0, 0, 0, 0, 0, 0, 0, 0, 0, 0, 0, 0, 0, 0, 1, 0, 0, 0, 3, 0, 0, 0, 0, 0, 0, 0, 0, 0, 0, 1]","[145792, 15489, 176248, 155736, 109193, 161675, 86128, 19887, 722, 47775, 175229]",11,"[4.0, 1.0, 5.0, 2.0, 3.0, 3.0, 5.0, 0.0, 0.0, 5.0, 3.0]",11
11503,"[13, 0, 0, 7, 2, 0, 0, 0, 0, 13, 1, 1, 0, 1, 1, 0, 4, 0, 0, 0, 1, 1, 0, 0, 0, 0, 0, 0, 7, 2, 0, 1, 0, 3, 0, 0, 2, 0, 1, 0, 0, 0, 1, 2, 0, 0, 3, 0, 0, 1, 0, 0, 0, 2, 0, 0, 0, 1]","[138627, 167814, 126487, 112454, 132981, 9651, 57415, 157072, 28552, 50899, 109557, 8862, 131692, 161412, 158535, 171717, 135961, 127080, 149016, 39192, 89882, 51825, 32036]",23,"[5.0, 4.0, 2.0, 5.0, 4.0, 5.0, 4.0, 1.0, 5.0, 4.0, 2.0, 3.0, 4.0, 5.0, 2.0, 5.0, 5.0, 5.0, 4.0, 5.0, 4.0, 4.0, 4.0]",23
11359,"[16, 0, 0, 5, 7, 0, 0, 1, 0, 13, 0, 0, 0, 0, 0, 0, 4, 0, 0, 1, 4, 0, 0, 0, 2, 0, 2, 1, 6, 2, 0, 0, 0, 8, 0, 0, 4, 1, 2, 0, 0, 3, 4, 5, 1, 0, 4, 1, 0, 1, 0, 0, 0, 1, 0, 2, 0, 7]","[51825, 53780, 14872, 8807, 78041, 97095, 39424, 23801, 164348, 120879, 120118, 68912, 122693, 105528, 65078, 8666, 99653, 34118, 92292, 19812, 99592, 167619, 135573, 28468, 94565, 127885, 69528, 147374, 170468, 20935, 127379, 50522]",32,"[5.0, 5.0, 5.0, 5.0, 0.0, 5.0, 5.0, 4.0, 5.0, 5.0, 5.0, 0.0, 5.0, 5.0, 5.0, 5.0, 5.0, 5.0, 5.0, 5.0, 5.0, 3.0, 5.0, 5.0, 5.0, 5.0, 5.0, 5.0, 5.0, 5.0, 5.0, 5.0]",32
20900,"[2, 0, 0, 1, 3, 0, 0, 0, 1, 3, 1, 0, 0, 0, 0, 0, 0, 0, 0, 0, 0, 0, 0, 0, 0, 0, 0, 0, 0, 0, 0, 0, 0, 4, 0, 0, 2, 0, 2, 0, 0, 0, 3, 1, 0, 0, 3, 0, 0, 0, 0, 1, 0, 2, 0, 1, 0, 3]","[30713, 72857, 57401, 54149, 168342, 82528, 116891, 164131]",8,"[5.0, 4.0, 5.0, 5.0, 5.0, 5.0, 5.0, 5.0]",8
17270,"[3, 0, 0, 1, 0, 0, 0, 0, 0, 3, 0, 0, 0, 0, 1, 0, 3, 0, 0, 0, 1, 0, 0, 0, 0, 0, 0, 0, 0, 0, 0, 0, 0, 2, 0, 0, 0, 0, 0, 0, 0, 0, 1, 2, 0, 0, 0, 0, 0, 0, 0, 0, 0, 0, 0, 1, 0, 0]","[57049, 70289, 81653, 65552, 62352, 21303]",6,"[3.0, 4.0, 4.0, 5.0, 5.0, 4.0]",6
1235,"[4, 0, 0, 0, 1, 0, 0, 0, 0, 0, 1, 0, 0, 0, 0, 0, 2, 0, 0, 0, 0, 0, 0, 0, 1, 0, 0, 0, 1, 0, 0, 0, 0, 0, 0, 0, 0, 0, 1, 0, 0, 0, 3, 1, 0, 0, 1, 0, 0, 0, 0, 0, 0, 0, 0, 0, 0, 1]","[8365, 452, 127307, 92292, 63069, 49994, 134610]",7,"[5.0, 5.0, 5.0, 5.0, 5.0, 5.0, 5.0]",7
4094,"[6, 0, 0, 2, 3, 0, 0, 0, 0, 5, 0, 0, 1, 0, 0, 0, 3, 0, 0, 0, 2, 1, 1, 0, 0, 0, 0, 0, 0, 1, 0, 0, 0, 6, 1, 0, 5, 0, 1, 0, 0, 0, 1, 4, 0, 0, 1, 0, 0, 2, 0, 0, 0, 0, 0, 2, 0, 2]","[10393, 130878, 108339, 91816, 100054, 46898, 41213, 18104, 16201, 102847, 98001, 65106, 1718, 87730, 139876, 20328, 94618, 163738]",18,"[5.0, 4.0, 5.0, 4.0, 5.0, 4.0, 5.0, 4.0, 4.0, 5.0, 5.0, 4.0, 5.0, 3.0, 0.0, 5.0, 5.0, 4.0]",18
21531,"[4, 0, 0, 1, 6, 0, 0, 0, 0, 4, 0, 0, 0, 0, 0, 0, 1, 0, 0, 0, 1, 1, 0, 0, 1, 0, 0, 0, 2, 0, 0, 0, 0, 2, 0, 0, 2, 0, 1, 0, 0, 0, 4, 2, 0, 0, 2, 0, 0, 0, 0, 0, 0, 1, 0, 0, 0, 0]","[147645, 106520, 127080, 97526, 45374, 149428, 49743, 128984, 116697]",9,"[5.0, 5.0, 0.0, 5.0, 5.0, 5.0, 5.0, 5.0, 0.0]",9
3504,"[28, 0, 0, 20, 40, 1, 1, 4, 0, 28, 0, 1, 0, 0, 1, 0, 10, 0, 0, 3, 10, 2, 3, 0, 1, 0, 0, 3, 5, 6, 0, 0, 0, 24, 0, 3, 13, 2, 9, 0, 0, 2, 25, 17, 1, 0, 8, 3, 0, 0, 0, 3, 0, 8, 4, 12, 2, 8]","[63893, 168126, 72319, 6616, 77943, 57535, 97240, 136179, 93192, 130830, 135041, 159239, 16347, 41713, 158652, 105495, 26324, 98580, 64300, 54815, 162207, 108239, 18988, 52931, 83916, 116156, 98219, 60003, 7810, 164023, 154742, 103842, 147997, 83396, 147305, 108784, 144433, 105633, 87599, 123783, 94697, 4126, 165826, 17138, 155963, 17240, 123802, 1412, 61777, 111204, 152537, 48650, 75291, 62436, 167774, 128730, 96935, 68177, 53582, 82712, 100960, 105608, 155916, 127906, 153921, 65168, 175967, 41870, 66315, 170983, 21526, 57366, 144992, 136395, 139862, 131381, 157481, 57276, 70296, 134399, 9605, 97359, 71047, 34601, 10517, 141186, 113901, 138068, 38083, 176014, 177796, 144821, 147066, 99089, 136789, 48881, 151381, 50635, 116731, 17509, 42755, 112963, 107140]",103,"[5.0, 5.0, 4.0, 3.0, 5.0, 5.0, 5.0, 4.0, 5.0, 4.0, 5.0, 5.0, 5.0, 5.0, 4.0, 5.0, 5.0, 4.0, 5.0, 5.0, 5.0, 5.0, 5.0, 4.0, 5.0, 5.0, 4.0, 4.0, 4.0, 5.0, 5.0, 4.0, 0.0, 5.0, 5.0, 5.0, 5.0, 5.0, 5.0, 4.0, 0.0, 4.0, 4.0, 2.0, 4.0, 5.0, 4.0, 5.0, 4.0, 5.0, 5.0, 5.0, 5.0, 5.0, 5.0, 5.0, 5.0, 5.0, 5.0, 5.0, 3.0, 5.0, 5.0, 5.0, 4.0, 4.0, 4.0, 4.0, 4.0, 5.0, 4.0, 5.0, 5.0, 3.0, 3.0, 4.0, 4.0, 4.0, 4.0, 5.0, 5.0, 5.0, 5.0, 3.0, 5.0, 4.0, 3.0, 5.0, 5.0, 5.0, 4.0, 5.0, 4.0, 4.0, 5.0, 3.0, 4.0, 5.0, 5.0, 5.0, 4.0, 5.0, 5.0]",103
8140,"[2, 1, 0, 1, 0, 0, 0, 0, 0, 3, 1, 0, 1, 0, 0, 0, 1, 0, 0, 1, 1, 0, 0, 1, 0, 0, 0, 0, 1, 0, 0, 0, 0, 0, 0, 0, 0, 1, 1, 0, 0, 0, 3, 2, 0, 2, 0, 0, 0, 0, 0, 0, 0, 1, 1, 1, 0, 0]","[95338, 55237, 77442, 4941, 58858, 54556, 133437, 152497, 147374]",9,"[5.0, 5.0, 5.0, 5.0, 5.0, 5.0, 5.0, 5.0, 5.0]",9
6385,"[5, 0, 0, 2, 5, 0, 0, 0, 0, 4, 0, 0, 0, 0, 0, 0, 4, 0, 0, 0, 1, 1, 0, 0, 1, 0, 1, 0, 1, 1, 0, 0, 0, 4, 0, 0, 1, 1, 3, 0, 0, 1, 3, 1, 1, 1, 3, 0, 0, 0, 0, 0, 0, 2, 0, 0, 1, 0]","[3316, 105395, 173398, 159628, 40841, 38621, 64366, 107471, 39523, 45968, 96633, 130591, 97171, 139315, 39646, 5749, 176565]",17,"[5.0, 5.0, 4.0, 5.0, 1.0, 0.0, 0.0, 0.0, 5.0, 0.0, 5.0, 4.0, 5.0, 5.0, 5.0, 0.0, 0.0]",17
13344,"[3, 0, 0, 1, 2, 0, 0, 0, 0, 1, 1, 0, 0, 0, 1, 0, 0, 0, 0, 1, 0, 0, 0, 0, 0, 0, 0, 1, 1, 0, 0, 0, 0, 4, 0, 1, 0, 1, 3, 0, 0, 0, 0, 2, 0, 0, 1, 0, 0, 0, 0, 0, 0, 0, 0, 0, 0, 0]","[99787, 107224, 55772, 125637, 127869, 34492, 168561, 11924]",8,"[2.0, 5.0, 5.0, 4.0, 5.0, 5.0, 5.0, 5.0]",8
14803,"[2, 0, 0, 0, 3, 0, 0, 0, 0, 1, 0, 1, 0, 0, 0, 0, 1, 0, 0, 0, 0, 1, 0, 0, 0, 0, 0, 0, 0, 0, 0, 0, 0, 2, 0, 0, 2, 0, 3, 0, 0, 0, 2, 0, 0, 0, 1, 1, 0, 0, 0, 0, 0, 0, 0, 2, 0, 1]","[78225, 24474, 14760, 67670, 138073, 163721]",6,"[5.0, 5.0, 5.0, 5.0, 5.0, 5.0]",6
10571,"[7, 0, 0, 1, 5, 0, 0, 1, 0, 5, 0, 1, 0, 0, 0, 0, 0, 0, 0, 2, 1, 1, 0, 1, 0, 0, 1, 2, 7, 1, 0, 0, 0, 4, 0, 0, 1, 0, 0, 0, 0, 1, 2, 2, 0, 0, 0, 0, 0, 2, 0, 1, 0, 0, 0, 2, 0, 0]","[11324, 158696, 81753, 87906, 135400, 1022, 79684, 11813, 79467, 142362, 88706, 165421, 114203, 161029]",14,"[5.0, 5.0, 4.0, 5.0, 5.0, 5.0, 5.0, 5.0, 5.0, 5.0, 0.0, 5.0, 5.0, 0.0]",14
18226,"[4, 0, 0, 3, 3, 0, 0, 0, 0, 5, 0, 0, 0, 0, 0, 0, 1, 0, 0, 0, 1, 0, 0, 0, 0, 0, 0, 1, 2, 0, 0, 0, 0, 1, 0, 0, 0, 0, 0, 0, 0, 1, 1, 3, 0, 0, 1, 0, 0, 0, 0, 0, 0, 0, 0, 1, 0, 3]","[58172, 140898, 68310, 145839, 139776, 25005, 138384, 162028, 112188, 91939]",10,"[5.0, 5.0, 5.0, 5.0, 5.0, 5.0, 5.0, 5.0, 5.0, 5.0]",10
12418,"[2, 0, 0, 2, 3, 0, 0, 0, 0, 5, 0, 0, 1, 0, 0, 0, 2, 0, 0, 2, 2, 2, 0, 0, 0, 0, 0, 2, 0, 0, 0, 0, 0, 5, 0, 1, 2, 1, 2, 0, 0, 0, 4, 1, 0, 0, 2, 0, 0, 0, 0, 1, 0, 1, 1, 1, 0, 1]","[158527, 162031, 10241, 170693, 147305, 119404, 120961, 36347, 32297]",9,"[5.0, 5.0, 5.0, 5.0, 5.0, 5.0, 5.0, 5.0, 5.0]",9
11858,"[3, 0, 0, 1, 2, 0, 0, 0, 0, 2, 0, 0, 0, 0, 0, 0, 2, 0, 0, 0, 0, 1, 0, 0, 0, 0, 0, 0, 2, 0, 0, 0, 0, 2, 0, 0, 0, 0, 1, 0, 0, 0, 2, 2, 0, 0, 1, 0, 0, 0, 0, 0, 0, 0, 0, 0, 0, 0]","[9355, 63335, 26770, 168616, 25290, 177933]",6,"[5.0, 5.0, 5.0, 5.0, 5.0, 5.0]",6
16766,"[3, 0, 0, 2, 2, 0, 0, 0, 0, 2, 0, 0, 0, 0, 0, 0, 0, 0, 0, 0, 0, 0, 0, 0, 1, 0, 0, 0, 1, 0, 0, 0, 0, 2, 0, 0, 0, 0, 0, 0, 0, 0, 0, 0, 0, 0, 2, 0, 0, 0, 0, 0, 0, 1, 0, 0, 0, 0]","[148810, 157740, 80978, 90709, 64526, 107806, 53780]",7,"[5.0, 5.0, 3.0, 5.0, 5.0, 5.0, 3.0]",7
12018,"[2, 0, 0, 0, 3, 0, 0, 0, 0, 2, 0, 0, 0, 0, 0, 0, 0, 0, 0, 0, 1, 0, 0, 0, 1, 0, 0, 0, 0, 0, 0, 0, 0, 1, 0, 0, 0, 0, 0, 0, 0, 0, 1, 0, 0, 0, 1, 0, 0, 0, 0, 0, 0, 0, 0, 0, 0, 0]","[119044, 77829, 79606, 9557, 176823, 58001, 48673]",7,"[5.0, 5.0, 5.0, 5.0, 5.0, 5.0, 5.0]",7
3478,"[26, 0, 0, 5, 6, 0, 0, 0, 0, 16, 0, 1, 0, 0, 0, 0, 6, 0, 0, 2, 3, 2, 0, 0, 2, 0, 0, 2, 11, 1, 0, 0, 0, 11, 0, 0, 2, 0, 0, 0, 1, 0, 4, 7, 0, 0, 4, 0, 0, 0, 0, 0, 0, 2, 0, 2, 1, 2]","[167228, 170188, 69439, 129768, 61199, 91485, 5292, 30590, 89409, 140761, 113716, 147036, 28705, 118654, 160236, 147708, 79820, 38394, 107197, 178034, 131023, 17475, 75514, 3869, 124501, 17360, 114402, 74426, 110884, 148382, 89924, 19763, 1385, 76240, 86860, 104681, 166175, 139822, 88276]",39,"[5.0, 5.0, 5.0, 4.0, 5.0, 5.0, 5.0, 5.0, 5.0, 5.0, 5.0, 5.0, 5.0, 5.0, 5.0, 5.0, 4.0, 5.0, 5.0, 5.0, 5.0, 4.0, 5.0, 5.0, 5.0, 5.0, 5.0, 5.0, 5.0, 5.0, 5.0, 5.0, 5.0, 5.0, 5.0, 5.0, 4.0, 5.0, 5.0]",39
9586,"[5, 0, 0, 2, 3, 0, 0, 0, 0, 6, 0, 0, 0, 0, 0, 0, 0, 0, 0, 1, 1, 0, 0, 0, 1, 0, 1, 0, 2, 0, 0, 0, 0, 4, 0, 0, 0, 0, 1, 0, 0, 0, 1, 2, 0, 0, 3, 0, 0, 0, 0, 0, 0, 0, 0, 0, 0, 1]","[10698, 128246, 143153, 25450, 143166, 113937, 6455, 121650, 156316, 19247, 72382]",11,"[5.0, 5.0, 5.0, 5.0, 5.0, 5.0, 5.0, 5.0, 5.0, 5.0, 5.0]",11
18820,"[4, 0, 0, 1, 2, 0, 0, 0, 0, 1, 0, 0, 0, 0, 0, 0, 0, 0, 0, 0, 1, 1, 0, 1, 1, 0, 0, 0, 3, 0, 0, 0, 0, 1, 0, 0, 0, 0, 0, 0, 0, 0, 0, 0, 0, 0, 0, 0, 0, 0, 0, 0, 0, 1, 0, 1, 0, 0]","[114044, 27073, 108014, 153019, 118496, 51026, 87424]",7,"[4.0, 4.0, 5.0, 5.0, 5.0, 4.0, 4.0]",7
4742,"[5, 0, 0, 3, 4, 0, 0, 1, 0, 4, 1, 0, 0, 0, 1, 0, 1, 0, 0, 0, 0, 0, 1, 0, 0, 0, 0, 2, 1, 0, 0, 0, 0, 6, 0, 0, 1, 0, 0, 0, 0, 0, 3, 2, 1, 0, 1, 0, 0, 0, 0, 0, 0, 1, 0, 0, 0, 2]","[21646, 57206, 123745, 97465, 946, 36553, 92868, 131992, 53953, 15254, 15619]",11,"[5.0, 5.0, 5.0, 5.0, 5.0, 5.0, 3.0, 5.0, 5.0, 5.0, 5.0]",11
2010,"[135, 2, 0, 43, 51, 0, 1, 5, 0, 76, 5, 6, 1, 0, 5, 0, 35, 0, 0, 6, 9, 3, 1, 15, 13, 0, 3, 17, 53, 17, 0, 1, 0, 88, 2, 3, 35, 13, 14, 1, 1, 6, 24, 25, 3, 2, 33, 3, 0, 4, 3, 2, 0, 15, 4, 14, 10, 12]","[15782, 23116, 131918, 116124, 28650, 11102, 146522, 38986, 84120, 82865, 51009, 13906, 95566, 84576, 137361, 106990, 177948, 2044, 157852, 142449, 62978, 8671, 111876, 165494, 149428, 8724, 93564, 743, 102086, 123563, 139315, 28424, 43507, 79224, 153215, 23646, 17360, 138384, 93954, 96558, 161263, 30263, 129505, 41794, 163263, 152079, 118013, 174022, 166822, 55264, 42230, 15059, 34300, 2342, 122396, 1632, 13104, 147507, 48964, 79316, 128994, 48175, 121025, 32792, 123213, 156812, 147916, 2158, 163679, 164811, 55417, 154093, 122200, 16284, 86459, 19107, 26312, 50125, 120522, 134646, 30365, 130488, 44933, 140094, 15927, 3251, 19467, 120411, 123487, 19047, 27121, 122191, 146047, 13099, 11781, 87012, 37561, 8098, 66671, 134838, 52948, 168488, 97171, 27953, 95315, 20371, 95875, 68273, 87509, 136011, 62729, 133991, 97339, 104356, 108701, 144254, 105486, 31452, 40310, 92708, 155211, 87524, 66653, 50515, 57860, 176038, 9634, 73505, 167295, 40600, 42508, 79356, 21079, 48112, 93173, 63870, 17318, 17643, 5287, 27882, 32102, 101162, 54570, 97661, 150778, 18753, 49214, 123543, 41563, 173544, 139493, 72753, 85542, 2683, 115927, 38817, 86270, 19248, 11574, 100819, 88992, 98036, 91535, 66334, 1762, 87388, 114712, 28063, 45486, 71954, 76627, 84587, 77278, 30329, 20337, 171797, 45156, 129451, 82143, 12398, 172186, 32205, 145518, 153593, 62701, 95076, 165526, 54477, 68988, 129124, 98531, 140296, 93081, 57231, 19012, 56425, 15240, 14897, 131857, 105525, 75642, 175540, 23788, 81260, 178050, 107657, 8154, 6835, 70077, 73374, 25522, 169112, 77229, 7233, 175498, 67751, 72760, 37477, 44810, 36620, 165209, 28016, 170474, 40341, 41878, 139829, 169455, 55128, 9387, 146929, 106182, 65616, 115069, 52943, 92201, 121507, 54158, 36632, 120359, 152529, 31860, 16622, 65304, 126024, 85818, 47789, 73759, 14621, 34923, 18460, 169345, 31235, 5274, 72984, 32073, 62730, 3036, 61825, 59560, 81107, 118905, 118036, 83181, 118125, 152712, 170224, 33898, 82451, 66811, 116272, 168443]",271,"[5.0, 0.0, 5.0, 4.0, 5.0, 5.0, 4.0, 5.0, 5.0, 5.0, 5.0, 5.0, 5.0, 5.0, 5.0, 5.0, 5.0, 4.0, 4.0, 5.0, 2.0, 4.0, 4.0, 5.0, 5.0, 5.0, 4.0, 4.0, 4.0, 4.0, 5.0, 5.0, 5.0, 4.0, 5.0, 5.0, 5.0, 5.0, 4.0, 5.0, 5.0, 4.0, 5.0, 5.0, 5.0, 5.0, 5.0, 5.0, 5.0, 5.0, 5.0, 5.0, 5.0, 5.0, 5.0, 5.0, 5.0, 5.0, 4.0, 5.0, 5.0, 5.0, 5.0, 5.0, 4.0, 4.0, 5.0, 5.0, 5.0, 5.0, 5.0, 4.0, 5.0, 5.0, 5.0, 4.0, 5.0, 5.0, 0.0, 5.0, 5.0, 5.0, 5.0, 4.0, 5.0, 5.0, 5.0, 5.0, 5.0, 5.0, 5.0, 5.0, 5.0, 5.0, 5.0, 5.0, 5.0, 5.0, 5.0, 5.0, 5.0, 5.0, 5.0, 5.0, 4.0, 5.0, 5.0, 5.0, 5.0, 5.0, 5.0, 5.0, 5.0, 4.0, 5.0, 5.0, 5.0, 5.0, 5.0, 5.0, 5.0, 5.0, 5.0, 4.0, 5.0, 5.0, 5.0, 4.0, 5.0, 5.0, 5.0, 5.0, 5.0, 4.0, 5.0, 5.0, 5.0, 5.0, 5.0, 5.0, 5.0, 5.0, 5.0, 4.0, 5.0, 4.0, 4.0, 4.0, 4.0, 5.0, 5.0, 5.0, 5.0, 4.0, 5.0, 5.0, 3.0, 4.0, 5.0, 5.0, 5.0, 5.0, 5.0, 5.0, 5.0, 5.0, 5.0, 5.0, 4.0, 4.0, 5.0, 5.0, 5.0, 4.0, 5.0, 3.0, 5.0, 4.0, 5.0, 5.0, 5.0, 5.0, 5.0, 5.0, 4.0, 4.0, 3.0, 5.0, 4.0, 5.0, 4.0, 5.0, 4.0, 5.0, 5.0, 0.0, 5.0, 5.0, 4.0, 4.0, 5.0, 4.0, 3.0, 5.0, 5.0, 3.0, 5.0, 4.0, 2.0, 5.0, 5.0, 5.0, 5.0, 4.0, 4.0, 5.0, 5.0, 5.0, 2.0, 5.0, 5.0, 5.0, 4.0, 5.0, 4.0, 5.0, 4.0, 5.0, 4.0, 4.0, 5.0, 5.0, 5.0, 5.0, 4.0, 4.0, 3.0, 5.0, 5.0, 5.0, 5.0, 5.0, 5.0, 4.0, 3.0, 5.0, 4.0, 2.0, 4.0, 4.0, 5.0, 5.0, 5.0, 5.0, 4.0, 5.0, 4.0, 5.0, 5.0, 3.0, 5.0, 5.0, 4.0, 5.0, 5.0, 5.0, 3.0, 5.0, 5.0, 5.0, 0.0]",271
2594,"[7, 0, 0, 2, 5, 0, 0, 1, 0, 7, 0, 0, 0, 0, 0, 0, 1, 0, 0, 0, 2, 0, 1, 2, 2, 0, 0, 1, 2, 1, 0, 0, 1, 8, 0, 1, 2, 1, 1, 0, 0, 2, 6, 3, 0, 1, 1, 0, 0, 1, 0, 0, 0, 3, 1, 0, 2, 2]","[55732, 994, 71728, 30992, 5574, 58702, 153597, 94451, 139321, 166941, 48446, 41538, 108773, 90649, 116506, 24226, 39226, 75726]",18,"[4.0, 5.0, 4.0, 0.0, 5.0, 5.0, 4.0, 4.0, 5.0, 4.0, 5.0, 5.0, 5.0, 5.0, 5.0, 4.0, 3.0, 5.0]",18
10008,"[5, 0, 0, 0, 1, 0, 0, 0, 0, 3, 0, 0, 0, 0, 1, 0, 1, 0, 0, 0, 0, 2, 0, 0, 0, 0, 0, 0, 1, 0, 0, 0, 0, 3, 0, 0, 1, 0, 0, 0, 0, 0, 1, 1, 0, 0, 0, 0, 0, 0, 0, 0, 0, 0, 0, 3, 0, 0]","[12178, 37400, 119325, 170520, 170673, 124135, 125149, 150412, 122222, 135391]",10,"[5.0, 5.0, 5.0, 5.0, 5.0, 5.0, 5.0, 5.0, 5.0, 5.0]",10
17289,"[4, 0, 0, 1, 2, 0, 0, 0, 0, 2, 0, 0, 0, 0, 0, 0, 1, 0, 0, 0, 1, 0, 0, 0, 0, 0, 0, 0, 0, 0, 0, 0, 0, 2, 0, 0, 0, 0, 1, 0, 0, 0, 1, 1, 0, 0, 0, 0, 0, 0, 0, 1, 0, 0, 0, 0, 0, 1]","[123047, 147310, 176288, 64311, 39832, 31609, 105478, 68958, 21342]",9,"[4.0, 4.0, 5.0, 5.0, 5.0, 5.0, 5.0, 4.0, 5.0]",9
8666,"[23, 0, 0, 14, 13, 0, 0, 4, 0, 34, 4, 1, 0, 1, 2, 0, 8, 0, 0, 2, 3, 1, 2, 0, 3, 0, 1, 3, 20, 6, 0, 0, 0, 20, 0, 0, 9, 1, 5, 0, 1, 3, 11, 11, 5, 0, 12, 0, 0, 1, 0, 3, 0, 6, 2, 4, 3, 4]","[70091, 141022, 73252, 111851, 147328, 57913, 7642, 37359, 28576, 71588, 42426, 120343, 113704, 82062, 138470, 157319, 161412, 145439, 58094, 115409, 159785, 23984, 89291, 78224, 125296, 16052, 165198, 153115, 155072, 77686, 159292, 129518, 65543, 10906, 87773, 160018, 131360, 109984, 116411, 102155, 160154, 53780, 138678, 158530, 15728, 119662, 49874, 45532, 160373, 84223, 5401, 139819, 162789, 122237, 138664, 112286, 60071, 164027, 77616, 134064, 85950, 19812, 117899, 9651, 146986, 33147, 47745, 52334, 96908, 116993, 72351, 95378, 39832, 44513, 78625]",75,"[4.0, 3.0, 5.0, 5.0, 5.0, 5.0, 4.0, 5.0, 5.0, 5.0, 5.0, 5.0, 5.0, 5.0, 5.0, 5.0, 5.0, 5.0, 4.0, 4.0, 5.0, 5.0, 5.0, 5.0, 5.0, 5.0, 5.0, 5.0, 5.0, 5.0, 5.0, 5.0, 5.0, 0.0, 5.0, 5.0, 5.0, 5.0, 5.0, 5.0, 5.0, 5.0, 5.0, 5.0, 5.0, 4.0, 4.0, 4.0, 4.0, 4.0, 5.0, 5.0, 5.0, 4.0, 4.0, 5.0, 4.0, 5.0, 0.0, 5.0, 5.0, 4.0, 5.0, 5.0, 5.0, 5.0, 5.0, 5.0, 5.0, 5.0, 4.0, 5.0, 5.0, 5.0, 5.0]",75
19134,"[12, 0, 0, 1, 6, 0, 0, 0, 1, 10, 0, 0, 0, 0, 0, 0, 5, 0, 0, 1, 0, 1, 0, 1, 0, 0, 1, 1, 5, 0, 0, 0, 0, 9, 0, 0, 1, 0, 2, 0, 0, 0, 3, 1, 0, 0, 1, 1, 0, 0, 1, 0, 0, 3, 0, 3, 1, 2]","[28316, 154652, 134717, 31806, 88326, 146183, 110863, 149336, 40564, 172679, 147873, 134132, 106207, 74236, 90215, 85566, 119544, 83205, 140249]",19,"[5.0, 0.0, 5.0, 0.0, 5.0, 0.0, 0.0, 5.0, 0.0, 5.0, 5.0, 4.0, 0.0, 5.0, 5.0, 0.0, 5.0, 0.0, 5.0]",19
19169,"[3, 0, 0, 1, 2, 0, 0, 0, 0, 2, 1, 0, 0, 0, 0, 0, 1, 0, 0, 0, 2, 0, 0, 0, 0, 0, 0, 0, 0, 0, 0, 0, 0, 2, 0, 0, 2, 0, 0, 0, 0, 0, 1, 2, 0, 0, 1, 0, 0, 0, 0, 1, 0, 1, 0, 1, 0, 0]","[68803, 134610, 170105, 66769, 90536, 28353]",6,"[5.0, 5.0, 5.0, 5.0, 5.0, 5.0]",6
20714,"[6, 0, 0, 6, 2, 0, 0, 1, 0, 4, 0, 0, 0, 0, 0, 0, 0, 0, 0, 0, 0, 0, 0, 0, 1, 0, 0, 0, 6, 2, 0, 0, 0, 5, 0, 0, 3, 1, 3, 0, 0, 1, 1, 1, 0, 0, 1, 0, 0, 0, 0, 0, 0, 1, 1, 2, 0, 0]","[86085, 41691, 114816, 84149, 64874, 82469, 101246, 127821, 114402, 35381, 142656, 156352, 140087, 131037, 54626, 74538]",16,"[5.0, 5.0, 4.0, 4.0, 5.0, 5.0, 4.0, 4.0, 5.0, 5.0, 4.0, 5.0, 5.0, 5.0, 5.0, 5.0]",16
14080,"[5, 0, 0, 1, 5, 0, 0, 0, 0, 2, 0, 0, 0, 0, 0, 0, 3, 0, 0, 1, 0, 0, 0, 0, 0, 0, 0, 2, 1, 0, 0, 0, 0, 2, 0, 1, 0, 1, 3, 0, 0, 0, 6, 6, 0, 0, 2, 1, 0, 0, 0, 0, 0, 4, 1, 1, 1, 0]","[17285, 55772, 56232, 129768, 113992, 138555, 170672, 21342, 107972, 120821, 101606, 15173, 101200, 118470, 163533, 13425]",16,"[5.0, 5.0, 5.0, 2.0, 5.0, 4.0, 4.0, 5.0, 4.0, 5.0, 5.0, 0.0, 4.0, 5.0, 5.0, 5.0]",16
9416,"[2, 0, 0, 0, 4, 0, 0, 0, 0, 4, 0, 0, 0, 0, 0, 0, 2, 0, 0, 0, 1, 0, 0, 0, 0, 0, 0, 0, 1, 0, 0, 0, 0, 1, 0, 0, 0, 0, 0, 0, 0, 0, 3, 0, 0, 0, 0, 0, 0, 1, 0, 0, 0, 0, 0, 3, 0, 0]","[78903, 87631, 147374, 113649, 142281, 6191, 137945, 108964]",8,"[4.0, 5.0, 5.0, 4.0, 4.0, 4.0, 4.0, 5.0]",8
19075,"[4, 0, 0, 1, 0, 0, 0, 0, 0, 4, 0, 0, 0, 0, 0, 0, 0, 0, 0, 0, 1, 0, 0, 0, 0, 0, 0, 0, 2, 0, 0, 0, 0, 1, 0, 0, 0, 0, 0, 0, 0, 0, 0, 1, 0, 0, 0, 0, 0, 0, 0, 0, 0, 0, 0, 0, 0, 0]","[142662, 129174, 120236, 170457, 127080, 52463]",6,"[5.0, 4.0, 5.0, 4.0, 5.0, 5.0]",6
8115,"[2, 0, 0, 0, 1, 0, 0, 3, 0, 2, 0, 0, 0, 0, 0, 0, 2, 0, 0, 0, 1, 0, 0, 1, 0, 0, 1, 1, 2, 0, 0, 0, 0, 3, 0, 0, 2, 0, 0, 0, 0, 0, 2, 2, 0, 0, 0, 0, 0, 0, 0, 0, 0, 0, 3, 0, 0, 1]","[167961, 13779, 4904, 114447, 157280, 41420, 30448, 15173]",8,"[5.0, 5.0, 4.0, 5.0, 5.0, 4.0, 4.0, 5.0]",8
6290,"[54, 0, 0, 23, 20, 0, 1, 2, 0, 38, 3, 6, 2, 0, 0, 0, 11, 0, 0, 5, 5, 1, 0, 3, 1, 0, 1, 5, 31, 11, 0, 1, 0, 38, 0, 1, 12, 4, 4, 0, 1, 4, 14, 9, 4, 1, 22, 1, 0, 1, 0, 3, 0, 4, 2, 10, 9, 9]","[134554, 62576, 63536, 170097, 28353, 154057, 159761, 72253, 47969, 146382, 113515, 10394, 48236, 171987, 134105, 3869, 2949, 156784, 101819, 42515, 117477, 37224, 116734, 106644, 94801, 44513, 52620, 103954, 57133, 90536, 130480, 137908, 107768, 66298, 15468, 174678, 103033, 109485, 76351, 116948, 172613, 50294, 107197, 113698, 3660, 139822, 99787, 109816, 80978, 43071, 137012, 144777, 53780, 113525, 8240, 43128, 121494, 97147, 21122, 95860, 22484, 99653, 72857, 7235, 59850, 148451, 84827, 33864, 153271, 140898, 21273, 122514, 65578, 89997, 71592, 51841, 110341, 114273, 72081, 45237, 43879, 22579, 172916, 26003, 100735, 64319, 28667, 59831, 147765, 20782, 55972, 55772, 75148, 79996, 3259, 132128, 82451, 118496, 22050, 97305, 115443, 114518, 97432, 138677, 54670, 82611, 130507, 134304, 17092, 176732, 58465, 126208, 153836, 130591]",114,"[5.0, 5.0, 4.0, 5.0, 5.0, 5.0, 5.0, 5.0, 4.0, 5.0, 4.0, 5.0, 5.0, 4.0, 5.0, 5.0, 4.0, 4.0, 5.0, 4.0, 5.0, 5.0, 5.0, 5.0, 5.0, 5.0, 4.0, 4.0, 5.0, 5.0, 5.0, 5.0, 4.0, 5.0, 5.0, 5.0, 5.0, 5.0, 5.0, 5.0, 5.0, 5.0, 5.0, 5.0, 5.0, 5.0, 5.0, 5.0, 5.0, 5.0, 5.0, 5.0, 5.0, 4.0, 5.0, 5.0, 5.0, 5.0, 5.0, 5.0, 3.0, 5.0, 5.0, 4.0, 5.0, 5.0, 5.0, 4.0, 5.0, 5.0, 4.0, 5.0, 5.0, 4.0, 5.0, 5.0, 5.0, 5.0, 5.0, 5.0, 5.0, 5.0, 5.0, 5.0, 5.0, 5.0, 5.0, 5.0, 5.0, 5.0, 5.0, 5.0, 4.0, 5.0, 5.0, 5.0, 5.0, 5.0, 5.0, 0.0, 5.0, 5.0, 5.0, 5.0, 5.0, 5.0, 5.0, 5.0, 5.0, 5.0, 5.0, 5.0, 5.0, 5.0]",114
18659,"[0, 0, 0, 0, 3, 0, 0, 0, 0, 1, 1, 0, 0, 0, 0, 0, 4, 0, 0, 0, 1, 0, 0, 0, 0, 0, 0, 0, 2, 0, 0, 0, 0, 1, 0, 0, 0, 0, 0, 0, 0, 1, 2, 3, 0, 0, 0, 0, 0, 0, 0, 0, 0, 0, 0, 1, 0, 0]","[111674, 141528, 89130, 172598, 70921, 150539, 26402]",7,"[5.0, 4.0, 5.0, 4.0, 5.0, 4.0, 4.0]",7
20549,"[3, 0, 0, 1, 1, 0, 0, 1, 2, 5, 1, 0, 0, 0, 0, 0, 1, 0, 0, 0, 2, 0, 0, 0, 1, 0, 0, 1, 4, 0, 0, 0, 0, 3, 0, 0, 1, 1, 2, 0, 0, 0, 1, 2, 0, 0, 0, 0, 0, 2, 0, 0, 1, 0, 0, 3, 0, 2]","[54693, 164229, 127080, 130650, 44619, 141217, 34492, 47680, 157740, 82291]",10,"[3.0, 4.0, 1.0, 4.0, 4.0, 3.0, 5.0, 1.0, 5.0, 4.0]",10
4093,"[3, 0, 0, 0, 3, 0, 0, 0, 0, 4, 0, 0, 0, 0, 0, 0, 2, 0, 0, 0, 3, 0, 0, 0, 0, 0, 0, 0, 0, 0, 0, 0, 0, 2, 0, 0, 0, 0, 0, 0, 0, 0, 2, 1, 0, 0, 0, 0, 0, 0, 0, 0, 0, 0, 0, 0, 0, 1]","[142498, 2032, 27667, 143897, 1718, 13916, 169707]",7,"[5.0, 5.0, 5.0, 3.0, 5.0, 5.0, 5.0]",7
525,"[5, 0, 0, 1, 4, 0, 0, 1, 0, 4, 0, 1, 0, 0, 0, 0, 3, 0, 0, 0, 1, 0, 0, 3, 0, 0, 0, 0, 2, 0, 0, 0, 0, 1, 0, 0, 3, 2, 2, 0, 0, 0, 4, 2, 0, 0, 0, 0, 0, 0, 0, 0, 0, 0, 0, 4, 0, 1]","[26558, 41870, 59251, 30076, 133546, 30506, 57030, 48756, 74962, 103787, 4070, 3150, 19297, 29746, 193, 19634, 37347, 120648, 177020]",19,"[3.0, 5.0, 5.0, 5.0, 4.0, 5.0, 5.0, 5.0, 3.0, 5.0, 5.0, 5.0, 5.0, 5.0, 5.0, 5.0, 5.0, 5.0, 5.0]",19
10024,"[5, 0, 0, 2, 2, 0, 0, 0, 0, 3, 0, 0, 0, 0, 0, 0, 0, 0, 0, 0, 1, 0, 0, 0, 0, 0, 0, 0, 0, 0, 0, 0, 0, 5, 0, 0, 1, 0, 0, 0, 1, 0, 0, 0, 0, 0, 1, 0, 0, 0, 0, 0, 0, 0, 1, 0, 2, 1]","[53200, 154916, 106697, 17321, 6955, 69324, 139596]",7,"[4.0, 5.0, 5.0, 5.0, 3.0, 5.0, 5.0]",7
10614,"[10, 0, 0, 7, 9, 0, 0, 0, 1, 8, 1, 1, 0, 0, 0, 0, 9, 0, 0, 2, 1, 0, 0, 0, 2, 0, 1, 5, 6, 0, 0, 1, 0, 6, 0, 2, 2, 2, 11, 0, 0, 0, 10, 6, 2, 2, 4, 2, 0, 2, 0, 0, 0, 3, 1, 4, 0, 2]","[157825, 85066, 53910, 165694, 50312, 168006, 20674, 21989, 142759, 113525, 14774, 36171, 159015, 15173, 19297, 177496, 136497, 39178, 50841, 131261, 59740, 33879, 97799, 64169, 110187, 13205, 122200, 127241, 147237, 55772, 78314, 128830, 7664, 32288, 15386, 41736]",36,"[5.0, 4.0, 4.0, 4.0, 4.0, 4.0, 4.0, 5.0, 5.0, 5.0, 4.0, 4.0, 5.0, 4.0, 5.0, 5.0, 5.0, 4.0, 5.0, 3.0, 5.0, 4.0, 5.0, 5.0, 5.0, 5.0, 5.0, 4.0, 4.0, 5.0, 4.0, 4.0, 5.0, 4.0, 5.0, 5.0]",36
15407,"[3, 0, 0, 0, 1, 0, 0, 0, 0, 1, 2, 0, 0, 0, 1, 0, 2, 0, 0, 2, 0, 0, 0, 1, 0, 0, 0, 1, 4, 1, 0, 0, 0, 1, 0, 0, 2, 0, 0, 0, 0, 1, 0, 1, 0, 0, 1, 0, 0, 0, 0, 0, 0, 0, 0, 1, 0, 0]","[45478, 43748, 42758, 15925, 152455, 150292]",6,"[5.0, 4.0, 3.0, 5.0, 0.0, 0.0]",6
2077,"[99, 2, 0, 49, 58, 0, 0, 25, 0, 103, 8, 7, 3, 0, 8, 0, 56, 0, 0, 7, 29, 9, 1, 37, 1, 0, 13, 16, 66, 12, 0, 2, 3, 49, 0, 8, 37, 20, 34, 0, 1, 17, 53, 72, 2, 1, 33, 6, 0, 4, 0, 3, 1, 23, 15, 42, 6, 23]","[70694, 112978, 9369, 128837, 23400, 11520, 6042, 97848, 173562, 141861, 95744, 123792, 114372, 19634, 88487, 139458, 138685, 46795, 112500, 2525, 89924, 10675, 34895, 165260, 43565, 93802, 77089, 75185, 994, 39715, 143197, 65073, 117146, 77753, 147216, 23155, 98708, 159905, 100614, 17288, 125523, 106276, 165154, 121497, 84081, 19450, 139113, 40842, 31507, 76669, 27168, 162927, 70618, 69260, 46218, 16945, 143128, 152403, 81517, 57792, 154381, 151057, 118627, 133063, 166184, 154718, 57498, 113557, 129254, 127647, 141777, 19807, 82014, 53154, 154886, 61264, 75619, 59923, 90092, 136328, 25118, 175469, 60930, 47715, 79269, 16435, 98933, 28449, 150138, 147180, 148544, 69369, 4197, 110341, 148783, 27063, 107662, 15516, 52144, 37912, 16016, 172925, 142842, 146684, 87802, 11115, 166043, 71440, 171237, 107300, 109632, 46337, 155867, 122948, 52798, 14296, 68663, 47837, 45175, 61881, 161086, 72408, 149345, 166212, 73493, 100893, 96956, 51508, 153988, 146382, 113515, 39832, 164545, 46699, 90144, 7146, 164348, 134505, 39867, 67233, 35264, 78607, 93193, 52548, 113135, 59618, 98060, 1097, 52698, 52114, 12609, 142297, 75048, 97995, 1362, 31067, 69585, 35283, 81557, 35351, 169094, 73870, 53194, 41427, 131983, 22912, 29087, 92497, 62636, 134610, 46652, 95117, 155329, 52859, 6061, 161351, 104217, 160608, 157840, 59949, 177947, 73276, 9677, 5582, 122681, 97738, 66793, 25554, 156407, 124945, 134830, 33386, 130726, 42394, 82187, 156588, 104729, 89113, 10198, 23116, 26878, 75774, 158709, 175878, 102932, 122019, 21553, 103033, 66747, 145213, 175538, 55031, 97415, 46172, 92512, 33567, 27644, 23531, 71657, 41000, 125871, 1583, 65992, 58366, 946, 127080, 151542, 163193, 92656, 59821, 81620, 147055, 106048, 138882, 13367, 141099, 14223, 158861, 119959, 129505, 766, 165907, 38237, 49181, 19592, 161642, 73953, 137019, 36207, 1142, 39008, 54832, 14629, 45708, 86796, 57695, 44852, 72669, 149499, 39353, 72574, 74052, 89195, 82103, 80007, 65640, 70102, 127654, 78641, 39058, 87583, 76557, 82078, 73355, 124353, 101184, 69262, 161338, 141047, 136772, 30978, 160614, 103737, 8045, 131748, 157238, 98678, 38031, 168846, 22814, 33572, 157565, 22074, 56529, 169798, 61404, 33284, 37046, 152292, 172290, 55124, 83393, 19561, 117237, 41109, 20809, 48679, 82257, 51701, 38118, 45911, 140873]",312,"[5.0, 4.0, 5.0, 5.0, 4.0, 4.0, 4.0, 4.0, 3.0, 4.0, 4.0, 5.0, 5.0, 3.0, 5.0, 4.0, 5.0, 3.0, 4.0, 4.0, 5.0, 3.0, 4.0, 4.0, 5.0, 5.0, 5.0, 5.0, 3.0, 4.0, 5.0, 5.0, 4.0, 4.0, 4.0, 3.0, 4.0, 4.0, 5.0, 2.0, 4.0, 5.0, 5.0, 5.0, 5.0, 5.0, 5.0, 5.0, 5.0, 5.0, 5.0, 4.0, 5.0, 5.0, 4.0, 5.0, 3.0, 4.0, 4.0, 4.0, 4.0, 4.0, 5.0, 5.0, 5.0, 5.0, 5.0, 5.0, 4.0, 4.0, 5.0, 4.0, 4.0, 5.0, 5.0, 4.0, 5.0, 3.0, 5.0, 5.0, 5.0, 3.0, 5.0, 4.0, 4.0, 5.0, 5.0, 4.0, 5.0, 4.0, 4.0, 4.0, 5.0, 5.0, 5.0, 5.0, 5.0, 1.0, 4.0, 5.0, 5.0, 4.0, 5.0, 5.0, 4.0, 5.0, 5.0, 4.0, 5.0, 5.0, 5.0, 4.0, 5.0, 5.0, 5.0, 4.0, 3.0, 5.0, 4.0, 4.0, 5.0, 5.0, 5.0, 5.0, 4.0, 4.0, 5.0, 4.0, 5.0, 5.0, 5.0, 5.0, 2.0, 5.0, 5.0, 4.0, 5.0, 4.0, 5.0, 5.0, 5.0, 4.0, 5.0, 3.0, 5.0, 4.0, 0.0, 5.0, 4.0, 5.0, 5.0, 4.0, 0.0, 5.0, 5.0, 5.0, 5.0, 5.0, 5.0, 4.0, 5.0, 4.0, 4.0, 5.0, 5.0, 5.0, 5.0, 5.0, 4.0, 4.0, 5.0, 5.0, 4.0, 4.0, 5.0, 5.0, 5.0, 4.0, 5.0, 4.0, 5.0, 4.0, 5.0, 5.0, 5.0, 4.0, 3.0, 5.0, 5.0, 4.0, 5.0, 5.0, 4.0, 4.0, 4.0, 4.0, 5.0, 4.0, 4.0, 5.0, 4.0, 5.0, 4.0, 5.0, 3.0, 5.0, 4.0, 4.0, 4.0, 4.0, 0.0, 4.0, 5.0, 5.0, 5.0, 4.0, 5.0, 4.0, 5.0, 4.0, 5.0, 5.0, 5.0, 4.0, 4.0, 4.0, 5.0, 3.0, 4.0, 5.0, 5.0, 5.0, 5.0, 4.0, 5.0, 0.0, 5.0, 4.0, 5.0, 0.0, 4.0, 5.0, 5.0, 3.0, 4.0, 4.0, 4.0, 2.0, 4.0, 5.0, 4.0, 5.0, 5.0, 5.0, 5.0, 5.0, 5.0, 5.0, 3.0, 4.0, 4.0, 5.0, 3.0, 5.0, 5.0, 4.0, 5.0, 4.0, 5.0, 5.0, 4.0, 4.0, 5.0, 5.0, 5.0, 5.0, 5.0, 4.0, 4.0, 5.0, 5.0, 5.0, 5.0, 4.0, 4.0, 5.0, 5.0, 4.0, 3.0, 0.0, 4.0, 5.0, 4.0, 4.0, 5.0, 5.0, 5.0, 5.0, 5.0, 5.0, 5.0, 5.0, 5.0, 4.0, 5.0, 4.0, 5.0, 5.0, 4.0, 3.0, 5.0, 4.0]",312
12182,"[5, 0, 0, 2, 0, 0, 1, 0, 1, 9, 3, 0, 0, 0, 1, 0, 3, 0, 0, 0, 1, 0, 0, 4, 0, 0, 2, 0, 1, 1, 0, 0, 0, 3, 0, 1, 3, 0, 2, 0, 0, 3, 0, 2, 0, 0, 2, 0, 0, 0, 0, 0, 0, 0, 0, 1, 0, 0]","[106183, 110308, 105011, 62364, 9851, 122785, 114729, 12773, 25435, 177188, 154916, 120013, 34470, 96565, 23564, 154339, 21213, 133911]",18,"[5.0, 5.0, 5.0, 5.0, 5.0, 5.0, 5.0, 5.0, 0.0, 5.0, 5.0, 5.0, 5.0, 5.0, 5.0, 5.0, 5.0, 5.0]",18
15362,"[4, 0, 0, 0, 1, 0, 0, 0, 0, 1, 0, 0, 0, 0, 1, 0, 4, 0, 0, 1, 1, 0, 0, 0, 0, 0, 1, 1, 2, 0, 0, 1, 0, 1, 0, 0, 1, 0, 3, 0, 0, 0, 2, 1, 0, 0, 0, 0, 0, 0, 0, 0, 0, 2, 0, 1, 0, 2]","[120454, 93847, 69720, 48069, 45188, 33252, 120107, 117756, 15775]",9,"[5.0, 4.0, 5.0, 2.0, 5.0, 2.0, 5.0, 5.0, 2.0]",9
8555,"[8, 0, 0, 1, 3, 0, 0, 0, 0, 4, 0, 1, 0, 0, 0, 0, 4, 0, 0, 0, 2, 0, 0, 1, 0, 0, 0, 0, 3, 0, 0, 0, 0, 4, 0, 0, 1, 0, 2, 0, 0, 0, 5, 3, 0, 0, 1, 0, 0, 0, 2, 0, 0, 2, 0, 2, 0, 3]","[127068, 78960, 47726, 153456, 117477, 150786, 114402, 68273, 72401, 153530, 32511, 82757, 5289, 83275, 127080, 19812]",16,"[5.0, 5.0, 4.0, 3.0, 5.0, 4.0, 4.0, 5.0, 5.0, 3.0, 3.0, 3.0, 5.0, 5.0, 5.0, 5.0]",16
12190,"[1, 0, 0, 1, 1, 0, 0, 0, 0, 3, 0, 0, 0, 0, 0, 0, 0, 0, 0, 0, 1, 1, 0, 0, 1, 0, 0, 0, 2, 1, 0, 0, 0, 2, 0, 0, 2, 0, 1, 0, 0, 0, 1, 0, 0, 0, 1, 0, 0, 0, 0, 0, 0, 2, 0, 1, 3, 0]","[102141, 27908, 9863, 96672, 132697, 45968]",6,"[5.0, 5.0, 5.0, 5.0, 5.0, 5.0]",6
10935,"[15, 0, 0, 5, 3, 0, 0, 1, 0, 15, 0, 0, 0, 0, 0, 0, 0, 0, 0, 1, 1, 0, 0, 1, 0, 0, 0, 1, 8, 1, 0, 0, 0, 4, 0, 0, 5, 1, 1, 0, 0, 1, 1, 1, 0, 0, 9, 0, 0, 1, 0, 0, 0, 1, 1, 0, 3, 2]","[100082, 172130, 135961, 171980, 74195, 155664, 76014, 20990, 144304, 85669, 172137, 8143, 47618, 33586, 165590, 12693, 159771, 10038, 150292, 99653, 115658, 109305, 56077]",23,"[5.0, 5.0, 1.0, 2.0, 5.0, 4.0, 2.0, 5.0, 4.0, 4.0, 4.0, 5.0, 5.0, 5.0, 3.0, 5.0, 2.0, 5.0, 5.0, 5.0, 4.0, 3.0, 5.0]",23
2600,"[95, 5, 0, 43, 48, 0, 1, 15, 0, 88, 13, 8, 1, 0, 11, 0, 42, 0, 0, 16, 14, 3, 1, 12, 4, 0, 3, 14, 50, 21, 0, 5, 0, 77, 0, 4, 38, 19, 27, 0, 0, 15, 41, 34, 4, 6, 24, 2, 0, 2, 0, 3, 0, 14, 8, 20, 4, 15]","[994, 73487, 16073, 54571, 99787, 173904, 146382, 13168, 1245, 17876, 91233, 58858, 168258, 97975, 170563, 114138, 7385, 29931, 106476, 51512, 130520, 81694, 104261, 58649, 99098, 170097, 140709, 74317, 126661, 78551, 1915, 1303, 132050, 139822, 105403, 57427, 109735, 166563, 142452, 55237, 141260, 12303, 157585, 3459, 88702, 12941, 100295, 146834, 48733, 151424, 176383, 134452, 68092, 45573, 86651, 94006, 144201, 108994, 33338, 22260, 10015, 127164, 125738, 173110, 135287, 119431, 95805, 75291, 156871, 56425, 163625, 37217, 5952, 67863, 81220, 116549, 48069, 94801, 55012, 96041, 166988, 29423, 143836, 90613, 161211, 11104, 14230, 128569, 52292, 69833, 159785, 64311, 22159, 120700, 73879, 161720, 55521, 82654, 30359, 16452, 169788, 45933, 77999, 155665, 81471, 27698, 130650, 127080, 160869, 130507, 168852, 100979, 78663, 4181, 13938, 73770, 177733, 40123, 81408, 1293, 38762, 112697, 86598, 121878, 19634, 146748, 73843, 16880, 134019, 155967, 53046, 128423, 24622, 78956, 104090, 96188, 127227, 125679, 32494, 95691, 104267, 65992, 40160, 35229, 91197, 126646, 133220, 122853, 45824, 67159, 164203, 148909, 121358, 81934, 87691, 42515, 24869, 60580, 89589, 12810, 114795, 37224, 36523, 40220, 140903, 168342, 12456, 90427, 68154, 73956, 157280, 101963, 32977, 177592, 29681, 12653, 5193, 124534, 107376, 30391, 141806, 83378, 127068, 128116, 70259, 23366, 78961, 45910, 85719, 101104, 11954, 31666, 24040, 140898, 30517, 61029, 8387, 81605, 171454, 1224, 102622, 84482, 97849, 9651, 45282, 74294, 108561, 35381, 145359, 136274, 100001, 3820, 23090, 171697, 121494, 97738, 11115, 72413, 176974, 90175, 113420, 67883, 10566, 147427, 124277, 27892, 93355, 127000, 129204, 37359, 12353, 46833, 130226, 118622, 156381, 59880, 26324, 38031, 72033, 52334, 110941, 104692, 48826, 85169, 137243, 38511, 29101, 106975, 66769, 41637, 64724, 169423, 20782, 53238, 165999, 56662, 124769, 65231, 128740, 39715, 34777, 34439, 51178, 61352, 16399, 162715, 85714, 1691, 16349, 33580, 104081, 152497]",272,"[5.0, 5.0, 3.0, 5.0, 5.0, 5.0, 5.0, 5.0, 5.0, 5.0, 5.0, 5.0, 5.0, 5.0, 5.0, 5.0, 5.0, 4.0, 5.0, 5.0, 5.0, 5.0, 5.0, 5.0, 5.0, 5.0, 5.0, 5.0, 5.0, 5.0, 0.0, 5.0, 5.0, 5.0, 5.0, 5.0, 5.0, 5.0, 5.0, 5.0, 5.0, 5.0, 5.0, 5.0, 5.0, 5.0, 5.0, 5.0, 5.0, 5.0, 5.0, 5.0, 5.0, 5.0, 5.0, 5.0, 5.0, 5.0, 5.0, 5.0, 5.0, 5.0, 5.0, 5.0, 5.0, 4.0, 5.0, 5.0, 5.0, 5.0, 5.0, 5.0, 4.0, 5.0, 5.0, 5.0, 5.0, 5.0, 5.0, 5.0, 0.0, 5.0, 5.0, 5.0, 5.0, 4.0, 5.0, 5.0, 5.0, 5.0, 5.0, 5.0, 5.0, 5.0, 5.0, 5.0, 5.0, 4.0, 4.0, 5.0, 5.0, 5.0, 5.0, 5.0, 5.0, 4.0, 4.0, 5.0, 5.0, 5.0, 5.0, 5.0, 4.0, 4.0, 5.0, 5.0, 5.0, 5.0, 5.0, 5.0, 5.0, 5.0, 5.0, 5.0, 5.0, 4.0, 5.0, 3.0, 5.0, 5.0, 5.0, 5.0, 4.0, 5.0, 5.0, 5.0, 5.0, 5.0, 5.0, 5.0, 4.0, 5.0, 5.0, 5.0, 5.0, 5.0, 4.0, 5.0, 5.0, 4.0, 0.0, 4.0, 5.0, 5.0, 5.0, 4.0, 5.0, 5.0, 5.0, 5.0, 5.0, 5.0, 5.0, 5.0, 5.0, 5.0, 5.0, 5.0, 5.0, 5.0, 5.0, 5.0, 0.0, 5.0, 5.0, 5.0, 5.0, 4.0, 5.0, 5.0, 3.0, 5.0, 5.0, 5.0, 5.0, 5.0, 5.0, 4.0, 5.0, 5.0, 5.0, 5.0, 5.0, 5.0, 5.0, 5.0, 5.0, 5.0, 5.0, 5.0, 5.0, 5.0, 5.0, 5.0, 4.0, 5.0, 5.0, 5.0, 5.0, 5.0, 5.0, 5.0, 5.0, 5.0, 5.0, 5.0, 5.0, 5.0, 5.0, 5.0, 5.0, 5.0, 4.0, 4.0, 5.0, 5.0, 5.0, 3.0, 5.0, 5.0, 5.0, 5.0, 5.0, 5.0, 5.0, 5.0, 5.0, 5.0, 5.0, 5.0, 4.0, 5.0, 5.0, 3.0, 5.0, 5.0, 5.0, 5.0, 4.0, 5.0, 5.0, 5.0, 5.0, 5.0, 5.0, 3.0, 5.0, 5.0, 5.0, 5.0, 5.0, 5.0, 5.0, 5.0, 5.0, 5.0, 5.0, 5.0, 5.0, 5.0, 5.0, 5.0]",272
3047,"[2, 0, 0, 1, 6, 0, 0, 0, 0, 5, 0, 0, 0, 0, 2, 0, 5, 0, 0, 2, 3, 1, 0, 2, 0, 0, 0, 2, 4, 0, 0, 1, 0, 4, 0, 1, 5, 1, 3, 0, 1, 0, 7, 1, 0, 0, 1, 0, 0, 0, 0, 1, 0, 1, 0, 3, 0, 0]","[63233, 1224, 44513, 135458, 89924, 131230, 144793, 122785, 89811, 3258, 48067, 28839, 79425, 57572, 142371, 37359, 160154, 63209, 162201]",19,"[4.0, 5.0, 5.0, 5.0, 5.0, 5.0, 5.0, 4.0, 5.0, 5.0, 5.0, 5.0, 5.0, 5.0, 5.0, 5.0, 4.0, 5.0, 5.0]",19
1269,"[41, 0, 0, 26, 23, 0, 0, 4, 1, 38, 1, 4, 0, 0, 1, 0, 21, 0, 0, 6, 6, 3, 3, 5, 1, 0, 3, 4, 15, 4, 0, 0, 0, 30, 0, 2, 17, 2, 4, 1, 0, 3, 14, 15, 0, 0, 12, 2, 0, 3, 0, 2, 0, 6, 4, 11, 11, 14]","[86853, 106990, 57253, 159643, 131465, 26892, 166106, 108291, 74247, 101892, 38081, 137209, 466, 56652, 117234, 159781, 56582, 150972, 53222, 39596, 101518, 113750, 158829, 81335, 170982, 45021, 116236, 44576, 135104, 118796, 113774, 60665, 134778, 113587, 140958, 91343, 113976, 150370, 65511, 36695, 155301, 15723, 142203, 44938, 102978, 101234, 20631, 46001, 128782, 170812, 64311, 20143, 103456, 142408, 125557, 177332, 77073, 124786, 71068, 31727, 69045, 165959, 164505, 163749, 112993, 145644, 66749, 123840, 41868, 39645, 90693, 38553, 52487, 60133, 80954, 83450, 36148, 55219, 38027, 51111, 100248, 166827, 133076, 22060, 155917, 101899, 40223, 103220, 57455, 90179, 147120, 11235, 73481, 150696, 92502, 53356, 1253, 60137, 153897, 120394, 85946, 62994, 18788, 126863, 145686, 33501, 97137, 88435, 58496, 52707, 168911, 63179]",112,"[5.0, 4.0, 3.0, 5.0, 5.0, 3.0, 2.0, 3.0, 2.0, 3.0, 5.0, 4.0, 5.0, 3.0, 5.0, 5.0, 5.0, 4.0, 5.0, 5.0, 5.0, 5.0, 5.0, 4.0, 4.0, 5.0, 3.0, 4.0, 5.0, 5.0, 5.0, 4.0, 2.0, 3.0, 5.0, 5.0, 5.0, 5.0, 5.0, 5.0, 3.0, 5.0, 4.0, 4.0, 4.0, 3.0, 5.0, 3.0, 4.0, 5.0, 3.0, 3.0, 4.0, 4.0, 5.0, 3.0, 5.0, 3.0, 3.0, 3.0, 4.0, 4.0, 4.0, 4.0, 4.0, 5.0, 4.0, 2.0, 5.0, 5.0, 5.0, 4.0, 3.0, 5.0, 5.0, 4.0, 5.0, 4.0, 2.0, 5.0, 5.0, 4.0, 4.0, 4.0, 4.0, 4.0, 4.0, 5.0, 5.0, 4.0, 5.0, 5.0, 5.0, 5.0, 3.0, 5.0, 5.0, 5.0, 4.0, 5.0, 4.0, 4.0, 4.0, 4.0, 5.0, 4.0, 5.0, 5.0, 3.0, 5.0, 4.0, 3.0]",112
11827,"[5, 0, 0, 2, 3, 0, 0, 0, 0, 5, 1, 0, 0, 0, 0, 0, 2, 0, 0, 0, 0, 0, 0, 1, 0, 0, 0, 0, 1, 0, 0, 0, 0, 1, 0, 0, 1, 1, 1, 0, 0, 0, 4, 1, 0, 0, 0, 0, 0, 2, 1, 0, 0, 2, 0, 1, 0, 1]","[174165, 134610, 121513, 9325, 155789, 95442, 50909, 135961, 137945, 148114, 126120]",11,"[5.0, 4.0, 5.0, 5.0, 4.0, 5.0, 5.0, 5.0, 4.0, 5.0, 5.0]",11
8303,"[6, 2, 0, 3, 5, 0, 0, 2, 0, 5, 2, 0, 0, 0, 0, 0, 1, 0, 0, 1, 1, 3, 0, 3, 0, 0, 0, 1, 2, 1, 0, 0, 0, 3, 0, 0, 2, 0, 3, 0, 0, 0, 2, 4, 0, 0, 0, 0, 0, 1, 0, 0, 0, 0, 0, 1, 0, 1]","[176271, 91920, 134610, 66593, 49907, 67863, 6061, 108051, 5077, 114570, 114447, 49677, 109573, 74419, 105011, 136931]",16,"[5.0, 5.0, 5.0, 5.0, 5.0, 4.0, 5.0, 5.0, 5.0, 5.0, 5.0, 5.0, 5.0, 5.0, 5.0, 5.0]",16
4365,"[14, 0, 2, 6, 15, 0, 0, 4, 0, 30, 1, 1, 0, 0, 1, 0, 8, 0, 0, 0, 6, 0, 0, 8, 0, 0, 4, 0, 6, 1, 0, 0, 0, 12, 0, 1, 9, 1, 5, 0, 0, 4, 10, 18, 1, 0, 4, 0, 0, 3, 0, 1, 0, 6, 0, 8, 1, 7]","[172561, 139037, 103664, 82121, 67745, 42664, 43932, 36155, 10369, 91247, 26767, 142915, 72978, 158071, 10394, 142842, 37047, 100070, 80408, 101200, 101588, 56402, 3337, 7830, 22326, 91496, 7967, 110793, 59664, 1906, 97372, 154691, 131466, 101791, 65482, 131339, 47279, 92607, 36831, 82327, 58943, 87550, 108588, 12275, 3837, 33271, 114576, 82965, 144201, 82067, 141033, 98544, 124020, 87381, 29053, 143197, 158151, 155885, 70754, 105272, 21258, 1874]",62,"[5.0, 5.0, 1.0, 5.0, 5.0, 5.0, 5.0, 5.0, 5.0, 4.0, 5.0, 4.0, 5.0, 5.0, 4.0, 5.0, 4.0, 4.0, 5.0, 5.0, 5.0, 5.0, 5.0, 4.0, 5.0, 5.0, 4.0, 4.0, 5.0, 5.0, 5.0, 4.0, 5.0, 5.0, 5.0, 4.0, 5.0, 4.0, 3.0, 5.0, 5.0, 5.0, 5.0, 5.0, 5.0, 4.0, 5.0, 4.0, 5.0, 5.0, 4.0, 5.0, 5.0, 5.0, 5.0, 5.0, 5.0, 4.0, 5.0, 4.0, 4.0, 5.0]",62
1412,"[3, 0, 0, 3, 2, 0, 0, 0, 0, 2, 0, 1, 0, 0, 0, 0, 3, 0, 0, 0, 1, 1, 0, 0, 0, 0, 0, 0, 2, 1, 0, 0, 0, 2, 0, 0, 0, 0, 1, 0, 0, 0, 1, 1, 0, 0, 2, 0, 0, 0, 0, 0, 0, 0, 0, 2, 0, 0]","[23802, 43565, 77430, 113961, 532, 4162, 144458, 79996]",8,"[0.0, 5.0, 5.0, 5.0, 4.0, 5.0, 5.0, 5.0]",8
11198,"[15, 1, 0, 4, 15, 0, 0, 1, 0, 15, 0, 1, 0, 0, 0, 0, 5, 0, 0, 2, 0, 2, 0, 4, 2, 0, 2, 1, 6, 4, 0, 1, 0, 9, 0, 2, 3, 5, 4, 0, 0, 0, 13, 5, 1, 0, 7, 0, 0, 0, 0, 1, 1, 4, 0, 3, 2, 3]","[103984, 106973, 72401, 130348, 46523, 118543, 19087, 59764, 19160, 97975, 19297, 23731, 14290, 173688, 114402, 19847, 16869, 13284, 117356, 98480, 97871, 61366, 40772, 52025, 37397, 73956, 177109, 15069, 16150, 108553, 120230, 81462, 8417, 96346, 48237, 123336, 79999, 176271, 12083, 71908, 18868, 137641]",42,"[5.0, 4.0, 5.0, 5.0, 5.0, 4.0, 5.0, 5.0, 5.0, 5.0, 5.0, 4.0, 5.0, 4.0, 4.0, 5.0, 4.0, 4.0, 5.0, 4.0, 4.0, 3.0, 5.0, 4.0, 4.0, 5.0, 5.0, 5.0, 4.0, 5.0, 4.0, 5.0, 3.0, 4.0, 4.0, 5.0, 5.0, 5.0, 4.0, 4.0, 5.0, 0.0]",42
20,"[236, 4, 1, 61, 100, 0, 0, 31, 3, 191, 15, 16, 0, 0, 13, 0, 93, 0, 0, 9, 55, 20, 6, 24, 5, 0, 21, 19, 106, 20, 0, 4, 1, 173, 0, 5, 76, 25, 42, 1, 3, 17, 71, 82, 3, 3, 40, 10, 0, 12, 5, 6, 0, 27, 11, 85, 13, 51]","[48405, 19903, 109284, 157594, 169430, 137882, 89295, 55721, 145388, 97967, 100387, 154785, 132172, 158634, 47452, 58562, 122111, 19942, 125939, 32689, 54043, 70340, 15426, 12113, 437, 130507, 152140, 9422, 114347, 129495, 117863, 14176, 63645, 172879, 4629, 53128, 11145, 132472, 129678, 27251, 1205, 103367, 66047, 128358, 155733, 48055, 52726, 36782, 75348, 76669, 46111, 58158, 87573, 131346, 151899, 43851, 56826, 155325, 139575, 28740, 100687, 99787, 65563, 119915, 159464, 121984, 125350, 8681, 107501, 144670, 45593, 144739, 164279, 9199, 21705, 10, 106277, 166792, 117811, 13192, 134585, 78811, 70646, 171682, 99309, 5299, 96107, 167228, 151935, 59474, 27437, 26982, 26621, 89576, 124226, 64444, 6845, 136945, 132191, 158237, 107168, 56058, 127395, 43657, 22458, 74581, 170570, 77218, 108405, 74126, 175633, 85609, 134251, 117013, 132502, 168249, 88882, 33486, 11608, 1334, 102474, 30586, 9699, 4275, 151698, 54323, 149604, 41144, 89875, 58187, 108322, 21419, 238, 95268, 107041, 5346, 25031, 42616, 58146, 52845, 77347, 77866, 98707, 121039, 73375, 134965, 36637, 33562, 26438, 148087, 157035, 7544, 67010, 14198, 90143, 16517, 45737, 135777, 16829, 159537, 163576, 36254, 30589, 19998, 176004, 156765, 155394, 88710, 95573, 70630, 44455, 146471, 54512, 149274, 75798, 1053, 98151, 93827, 136400, 141752, 50576, 92270, 152496, 108693, 13779, 102643, 30183, 171814, 154836, 59901, 65661, 20361, 56899, 139928, 148999, 139003, 100734, 24877, 88424, 44866, 21102, 37302, 143835, 90698, 123226, 117946, 94767, 35068, 9578, 72910, 71403, 111337, 158531, 64562, 57772, 161609, 152541, 75089, 47657, 17864, 50037, 139667, 41108, 171143, 64301, 44375, 31467, 104913, 54775, 116669, 114520, 114034, 96883, 54347, 9390, 61061, 22723, 89817, 151911, 74079, 4634, 70748, 80113, 111370, 75209, 89684, 11696, 144320, 68518, 89608, 72911, 170108, 42046, 172070, 14943, 46916, 67664, 155183, 55912, 18299, 60247, 87432, 69683, 2099, 155866, 42021, 16082, 77292, 168696, 19805, 29312, 119526, 176098, 40035, 62343, 54494, 39299, 42620, 40722, 161861, 23036, 164191, 45303, 14763, 96565, 72388, 9074, 79515, 16332, 9289, 104583, 140903, 64507, 48004, 23031, 83461, 136474, 83378, 75290, 91038, 149978, 88903, 54041, 156761, 57927, 77519, 161875, 18297, 176460, 90468, 31828, 164474, 170369, 15958, 145556, 28552, 70870, 66576, 5347, 13352, 76924, 159863, 160916, 96904, 134399, 93740, 144461, 160990, 170279, 137665, 49384, 65405, 173834, 105801, 6502, 104006, 91086, 143090, 66315, 112941, 114480, 94386, 97849, 137598, 176321, 23548, 19082, 38979, 73915, 164095, 37958, 169538, 100334, 147486, 158553, 7911, 56466, 75617, 22263, 158184, 68059, 115724, 57013, 126400, 144434, 31122, 99754, 101566, 112962, 150630, 30124, 97306, 58767, 71391, 63820, 26533, 166441, 163647, 22497, 79396, 36658, 112369, 32704, 11115, 3676, 39315, 107572, 155825, 20495, 159647, 70453, 153455, 136781, 150375, 167264, 16661, 33231, 36353, 113987, 147180, 3165, 52660, 124974, 138627, 123783, 142615, 29449, 71574, 147545, 164568, 6458, 98546, 127669, 156779, 156943, 72320, 37077, 42647, 17783, 420, 82663, 71578, 112699, 105634, 6302, 19834, 66898, 15942, 117369, 131036, 120945, 110085, 95235, 83257, 170321, 119267, 95588, 63480, 4708, 85696, 53979, 62200, 32224, 74255, 8842, 27063, 139533, 114307, 43788, 95605, 30111, 126289, 94766, 120741, 109485, 155951, 107662, 33864, 86365, 26484, 81355, 53087, 159318, 91812, 158618, 97359, 26991, 98766, 108554, 114386, 128003, 41275, 20063, 149575, 30431, 146188, 31666, 62270, 100365, 132382, 164277, 75044, 32801, 116272, 136883, 80281, 90846, 19764, 165144, 50494, 17033, 72893, 130475, 107011, 48650, 47137, 89188, 146790, 1602, 11076, 130696, 72745, 172285, 99362, 55286, 169623, 51607, 147657, 45302, 151146, 10075, 22267, 117362, 53667, 127287, 21717, 173024, 71434, 70348, 52833, 162356, 48453, 100946, 128685, 82451, 165243, 89925, 45290, 102011, 5463, 161107, 53417, 29432, 74869, 173831, 83455, 117307, 16775, 160952, 91655, 131022, 39960, 112493, 55889, 175533, 5632, 89948, 122009, 43856, 159956, 35465, 87944, 6060, 71873, 30043, 27902, 70351, 25394, 122121, 73814, 117743, 2882, 72391, 57366, 159398, 17969, 156978, 118629, 168899, 463, 25424, 32069, 47109, 23204, 27381, 132557, 54232, 8697, 152484, 88640, 7499, 139776, 67932, 70018, 158972, 19771, 13076, 114500, 161688, 61056, 158052, 122143, 89986, 140859, 28680, 172785, 87118, 169947, 168814, 14204, 72357, 91911, 69272, 29716, 97711, 67747, 61522, 49653, 119320, 58918, 57659, 87637, 30592, 91779, 129914, 89284, 98964, 22652, 13425, 141126, 155752, 4442, 134834, 174775, 151590, 95835, 3955, 26922, 96746, 90589, 160238, 171959, 48236, 137066, 143231, 59675, 160780, 36581, 112021, 98825, 56015]",641,"[4.0, 5.0, 4.0, 5.0, 5.0, 4.0, 5.0, 5.0, 5.0, 4.0, 5.0, 5.0, 4.0, 5.0, 5.0, 5.0, 5.0, 5.0, 5.0, 5.0, 4.0, 5.0, 5.0, 5.0, 5.0, 5.0, 5.0, 5.0, 5.0, 5.0, 5.0, 5.0, 5.0, 5.0, 5.0, 5.0, 4.0, 4.0, 4.0, 4.0, 5.0, 5.0, 5.0, 5.0, 4.0, 5.0, 4.0, 5.0, 5.0, 5.0, 5.0, 5.0, 4.0, 5.0, 5.0, 4.0, 4.0, 5.0, 5.0, 5.0, 5.0, 5.0, 5.0, 5.0, 5.0, 5.0, 5.0, 5.0, 5.0, 5.0, 5.0, 5.0, 5.0, 5.0, 5.0, 5.0, 5.0, 5.0, 5.0, 5.0, 5.0, 5.0, 5.0, 4.0, 4.0, 5.0, 5.0, 5.0, 4.0, 5.0, 5.0, 5.0, 5.0, 5.0, 5.0, 5.0, 5.0, 5.0, 5.0, 5.0, 5.0, 5.0, 4.0, 4.0, 4.0, 5.0, 4.0, 4.0, 5.0, 4.0, 5.0, 4.0, 5.0, 4.0, 5.0, 5.0, 4.0, 4.0, 5.0, 4.0, 5.0, 5.0, 5.0, 5.0, 5.0, 5.0, 5.0, 5.0, 5.0, 5.0, 5.0, 5.0, 5.0, 5.0, 5.0, 5.0, 5.0, 4.0, 5.0, 5.0, 5.0, 4.0, 5.0, 4.0, 4.0, 5.0, 4.0, 4.0, 5.0, 4.0, 4.0, 5.0, 5.0, 4.0, 5.0, 5.0, 5.0, 5.0, 5.0, 5.0, 5.0, 5.0, 5.0, 5.0, 5.0, 5.0, 5.0, 5.0, 5.0, 5.0, 5.0, 5.0, 5.0, 5.0, 5.0, 5.0, 5.0, 5.0, 4.0, 5.0, 5.0, 5.0, 4.0, 5.0, 5.0, 5.0, 4.0, 4.0, 4.0, 5.0, 5.0, 5.0, 4.0, 5.0, 5.0, 5.0, 5.0, 5.0, 4.0, 5.0, 5.0, 5.0, 5.0, 5.0, 5.0, 5.0, 4.0, 5.0, 5.0, 5.0, 4.0, 4.0, 5.0, 5.0, 5.0, 5.0, 5.0, 5.0, 5.0, 5.0, 5.0, 5.0, 5.0, 5.0, 5.0, 4.0, 5.0, 5.0, 5.0, 5.0, 4.0, 5.0, 5.0, 4.0, 4.0, 5.0, 5.0, 5.0, 5.0, 5.0, 5.0, 5.0, 5.0, 5.0, 5.0, 5.0, 5.0, 4.0, 5.0, 5.0, 5.0, 5.0, 4.0, 4.0, 5.0, 4.0, 4.0, 5.0, 5.0, 5.0, 5.0, 5.0, 5.0, 4.0, 5.0, 5.0, 5.0, 5.0, 4.0, 4.0, 4.0, 5.0, 4.0, 5.0, 5.0, 5.0, 4.0, 5.0, 4.0, 4.0, 5.0, 4.0, 5.0, 5.0, 4.0, 5.0, 5.0, 5.0, 5.0, 5.0, 5.0, 5.0, 5.0, 5.0, 4.0, 4.0, 5.0, 5.0, 5.0, 5.0, 5.0, 4.0, 5.0, 5.0, 5.0, 5.0, 5.0, 5.0, 5.0, 5.0, 5.0, 5.0, 5.0, 5.0, 5.0, 5.0, 5.0, 4.0, 5.0, 4.0, 4.0, 5.0, 4.0, 5.0, 5.0, 5.0, 5.0, 5.0, 5.0, 5.0, 5.0, 5.0, 5.0, 5.0, 5.0, 5.0, 5.0, 4.0, 4.0, 5.0, 5.0, 5.0, 5.0, 5.0, 5.0, 5.0, 5.0, 5.0, 4.0, 0.0, 5.0, 5.0, 5.0, 5.0, 5.0, 5.0, 5.0, 5.0, 5.0, 5.0, 5.0, 5.0, 5.0, 5.0, 5.0, 5.0, 5.0, 5.0, 5.0, 4.0, 5.0, 5.0, 5.0, 5.0, 5.0, 5.0, 5.0, 5.0, 5.0, 4.0, 4.0, 5.0, 5.0, 5.0, 5.0, 5.0, 4.0, 5.0, 5.0, 4.0, 5.0, 5.0, 5.0, 5.0, 5.0, 5.0, 0.0, 5.0, 5.0, 5.0, 5.0, 4.0, 5.0, 5.0, 5.0, 5.0, 5.0, 5.0, 5.0, 5.0, 5.0, 5.0, 5.0, 5.0, 5.0, 5.0, 5.0, 5.0, 5.0, 5.0, 5.0, 5.0, 5.0, 5.0, 5.0, 5.0, 5.0, 5.0, 5.0, 5.0, 4.0, 5.0, 5.0, 5.0, 5.0, 5.0, 5.0, 4.0, 5.0, 5.0, 5.0, 5.0, 5.0, 5.0, 5.0, 5.0, 5.0, 5.0, 5.0, 5.0, 5.0, 4.0, 5.0, 4.0, 5.0, 5.0, 5.0, 5.0, 5.0, 5.0, 4.0, 5.0, 5.0, 4.0, 4.0, 5.0, 5.0, 5.0, 4.0, 4.0, 4.0, 4.0, 4.0, 5.0, 5.0, 5.0, 5.0, 5.0, 4.0, 5.0, 4.0, 5.0, 5.0, 4.0, 4.0, 5.0, 5.0, 4.0, 5.0, 4.0, 5.0, 4.0, 5.0, 4.0, 5.0, 5.0, 5.0, 4.0, 5.0, 4.0, 4.0, 5.0, 4.0, 5.0, 5.0, 3.0, 5.0, 5.0, 5.0, 5.0, 5.0, 4.0, 5.0, 5.0, 5.0, 5.0, 5.0, 5.0, 5.0, 5.0, 4.0, 4.0, 5.0, 4.0, 4.0, 4.0, 5.0, 4.0, 5.0, 4.0, 4.0, 4.0, 4.0, 4.0, 4.0, 5.0, 4.0, 4.0, 5.0, 4.0, 5.0, 5.0, 4.0, 5.0, 5.0, 5.0, 4.0, 5.0, 5.0, 5.0, 5.0, 5.0, 5.0, 4.0, 5.0, 4.0, 3.0, 4.0, 5.0, 4.0, 4.0, 3.0, 4.0, 5.0, 4.0, 5.0, 5.0, 5.0, 5.0, 4.0, 5.0, 4.0, 4.0, 5.0, 4.0, 5.0, 4.0, 4.0, 4.0, 5.0, 5.0, 4.0, 5.0, 0.0, 0.0, 4.0, 4.0, 5.0, 4.0, 4.0, 4.0, 5.0, 4.0, 5.0, 5.0, 5.0, 4.0, 5.0, 4.0, 4.0, 0.0, 0.0, 4.0, 5.0, 5.0, 5.0, 5.0, 5.0, 5.0, 4.0, 4.0, 4.0, 5.0, 5.0, 4.0, 5.0, 5.0, 4.0, 4.0, 5.0, 5.0, 5.0, 5.0, 5.0, 5.0, 5.0, 5.0, 0.0, 5.0, 5.0, 4.0, 4.0, 0.0, 4.0, 5.0, 4.0, 5.0, 5.0, 5.0, 0.0, 5.0]",641
7416,"[5, 0, 0, 1, 2, 0, 0, 0, 0, 3, 0, 0, 0, 0, 0, 0, 2, 0, 0, 0, 0, 0, 0, 0, 0, 0, 0, 1, 3, 1, 0, 0, 0, 2, 0, 0, 1, 0, 1, 0, 0, 0, 0, 0, 1, 0, 0, 0, 0, 0, 0, 0, 0, 0, 0, 0, 1, 0]","[165266, 141264, 78254, 24610, 117497, 106839, 4205, 125455]",8,"[4.0, 5.0, 5.0, 5.0, 2.0, 1.0, 5.0, 4.0]",8
20502,"[7, 0, 0, 0, 4, 0, 0, 0, 0, 5, 0, 0, 0, 0, 0, 0, 0, 0, 0, 0, 1, 1, 0, 0, 0, 0, 0, 1, 0, 0, 0, 0, 0, 4, 0, 0, 2, 1, 1, 1, 0, 0, 2, 0, 0, 0, 3, 0, 0, 0, 0, 1, 0, 2, 0, 1, 2, 0]","[87219, 102693, 114402, 74633, 97343, 30125, 97448, 43103, 147645, 95472, 149717]",11,"[5.0, 5.0, 5.0, 5.0, 5.0, 5.0, 5.0, 4.0, 5.0, 5.0, 4.0]",11
10150,"[3, 0, 0, 0, 1, 0, 0, 0, 0, 2, 1, 1, 0, 0, 0, 0, 4, 0, 0, 1, 3, 0, 0, 0, 0, 0, 0, 0, 3, 1, 0, 0, 0, 1, 0, 0, 0, 0, 0, 0, 0, 0, 1, 0, 0, 0, 1, 0, 0, 0, 0, 0, 0, 1, 0, 1, 0, 0]","[76205, 55057, 66652, 140156, 70820, 137086, 7074]",7,"[4.0, 5.0, 4.0, 4.0, 5.0, 0.0, 4.0]",7
11592,"[1, 0, 0, 1, 2, 0, 0, 0, 0, 0, 0, 0, 0, 0, 0, 0, 2, 0, 0, 0, 0, 0, 0, 1, 0, 0, 1, 0, 1, 0, 0, 0, 0, 0, 0, 1, 0, 1, 0, 0, 0, 0, 2, 0, 0, 0, 1, 0, 0, 0, 0, 0, 0, 0, 0, 1, 0, 0]","[73724, 42969, 138181, 52784, 52312, 152533]",6,"[5.0, 4.0, 3.0, 5.0, 0.0, 4.0]",6
1560,"[57, 0, 0, 30, 27, 0, 0, 2, 2, 44, 2, 5, 0, 0, 1, 0, 18, 0, 0, 3, 7, 4, 1, 5, 3, 0, 2, 4, 23, 2, 0, 0, 1, 47, 0, 2, 23, 5, 5, 0, 0, 4, 19, 12, 2, 0, 9, 1, 0, 2, 0, 2, 0, 14, 2, 10, 11, 11]","[43420, 39946, 44747, 165957, 39436, 4029, 1984, 112255, 56425, 131763, 131605, 79338, 78911, 20449, 117039, 12199, 97242, 141005, 173363, 87512, 74633, 47680, 70141, 55487, 109587, 72630, 62600, 52660, 141022, 137166, 60423, 153113, 87821, 54048, 165388, 4790, 79095, 92377, 116143, 45072, 90604, 76513, 107795, 134213, 32445, 150851, 24291, 122353, 158632, 21706, 147374, 16859, 125842, 77881, 13958, 5838, 18001, 114411, 105412, 44457, 79285, 137150, 97331, 77788, 13733, 38873, 115684, 94369, 126965, 29119, 1691, 7673, 154683, 22465, 57265, 62786, 35164, 51928, 44962, 36831, 98104, 112620, 56490, 39353, 48067, 155752, 53261, 129471, 89275, 13215, 67539, 172451, 150229, 163100, 64761, 73493, 11814, 150824, 90709, 83833, 132709, 7187, 17614, 612, 87153, 169283, 157740, 127170, 12317, 68377, 5193, 115836]",112,"[2.0, 4.0, 4.0, 5.0, 4.0, 3.0, 5.0, 4.0, 5.0, 5.0, 5.0, 4.0, 3.0, 0.0, 4.0, 5.0, 4.0, 3.0, 4.0, 5.0, 5.0, 5.0, 4.0, 3.0, 5.0, 4.0, 4.0, 4.0, 3.0, 4.0, 5.0, 5.0, 5.0, 4.0, 5.0, 5.0, 4.0, 4.0, 4.0, 5.0, 5.0, 5.0, 5.0, 5.0, 5.0, 4.0, 4.0, 4.0, 4.0, 5.0, 5.0, 5.0, 5.0, 5.0, 4.0, 4.0, 4.0, 5.0, 5.0, 5.0, 4.0, 5.0, 5.0, 4.0, 4.0, 5.0, 5.0, 5.0, 5.0, 4.0, 5.0, 5.0, 5.0, 4.0, 4.0, 4.0, 5.0, 4.0, 5.0, 4.0, 4.0, 5.0, 4.0, 5.0, 4.0, 4.0, 4.0, 5.0, 4.0, 5.0, 5.0, 5.0, 5.0, 5.0, 5.0, 4.0, 5.0, 4.0, 4.0, 4.0, 5.0, 5.0, 5.0, 5.0, 4.0, 5.0, 0.0, 4.0, 5.0, 0.0, 5.0, 5.0]",112
12804,"[7, 0, 0, 3, 6, 0, 0, 0, 0, 7, 1, 0, 0, 0, 0, 0, 1, 0, 0, 2, 0, 0, 0, 0, 0, 0, 0, 0, 5, 0, 0, 0, 0, 4, 0, 2, 5, 1, 0, 0, 0, 2, 4, 1, 0, 0, 2, 0, 0, 0, 0, 1, 0, 2, 0, 3, 2, 2]","[150662, 101783, 175747, 140914, 110203, 122147, 16372, 53259, 56515, 158521, 112666, 11034, 14514, 28376, 137789, 71488]",16,"[0.0, 5.0, 5.0, 5.0, 5.0, 0.0, 0.0, 5.0, 5.0, 5.0, 5.0, 5.0, 5.0, 5.0, 5.0, 5.0]",16
16091,"[6, 0, 0, 3, 1, 0, 0, 1, 0, 6, 1, 1, 0, 1, 0, 0, 4, 0, 0, 1, 2, 2, 0, 1, 0, 0, 0, 1, 4, 1, 0, 0, 0, 6, 0, 0, 2, 2, 4, 0, 0, 2, 4, 5, 0, 0, 0, 1, 0, 0, 0, 1, 0, 2, 0, 1, 0, 0]","[155664, 174066, 67349, 17360, 160396, 117146, 151590, 109565, 130650, 87907, 42296, 19887, 142774, 48591, 92518, 73729, 163326, 36846, 113277, 108005]",20,"[5.0, 5.0, 5.0, 5.0, 4.0, 5.0, 5.0, 2.0, 5.0, 4.0, 5.0, 5.0, 4.0, 5.0, 5.0, 5.0, 4.0, 4.0, 4.0, 5.0]",20
13210,"[9, 0, 0, 0, 0, 0, 0, 1, 0, 6, 0, 0, 0, 0, 0, 0, 0, 0, 0, 0, 1, 1, 0, 0, 0, 0, 0, 0, 2, 0, 0, 0, 0, 3, 0, 0, 1, 1, 1, 0, 0, 0, 0, 2, 0, 0, 0, 0, 0, 0, 0, 0, 0, 0, 0, 3, 2, 0]","[159823, 11698, 45833, 21355, 47877, 84679, 76498, 65360, 158386, 169470, 97738, 29681]",12,"[0.0, 5.0, 5.0, 3.0, 5.0, 5.0, 5.0, 0.0, 4.0, 5.0, 5.0, 5.0]",12
373,"[425, 19, 5, 209, 336, 0, 0, 48, 10, 448, 8, 41, 5, 0, 64, 0, 253, 0, 0, 26, 137, 62, 23, 94, 6, 0, 27, 82, 332, 69, 2, 4, 10, 283, 0, 32, 141, 46, 200, 0, 33, 74, 284, 306, 13, 5, 136, 17, 0, 22, 4, 21, 0, 88, 88, 194, 38, 138]","[25455, 162465, 158151, 134616, 13743, 84271, 64941, 39742, 135404, 103369, 50744, 34215, 93258, 157195, 33673, 135761, 56291, 159882, 46051, 145345, 113559, 79816, 155325, 75898, 121349, 110993, 43716, 107371, 158000, 156490, 99848, 17870, 157489, 15374, 175070, 38800, 147977, 45824, 117369, 50203, 171916, 65441, 162813, 5977, 20075, 57981, 135059, 45084, 13779, 76152, 44721, 107662, 8998, 71442, 165154, 144875, 154567, 62010, 168616, 146853, 144288, 92533, 97150, 34059, 20181, 84737, 134352, 48310, 112049, 141441, 138627, 137150, 172183, 18662, 11868, 126988, 161614, 86997, 50096, 127821, 89863, 83155, 47149, 10899, 93076, 68767, 126091, 96575, 82053, 175901, 6236, 86039, 37318, 144480, 30081, 19775, 126456, 72293, 30893, 32886, 100022, 169733, 109361, 135056, 119994, 102027, 155667, 51895, 36523, 138041, 165581, 52139, 1023, 61302, 13833, 57802, 139278, 43843, 76513, 107140, 101324, 108045, 127080, 39021, 50972, 150169, 26105, 97375, 136621, 61375, 69877, 145060, 101936, 87804, 90079, 78724, 6852, 113538, 109885, 56338, 56204, 69833, 7057, 115143, 21970, 155548, 685, 140713, 24780, 50765, 13912, 166074, 166731, 20858, 137900, 158501, 108994, 18015, 17092, 92324, 99060, 153530, 173553, 28010, 143099, 119541, 73995, 104428, 123933, 169144, 167154, 50372, 134520, 111890, 61503, 121873, 138589, 3099, 84376, 176491, 101808, 22905, 108918, 112676, 122779, 84318, 105750, 37752, 176349, 39368, 20792, 31699, 21621, 63699, 26544, 140676, 106171, 147349, 173070, 134826, 149479, 150254, 119546, 135152, 8411, 21728, 19217, 2468, 83434, 53400, 54724, 799, 130527, 141363, 155012, 167607, 46366, 40019, 14232, 88092, 50820, 160680, 6519, 98688, 102865, 36331, 97441, 25997, 148854, 159946, 31373, 114973, 117311, 124648, 51399, 91887, 172446, 84658, 174747, 48887, 57505, 83919, 47468, 116308, 166675, 62688, 42664, 61319, 88432, 162104, 162507, 155789, 138480, 22589, 99343, 116386, 87042, 28052, 16566, 65839, 108000, 94859, 118156, 77983, 148659, 640, 177212, 69662, 158187, 171139, 9544, 87904, 27152, 29425, 147312, 49027, 79634, 127655, 50841, 90277, 43085, 159264, 21162, 101789, 48240, 15354, 22091, 137802, 107170, 173372, 82934, 171225, 67445, 11305, 110313, 77221, 37972, 57879, 78786, 108764, 67175, 88864, 163092, 105324, 60099, 66455, 77434, 64875, 137746, 14495, 71694, 120824, 66114, 35560, 129059, 16244, 98380, 98137, 167905, 70770, 130595, 161421, 40114, 169706, 77338, 19243, 46764, 109205, 45217, 95033, 67762, 154993, 20586, 95190, 133967, 177599, 129177, 98430, 163792, 5450, 94988, 48159, 141133, 139025, 63469, 176515, 87457, 11434, 91764, 66288, 166961, 145316, 140573, 45842, 40415, 141398, 176537, 161767, 133167, 99666, 110296, 69569, 734, 57659, 111279, 2646, 161962, 64671, 67139, 147516, 45834, 152256, 139567, 91508, 177322, 44256, 5932, 143998, 87637, 10325, 56219, 108147, 169597, 41828, 166772, 31459, 166131, 26819, 171279, 15439, 129027, 25915, 157386, 150136, 106048, 89231, 36954, 150418, 35605, 159778, 137726, 112249, 73853, 101427, 109252, 65073, 104415, 131161, 46508, 12582, 141594, 116838, 55124, 36462, 56389, 1705, 156611, 154792, 87493, 52425, 60804, 7445, 95620, 25184, 174161, 51962, 23937, 92184, 115331, 148261, 19230, 121151, 16951, 148294, 101179, 50394, 48107, 79584, 100718, 61912, 117592, 156836, 34522, 11768, 148160, 163207, 77871, 31388, 137146, 156179, 21096, 66142, 100968, 6902, 91839, 166776, 6181, 97409, 41942, 42893, 48342, 3637, 25442, 63031, 10545, 118328, 154120, 51195, 60052, 156147, 79076, 81532, 9169, 118015, 61533, 75461, 65913, 93213, 23114, 121433, 172393, 101921, 6769, 164616, 146784, 37499, 122896, 176585, 58672, 7383, 91053, 42057, 66252, 116065, 118216, 103783, 129570, 49538, 19380, 46860, 32776, 99123, 70744, 78216, 53734, 92325, 156358, 107938, 65567, 142134, 112936, 131211, 109764, 106386, 55458, 93092, 171157, 134849, 60663, 170152, 125645, 109429, 55784, 128060, 159392, 52104, 61169, 120941, 148449, 164263, 25171, 8591, 6025, 39025, 120817, 60793, 85703, 73418, 79646, 22651, 158718, 86641, 116930, 22189, 97110, 94853, 66202, 111594, 118035, 42026, 145544, 2488, 110941, 104880, 76345, 118853, 137301, 100191, 60053, 130998, 49092, 140690, 105120, 178244, 20892, 175991, 164335, 47365, 64069, 70657, 32068, 127542, 19210, 78668, 33447, 9725, 142399, 155089, 168219, 108046, 5846, 80619, 149058, 109476, 112576, 57600, 140255, 122544, 160382, 81853, 176874, 78036, 19484, 168371, 132644, 133714, 18593, 101665, 152870, 16200, 13864, 22663, 111353, 98175, 161507, 74157, 135246, 134542, 11984, 45002, 37248, 132675, 103503, 172898, 146995, 27161, 89858, 83813, 147747, 71717, 135006, 49187, 119869, 152560, 15157, 48147, 172097, 60667, 23145, 174895, 131881, 55210, 59716, 89168, 132007, 112959, 104956, 151592, 154811, 772, 78348, 138071, 6247, 12250, 48187, 66665, 84895, 156985, 175634, 76363, 147046, 128968, 16371, 95280, 23265, 132722, 93777, 158211, 116604, 10594, 67635, 35567, 76378, 17617, 36166, 111146, 58247, 56542, 45581, 2049, 39677, 67932, 148809, 67392, 133701, 99370, 89590, 154191, 198, 106298, 3067, 81159, 168513, 144711, 68361, 161585, 51662, 142583, 42839, 68065, 151729, 50207, 146328, 73325, 160577, 2179, 164236, 88522, 177691, 37388, 118146, 154561, 24178, 101436, 23352, 18489, 151265, 136208, 13812, 158582, 85781, 162431, 117869, 161515, 130760, 53949, 127442, 163072, 125921, 151580, 64652, 127783, 17840, 178163, 63209, 130497, 103646, 138107, 138967, 144708, 126175, 2939, 119426, 154545, 35903, 100788, 58779, 13601, 165187, 171216, 4373, 112598, 120070, 37804, 22138, 173971, 156577, 19297, 139236, 158311, 133848, 50077, 147310, 42941, 112995, 88618, 125315, 66494, 172096, 125398, 4926, 110748, 128373, 87846, 39933, 120738, 140998, 142886, 108596, 70424, 28863, 148555, 38973, 1409, 17800, 131637, 92093, 86426, 52151, 137104, 66116, 154607, 147340, 70206, 59345, 52900, 111193, 51466, 157753, 95217, 76042, 84965, 55216, 111762, 101945, 53194, 166766, 101632, 121974, 140838, 12359, 92784, 60393, 102353, 86574, 162938, 34121, 150, 72396, 145743, 158044, 76236, 167964, 101049, 93334, 169395, 161821, 49925, 35495, 102186, 83175, 133692, 75476, 22811, 125873, 44154, 50221, 39434, 114063, 90986, 167603, 27726, 32908, 61707, 117773, 161617, 127068, 66409, 178123, 26514, 23366, 32222, 65887, 99620, 59421, 3644, 169367, 169932, 103485, 27591, 62377, 15965, 118945, 83313, 126038, 134249, 130972, 102852, 49367, 19777, 87747, 82925, 120527, 64855, 78143, 166322, 39957, 138342, 89784, 56917, 154280, 143743, 42245, 120189, 109692, 38250, 46713, 164843, 166209, 57650, 38932, 117925, 68889, 133670, 122276, 115406, 147297, 125212, 71261, 23484, 166709, 156917, 28633, 13571, 123214, 102000, 78524, 38808, 134449, 65367, 76060, 115183, 124753, 111837, 170029, 85932, 114528, 89158, 131458, 74881, 91793, 162917, 153904, 64157, 58897, 13663, 112514, 8227, 20195, 151000, 165035, 148722, 20816, 106203, 9134, 171247, 40865, 171712, 69696, 52864, 51226, 27648, 168889, 127952, 29891, 156479, 173675, 167975, 137718, 57476, 110025, 113933, 116783, 33998, 160547, 120102, 89285, 41189, 160557, 135855, 101708, 130442, 118244, 75742, 3942, 7688, 55695, 62308, 53388, 28289, 94537, 37004, 130074, 124325, 30390, 24585, 148955, 116524, 4692, 154359, 27014, 67168, 136942, 134610, 93230, 167724, 114324, 166785, 116877, 165745, 66426, 71490, 104885, 29493, 94152, 39466, 107917, 36015, 175466, 64690, 34280, 99323, 165030, 55904, 45693, 121699, 170363, 17480, 100355, 133035, 98847, 11594, 159939, 114697, 76125, 39579, 117699, 64442, 70453, 72196, 69517, 95420, 147702, 103393, 175252, 174231, 72727, 82239, 54694, 159215, 111238, 9433, 56153, 30609, 68131, 95619, 155650, 47828, 89094, 144115, 145811, 81621, 41267, 83160, 166465, 116800, 9779, 1531, 120319, 131089, 106555, 29390, 29529, 174500, 143359, 23987, 109065, 19205, 108626, 96238, 90365, 120990, 128034, 357, 10218, 36465, 19109, 54184, 8584, 39545, 2313, 26547, 161328, 5653, 107520, 59761, 84150, 157141, 139531, 74396, 80205, 121470, 153379, 15624, 12151, 18557, 32290, 176549, 5869, 90735, 132414, 103699, 172677, 25856, 169191, 28290, 14769, 68133, 284, 17459, 142616, 130512, 158113, 51463, 146542, 108527, 94415, 162544, 6819, 98761, 68852, 109212, 5626, 109472, 146719, 158546, 102773, 144745, 138032, 73581, 5498, 66247, 170105, 127585, 15792, 70507, 44556, 57968, 168361, 107341, 73567, 53258, 139526, 46846, 17509, 175180, 156037, 40398, 135848, 30000, 3332, 177109, 25703, 137898, 110902, 150719, 7557, 162047, 620, 24425, 166019, 172170, 62837, 139585, 132012, 89589, 61387, 78704, 19337, 162105, 66600, 166172, 156991, 129378, 130274, 172386, 83251, 59552, 160966, 65885, 44617, 5455, 129165, 57762, 24037, 43389, 160592, 92114, 128701, 125783, 14615, 117748, 135612, 129214, 114414, 121317, 90818, 172718, 172436, 148016, 60315, 69891, 32119, 37514, 5821, 150784, 45153, 130704, 49515, 7222, 30758, 173992, 81340, 55858, 99028, 117118, 70536, 37887, 69926, 56859, 49701, 113614, 69192, 175, 20336, 83364, 100274, 81174, 170732, 166700, 160326, 40240, 130008, 106250, 110564, 80881, 55309, 126011, 78577, 113159, 97552, 51667, 7292, 145822, 127608, 44893, 10211, 48736, 149277, 70372, 80013, 90307, 175802, 63089, 69036, 65182, 142622, 112708, 22185, 170251, 55195, 75816, 98528, 13992, 147135, 69176, 72819, 105775, 24907, 57146, 19730, 95076, 43263, 76171, 59910, 34143, 7367, 71187, 27740, 171285, 120265, 6600, 93037, 128157, 160521, 92431, 98262, 158571, 104147, 154988, 65543, 73685, 107240, 107584, 170770, 15056, 40930, 145399, 5765, 18066, 176165, 111507, 94749, 2903, 144282, 122479, 38482, 140292, 29276, 116705, 108486, 169117, 75048, 113852, 92304, 153127, 58883, 85545, 15795, 38751, 149186, 1095, 175169, 174542, 83190, 74318, 117834, 127857, 14467, 44853, 28785, 1730, 159799, 6363, 165334, 96189, 82289, 46517, 39364, 17445, 166281, 2113, 34732, 103346, 158732, 34645, 73388, 4333, 69299, 59489, 133940, 159300, 175214, 32182, 5176, 130134, 166609, 175194, 153270, 16657, 136099, 100168, 85806, 15600, 59719, 102102, 20829, 102072, 26392, 156966, 80770, 153481, 172136, 118843, 117725, 87383, 1315, 112336, 8165, 101266, 25026, 110669, 17547, 130665, 173083, 82745, 24124, 166638, 79739, 158367, 44804, 12293, 36742, 3897, 135567, 35695, 19939, 6078, 57324, 45428, 7168, 7239, 97056, 101776, 86822, 131241, 131514, 112504, 71560, 149360, 94108, 63851, 41530, 18176, 106310, 124548, 122507, 96397, 123338, 7855, 56005, 16945, 103872, 30597, 175013, 110431, 92637, 45072, 78241, 162360, 15307, 41905, 22912, 155866, 29746, 47640, 127419, 92801, 159032, 1234, 81109, 54887, 83350, 43943, 84100, 162110, 39296, 166244, 160598, 105532, 124986, 142797, 42049, 89237, 129785, 83975, 176958, 112470, 104730, 128586, 120721, 112426, 65868, 128247, 37547, 142699, 174174, 113058, 26121, 4096, 52904, 129230, 36312, 233, 173987, 100117, 62624, 13942, 125342, 68868, 62247, 40392, 49937, 54289, 96391, 135416, 133368, 126476, 17196, 95042, 126073, 117141, 105105, 81541, 43802, 91897, 36228, 116703, 52755, 147509, 28928, 58611, 138746, 165496, 12616, 30109, 133769, 82778, 20470, 120524, 35931, 133452, 62051, 112739, 57480, 4615, 32921, 160316, 8657, 169786, 140978, 159498, 25120, 51493, 103079, 96649, 123237, 44970, 50069, 131573, 133851, 99565, 61875, 29379, 129478, 23186, 155861, 77815, 140677, 13337, 23494, 138309, 66522, 149281, 67529, 100784, 150412, 141365, 120114, 41928, 54362, 165291, 33461, 23852, 144997, 29587, 18257, 177260, 86369, 71121, 98963, 74572, 134719, 94750, 19414, 46369, 95642, 47331, 157782, 99842, 145518, 37354, 149071]",1553,"[5.0, 5.0, 4.0, 4.0, 4.0, 3.0, 4.0, 3.0, 4.0, 4.0, 5.0, 5.0, 4.0, 4.0, 4.0, 4.0, 4.0, 4.0, 5.0, 5.0, 4.0, 5.0, 5.0, 5.0, 3.0, 3.0, 4.0, 5.0, 5.0, 4.0, 5.0, 4.0, 5.0, 4.0, 4.0, 5.0, 4.0, 5.0, 5.0, 5.0, 4.0, 4.0, 5.0, 5.0, 4.0, 4.0, 5.0, 4.0, 5.0, 5.0, 5.0, 5.0, 4.0, 4.0, 5.0, 4.0, 5.0, 5.0, 5.0, 5.0, 4.0, 4.0, 4.0, 5.0, 4.0, 4.0, 5.0, 4.0, 4.0, 5.0, 5.0, 4.0, 4.0, 5.0, 4.0, 5.0, 4.0, 5.0, 0.0, 0.0, 4.0, 4.0, 4.0, 4.0, 5.0, 4.0, 4.0, 4.0, 5.0, 5.0, 5.0, 5.0, 5.0, 5.0, 5.0, 5.0, 5.0, 5.0, 5.0, 5.0, 5.0, 4.0, 4.0, 5.0, 5.0, 4.0, 5.0, 5.0, 5.0, 5.0, 5.0, 5.0, 5.0, 5.0, 5.0, 5.0, 4.0, 5.0, 5.0, 5.0, 5.0, 4.0, 4.0, 4.0, 4.0, 5.0, 4.0, 5.0, 4.0, 4.0, 4.0, 5.0, 5.0, 5.0, 5.0, 5.0, 4.0, 5.0, 5.0, 4.0, 4.0, 5.0, 5.0, 5.0, 5.0, 5.0, 5.0, 5.0, 4.0, 4.0, 5.0, 5.0, 5.0, 4.0, 5.0, 4.0, 5.0, 4.0, 5.0, 5.0, 4.0, 4.0, 4.0, 4.0, 5.0, 4.0, 4.0, 5.0, 5.0, 4.0, 5.0, 5.0, 5.0, 4.0, 4.0, 5.0, 5.0, 5.0, 5.0, 5.0, 5.0, 4.0, 5.0, 5.0, 5.0, 5.0, 5.0, 4.0, 5.0, 0.0, 5.0, 5.0, 4.0, 5.0, 4.0, 5.0, 4.0, 5.0, 5.0, 5.0, 5.0, 5.0, 4.0, 5.0, 5.0, 5.0, 5.0, 5.0, 5.0, 3.0, 5.0, 4.0, 4.0, 5.0, 5.0, 5.0, 5.0, 4.0, 3.0, 5.0, 5.0, 5.0, 5.0, 5.0, 4.0, 5.0, 5.0, 5.0, 5.0, 5.0, 4.0, 4.0, 5.0, 4.0, 4.0, 5.0, 4.0, 5.0, 4.0, 5.0, 3.0, 5.0, 5.0, 5.0, 4.0, 4.0, 5.0, 5.0, 5.0, 4.0, 4.0, 4.0, 5.0, 4.0, 5.0, 4.0, 5.0, 5.0, 4.0, 4.0, 5.0, 5.0, 5.0, 5.0, 5.0, 0.0, 3.0, 5.0, 4.0, 5.0, 5.0, 4.0, 4.0, 4.0, 5.0, 5.0, 4.0, 5.0, 5.0, 4.0, 5.0, 5.0, 4.0, 5.0, 4.0, 4.0, 5.0, 5.0, 5.0, 4.0, 5.0, 4.0, 5.0, 4.0, 5.0, 4.0, 5.0, 5.0, 4.0, 5.0, 5.0, 4.0, 5.0, 5.0, 5.0, 5.0, 5.0, 5.0, 5.0, 5.0, 5.0, 5.0, 4.0, 4.0, 5.0, 5.0, 5.0, 5.0, 5.0, 5.0, 5.0, 5.0, 5.0, 5.0, 5.0, 5.0, 4.0, 5.0, 5.0, 4.0, 4.0, 5.0, 5.0, 4.0, 5.0, 5.0, 5.0, 5.0, 5.0, 5.0, 5.0, 4.0, 5.0, 5.0, 5.0, 5.0, 4.0, 4.0, 5.0, 5.0, 5.0, 5.0, 5.0, 5.0, 5.0, 5.0, 5.0, 5.0, 5.0, 5.0, 5.0, 5.0, 5.0, 5.0, 5.0, 5.0, 5.0, 5.0, 5.0, 5.0, 5.0, 5.0, 5.0, 5.0, 5.0, 5.0, 5.0, 5.0, 5.0, 5.0, 5.0, 5.0, 5.0, 5.0, 5.0, 5.0, 5.0, 5.0, 5.0, 5.0, 4.0, 5.0, 4.0, 5.0, 5.0, 5.0, 5.0, 5.0, 5.0, 4.0, 5.0, 5.0, 5.0, 5.0, 5.0, 5.0, 5.0, 4.0, 5.0, 5.0, 4.0, 5.0, 5.0, 5.0, 4.0, 5.0, 5.0, 5.0, 5.0, 5.0, 5.0, 5.0, 5.0, 5.0, 5.0, 5.0, 5.0, 5.0, 5.0, 5.0, 5.0, 5.0, 5.0, 5.0, 5.0, 5.0, 5.0, 5.0, 5.0, 5.0, 5.0, 5.0, 5.0, 5.0, 5.0, 5.0, 5.0, 5.0, 5.0, 5.0, 5.0, 5.0, 5.0, 5.0, 5.0, 5.0, 5.0, 5.0, 5.0, 4.0, 5.0, 5.0, 5.0, 5.0, 4.0, 5.0, 5.0, 5.0, 5.0, 5.0, 5.0, 5.0, 5.0, 5.0, 5.0, 5.0, 5.0, 5.0, 5.0, 5.0, 5.0, 5.0, 5.0, 5.0, 5.0, 5.0, 5.0, 5.0, 5.0, 5.0, 5.0, 5.0, 5.0, 5.0, 5.0, 5.0, 5.0, 5.0, 5.0, 5.0, 5.0, 5.0, 5.0, 5.0, 5.0, 5.0, 5.0, 5.0, 5.0, 4.0, 5.0, 5.0, 5.0, 5.0, 5.0, 5.0, 5.0, 5.0, 5.0, 5.0, 5.0, 5.0, 5.0, 5.0, 5.0, 4.0, 5.0, 5.0, 5.0, 5.0, 4.0, 5.0, 5.0, 5.0, 5.0, 5.0, 5.0, 5.0, 5.0, 5.0, 5.0, 5.0, 5.0, 5.0, 5.0, 5.0, 5.0, 5.0, 5.0, 4.0, 5.0, 5.0, 5.0, 5.0, 5.0, 5.0, 5.0, 5.0, 5.0, 5.0, 5.0, 5.0, 5.0, 5.0, 5.0, 5.0, 5.0, 5.0, 5.0, 4.0, 5.0, 5.0, 5.0, 5.0, 5.0, 5.0, 5.0, 5.0, 5.0, 5.0, 5.0, 5.0, 5.0, 5.0, 5.0, 5.0, 5.0, 5.0, 5.0, 5.0, 5.0, 5.0, 5.0, 5.0, 5.0, 5.0, 5.0, 5.0, 5.0, 5.0, 5.0, 5.0, 5.0, 5.0, 5.0, 5.0, 5.0, 5.0, 5.0, 5.0, 5.0, 5.0, 5.0, 5.0, 5.0, 5.0, 5.0, 5.0, 5.0, 5.0, 5.0, 5.0, 5.0, 5.0, 5.0, 5.0, 5.0, 5.0, 5.0, 5.0, 5.0, 5.0, 5.0, 5.0, 5.0, 5.0, 5.0, 5.0, 5.0, 5.0, 5.0, 5.0, 5.0, 5.0, 5.0, 5.0, 5.0, 5.0, 5.0, 5.0, 5.0, 5.0, 5.0, 5.0, 5.0, 5.0, 5.0, 5.0, 5.0, 5.0, 5.0, 5.0, 5.0, 5.0, 5.0, 5.0, 5.0, 5.0, 5.0, 5.0, 5.0, 5.0, 5.0, 5.0, 5.0, 5.0, 5.0, 5.0, 5.0, 5.0, 5.0, 5.0, 5.0, 5.0, 5.0, 5.0, 5.0, 5.0, 5.0, 5.0, 5.0, 5.0, 5.0, 5.0, 5.0, 5.0, 5.0, 5.0, 5.0, 5.0, 5.0, 5.0, 5.0, 5.0, 5.0, 5.0, 5.0, 5.0, 5.0, 5.0, 5.0, 5.0, 5.0, 5.0, 5.0, 5.0, 5.0, 5.0, 5.0, 5.0, 5.0, 5.0, 5.0, 5.0, 5.0, 5.0, 5.0, 5.0, 5.0, 5.0, 5.0, 5.0, 5.0, 5.0, 5.0, 5.0, 5.0, 5.0, 5.0, 5.0, 5.0, 5.0, 5.0, 5.0, 5.0, 5.0, 5.0, 5.0, 5.0, 5.0, 5.0, 5.0, 5.0, 5.0, 5.0, 5.0, 5.0, 5.0, 5.0, 5.0, 5.0, 5.0, 5.0, 5.0, 5.0, 5.0, 5.0, 5.0, 5.0, 5.0, 5.0, 5.0, 5.0, 5.0, 5.0, 5.0, 5.0, 5.0, 5.0, 5.0, 5.0, 5.0, 5.0, 5.0, 5.0, 5.0, 5.0, 5.0, 5.0, 5.0, 5.0, 5.0, 5.0, 5.0, 5.0, 5.0, 5.0, 5.0, 5.0, 5.0, 5.0, 5.0, 5.0, 5.0, 5.0, 5.0, 5.0, 5.0, 5.0, 5.0, 5.0, 5.0, 5.0, 5.0, 5.0, 5.0, 5.0, 5.0, 5.0, 5.0, 5.0, 5.0, 5.0, 5.0, 5.0, 5.0, 5.0, 5.0, 5.0, 5.0, 5.0, 5.0, 5.0, 5.0, 5.0, 5.0, 5.0, 5.0, 5.0, 5.0, 5.0, 5.0, 5.0, 5.0, 5.0, 5.0, 5.0, 5.0, 5.0, 5.0, 5.0, 5.0, 5.0, 5.0, 5.0, 5.0, 5.0, 5.0, 5.0, 5.0, 5.0, 5.0, 5.0, 5.0, 5.0, 5.0, 5.0, 5.0, 5.0, 5.0, 5.0, 5.0, 5.0, 5.0, 5.0, 5.0, 5.0, 5.0, 5.0, 5.0, 5.0, 5.0, 5.0, 5.0, 5.0, 5.0, 5.0, 5.0, 5.0, 5.0, 5.0, 5.0, 5.0, 5.0, 5.0, 5.0, 5.0, 5.0, 4.0, 5.0, 5.0, 5.0, 5.0, 5.0, 5.0, 5.0, 5.0, 5.0, 5.0, 5.0, 5.0, 5.0, 5.0, 5.0, 5.0, 5.0, 5.0, 5.0, 5.0, 5.0, 5.0, 5.0, 5.0, 5.0, 5.0, 5.0, 5.0, 5.0, 5.0, 5.0, 5.0, 5.0, 5.0, 5.0, 5.0, 5.0, 5.0, 5.0, 5.0, 5.0, 5.0, 5.0, 5.0, 5.0, 5.0, 5.0, 5.0, 5.0, 5.0, 5.0, 5.0, 5.0, 5.0, 5.0, 5.0, 5.0, 5.0, 5.0, 5.0, 5.0, 5.0, 5.0, 5.0, 5.0, 5.0, 5.0, 5.0, 5.0, 5.0, 5.0, 5.0, 5.0, 5.0, 5.0, 5.0, 5.0, 5.0, 5.0, 5.0, 5.0, 5.0, 5.0, 5.0, 5.0, 5.0, 5.0, 5.0, 4.0, 5.0, 5.0, 5.0, 5.0, 5.0, 5.0, 5.0, 5.0, 5.0, 5.0, 5.0, 5.0, 5.0, 4.0, 5.0, 5.0, 5.0, 5.0, 5.0, 5.0, 5.0, 5.0, 5.0, 5.0, 5.0, 5.0, 5.0, 5.0, 5.0, 5.0, 5.0, 5.0, 0.0, 5.0, 5.0, 5.0, 5.0, 5.0, 5.0, 5.0, 5.0, 5.0, 5.0, 5.0, 5.0, 5.0, 5.0, 5.0, 5.0, 5.0, 5.0, 5.0, 5.0, 5.0, 5.0, 5.0, 5.0, 5.0, 5.0, 5.0, 5.0, 5.0, 5.0, 5.0, 5.0, 5.0, 5.0, 5.0, 5.0, 5.0, 4.0, 5.0, 5.0, 5.0, 5.0, 5.0, 5.0, 5.0, 5.0, 5.0, 5.0, 5.0, 5.0, 5.0, 5.0, 5.0, 5.0, 5.0, 5.0, 5.0, 5.0, 5.0, 5.0, 5.0, 5.0, 5.0, 5.0, 5.0, 5.0, 5.0, 5.0, 5.0, 5.0, 5.0, 5.0, 5.0, 5.0, 5.0, 5.0, 4.0, 5.0, 5.0, 5.0, 5.0, 5.0, 5.0, 5.0, 5.0, 5.0, 5.0, 5.0, 5.0, 5.0, 5.0, 5.0, 5.0, 5.0, 5.0, 5.0, 5.0, 5.0, 5.0, 4.0, 5.0, 5.0, 5.0, 5.0, 5.0, 4.0, 4.0, 5.0, 5.0, 5.0, 5.0, 4.0, 5.0, 5.0, 5.0, 5.0, 5.0, 5.0, 5.0, 5.0, 5.0, 5.0, 5.0, 5.0, 5.0, 5.0, 5.0, 5.0, 5.0, 5.0, 5.0, 5.0, 5.0, 5.0, 5.0, 5.0, 5.0, 5.0, 5.0, 5.0, 5.0, 4.0, 5.0, 5.0, 5.0, 5.0, 5.0, 5.0, 5.0, 5.0, 5.0, 5.0, 5.0, 5.0, 5.0, 4.0, 5.0, 4.0, 5.0, 4.0, 4.0, 5.0, 5.0, 5.0, 5.0, 5.0, 5.0, 5.0, 5.0, 5.0, 5.0, 4.0, 4.0, 4.0, 5.0, 5.0, 5.0, 5.0, 5.0, 5.0, 5.0, 5.0, 5.0, 5.0, 5.0, 5.0, 5.0, 5.0, 5.0, 5.0, 5.0, 5.0, 5.0, 5.0, 5.0, 4.0, 5.0, 5.0, 5.0, 5.0, 5.0, 5.0, 5.0, 5.0, 5.0, 5.0, 5.0, 5.0, 5.0, 5.0, 5.0, 5.0, 5.0, 5.0, 5.0, 5.0, 5.0, 5.0, 5.0, 5.0, 5.0, 5.0, 5.0, 5.0, 5.0, 5.0, 5.0, 5.0, 5.0, 5.0, 5.0, 5.0, 5.0, 5.0, 5.0, 5.0, 5.0, 5.0, 5.0, 5.0, 5.0, 5.0, 5.0, 5.0, 5.0, 5.0, 5.0, 5.0, 5.0, 5.0, 5.0, 5.0, 5.0, 5.0, 5.0, 5.0, 5.0, 5.0, 5.0, 5.0, 5.0, 5.0, 5.0, 5.0, 5.0, 5.0, 5.0, 5.0, 5.0, 5.0, 5.0, 5.0, 5.0, 5.0, 5.0, 5.0, 5.0, 5.0, 5.0, 5.0, 5.0, 5.0, 5.0, 5.0, 5.0, 5.0, 5.0, 5.0, 5.0, 5.0, 5.0, 5.0, 5.0, 5.0, 5.0, 5.0, 5.0, 5.0, 5.0, 5.0, 5.0, 5.0, 5.0, 5.0, 5.0, 5.0, 5.0, 5.0, 5.0, 5.0, 5.0, 5.0, 5.0, 5.0, 5.0, 5.0, 5.0, 5.0, 5.0, 5.0, 5.0, 5.0, 5.0, 5.0, 5.0, 5.0, 5.0, 5.0, 5.0, 5.0, 5.0, 5.0, 5.0, 5.0, 5.0, 5.0, 5.0, 5.0, 5.0, 5.0, 5.0, 5.0, 5.0, 5.0, 5.0, 5.0, 5.0, 5.0, 5.0, 5.0, 5.0, 5.0, 5.0, 5.0, 5.0, 5.0, 5.0, 5.0, 5.0, 5.0, 5.0, 5.0, 5.0, 5.0, 4.0, 5.0, 5.0, 5.0, 5.0, 5.0, 5.0, 5.0, 4.0, 5.0, 5.0, 5.0, 5.0, 5.0, 5.0, 5.0, 5.0, 5.0, 5.0, 5.0, 5.0, 5.0, 5.0, 5.0, 5.0, 5.0, 4.0, 5.0, 5.0, 5.0, 5.0, 5.0, 5.0, 5.0, 5.0, 5.0, 5.0, 4.0, 4.0, 5.0, 5.0, 5.0, 5.0, 4.0, 5.0, 5.0, 5.0, 5.0, 5.0, 5.0, 5.0, 5.0, 4.0, 5.0, 5.0, 5.0, 5.0, 5.0, 5.0, 5.0, 5.0, 5.0, 5.0, 5.0, 5.0, 5.0, 5.0, 5.0, 5.0, 5.0, 4.0, 5.0, 5.0, 5.0, 5.0, 5.0, 5.0, 5.0, 5.0, 4.0, 5.0, 5.0, 5.0, 5.0, 5.0, 5.0, 4.0, 5.0, 5.0, 5.0, 5.0, 5.0, 5.0, 5.0, 5.0, 5.0, 5.0, 5.0, 5.0, 5.0, 5.0, 5.0, 5.0, 5.0, 5.0, 5.0, 4.0, 5.0, 5.0, 5.0, 5.0, 5.0, 5.0, 5.0, 5.0, 5.0, 5.0, 5.0, 5.0, 5.0, 5.0, 5.0, 5.0, 5.0, 5.0, 5.0, 5.0, 5.0, 5.0, 5.0, 5.0, 5.0, 5.0, 5.0, 5.0, 5.0, 5.0, 5.0, 5.0, 5.0, 5.0, 5.0, 5.0, 5.0, 5.0, 5.0, 5.0, 5.0, 5.0, 5.0, 5.0, 5.0, 5.0, 5.0, 5.0, 5.0, 5.0, 5.0, 5.0, 5.0, 5.0, 5.0, 5.0, 5.0, 5.0, 5.0, 5.0, 5.0]",1553
16058,"[23, 0, 0, 7, 3, 0, 0, 0, 0, 13, 0, 0, 0, 0, 0, 0, 1, 0, 0, 1, 0, 0, 0, 0, 3, 0, 0, 2, 6, 1, 0, 0, 0, 10, 0, 0, 0, 0, 0, 1, 0, 0, 2, 1, 0, 0, 4, 0, 0, 0, 0, 0, 0, 2, 1, 0, 2, 0]","[22967, 42615, 82370, 157857, 108703, 178214, 171852, 169785, 103615, 69585, 90709, 17360, 93685, 149048, 100269, 46490, 135961, 177884, 62794, 97225, 17321, 85320, 157037, 55984, 154054, 51373, 140898, 55772]",28,"[5.0, 5.0, 5.0, 5.0, 5.0, 5.0, 5.0, 5.0, 5.0, 5.0, 5.0, 5.0, 5.0, 5.0, 5.0, 5.0, 5.0, 5.0, 5.0, 5.0, 5.0, 5.0, 5.0, 5.0, 5.0, 5.0, 5.0, 5.0]",28
2129,"[8, 0, 0, 2, 4, 0, 0, 0, 0, 5, 0, 0, 0, 0, 0, 0, 3, 0, 0, 1, 0, 0, 0, 0, 3, 0, 1, 2, 3, 0, 0, 0, 0, 5, 0, 0, 2, 1, 0, 0, 0, 1, 3, 2, 0, 0, 3, 0, 0, 0, 0, 0, 0, 0, 0, 0, 0, 0]","[15097, 11466, 131437, 165494, 85063, 102228, 101910, 8731, 83415, 3172, 4993, 167753, 71459, 802]",14,"[3.0, 5.0, 3.0, 1.0, 3.0, 5.0, 4.0, 5.0, 4.0, 5.0, 3.0, 4.0, 5.0, 5.0]",14
8884,"[9, 0, 0, 8, 4, 0, 0, 0, 0, 4, 0, 1, 0, 0, 1, 0, 1, 0, 0, 1, 2, 0, 0, 0, 1, 0, 0, 3, 1, 0, 0, 0, 0, 6, 0, 2, 0, 0, 2, 0, 0, 0, 2, 2, 0, 0, 2, 0, 0, 0, 0, 0, 0, 0, 2, 0, 1, 0]","[103201, 5645, 150769, 44386, 132335, 112002, 82222, 49801, 99034, 19051, 150647, 62768, 99939, 48428, 142478, 109068, 10170, 85993, 162722, 164087]",20,"[5.0, 5.0, 5.0, 5.0, 5.0, 5.0, 5.0, 5.0, 5.0, 5.0, 5.0, 5.0, 5.0, 5.0, 5.0, 5.0, 0.0, 5.0, 5.0, 2.0]",20
15594,"[3, 0, 0, 1, 1, 0, 0, 1, 0, 7, 0, 2, 0, 0, 0, 0, 1, 0, 0, 0, 0, 0, 0, 3, 0, 0, 1, 1, 2, 1, 0, 0, 0, 0, 0, 0, 2, 0, 1, 0, 0, 0, 0, 1, 0, 0, 0, 0, 0, 0, 0, 0, 0, 1, 0, 1, 0, 1]","[106221, 45122, 118670, 106789, 112700, 83307, 135961, 49595, 16297]",9,"[4.0, 1.0, 4.0, 5.0, 4.0, 5.0, 5.0, 5.0, 5.0]",9
20757,"[1, 0, 0, 0, 1, 0, 0, 0, 0, 4, 1, 0, 0, 0, 0, 0, 1, 0, 0, 1, 2, 0, 0, 1, 0, 0, 0, 0, 2, 1, 0, 0, 0, 3, 0, 0, 2, 0, 2, 0, 0, 0, 1, 3, 1, 1, 0, 0, 0, 0, 0, 0, 0, 1, 0, 1, 1, 0]","[53804, 132445, 76271, 55598, 35579, 37047, 41263]",7,"[4.0, 4.0, 4.0, 5.0, 4.0, 5.0, 5.0]",7
3209,"[8, 0, 0, 2, 5, 0, 0, 0, 0, 7, 0, 0, 0, 0, 0, 0, 2, 0, 0, 0, 1, 0, 0, 0, 0, 0, 0, 2, 1, 2, 0, 0, 0, 8, 0, 0, 2, 1, 0, 0, 0, 0, 2, 0, 0, 0, 0, 0, 0, 0, 0, 1, 0, 0, 0, 1, 1, 0]","[89926, 44394, 45447, 77001, 26559, 21706, 75311, 13249, 67557, 68958, 12319, 1299, 62824, 13900]",14,"[5.0, 4.0, 4.0, 4.0, 5.0, 5.0, 4.0, 5.0, 5.0, 4.0, 5.0, 4.0, 5.0, 5.0]",14
5587,"[1, 0, 0, 1, 2, 0, 0, 0, 0, 1, 1, 0, 0, 0, 0, 0, 2, 0, 0, 0, 1, 1, 0, 0, 1, 0, 0, 0, 0, 0, 0, 0, 0, 3, 0, 0, 0, 1, 0, 0, 0, 1, 1, 0, 1, 0, 1, 0, 0, 0, 0, 0, 0, 0, 0, 0, 0, 1]","[2739, 39308, 108825, 171697, 39867, 163108, 83931, 153379]",8,"[4.0, 5.0, 5.0, 5.0, 5.0, 5.0, 5.0, 5.0]",8
11222,"[2, 0, 0, 3, 7, 0, 0, 0, 0, 4, 0, 0, 0, 0, 0, 0, 4, 0, 0, 0, 3, 0, 0, 1, 0, 0, 1, 1, 1, 0, 0, 0, 0, 5, 0, 0, 2, 2, 4, 0, 0, 0, 9, 2, 0, 0, 4, 0, 0, 1, 1, 0, 0, 2, 0, 2, 1, 1]","[31435, 160619, 3225, 36763, 136122, 119312, 147718, 116424, 138873, 51719, 154815, 172969, 97905, 150005, 61059, 168228]",16,"[5.0, 5.0, 5.0, 4.0, 5.0, 5.0, 5.0, 5.0, 5.0, 5.0, 5.0, 5.0, 5.0, 5.0, 5.0, 5.0]",16
16317,"[3, 0, 0, 1, 0, 0, 0, 0, 0, 5, 0, 0, 0, 0, 0, 0, 1, 0, 0, 0, 1, 0, 0, 0, 0, 0, 1, 0, 2, 0, 0, 0, 0, 5, 0, 0, 0, 0, 1, 0, 0, 0, 0, 3, 0, 0, 2, 0, 0, 0, 0, 0, 0, 1, 0, 0, 1, 1]","[86420, 147313, 169283, 122019, 105272, 53780, 26709, 113961]",8,"[5.0, 2.0, 5.0, 5.0, 3.0, 5.0, 4.0, 4.0]",8
20062,"[4, 0, 0, 1, 3, 0, 0, 0, 0, 4, 0, 1, 0, 0, 0, 0, 1, 0, 0, 0, 0, 0, 0, 0, 0, 0, 0, 0, 1, 0, 0, 0, 0, 3, 0, 0, 1, 0, 2, 0, 0, 0, 0, 2, 0, 0, 0, 0, 0, 0, 0, 0, 0, 0, 0, 0, 0, 1]","[168561, 105272, 32424, 154054, 66593, 118496, 79996, 105732, 106975]",9,"[0.0, 5.0, 5.0, 5.0, 0.0, 5.0, 5.0, 5.0, 5.0]",9
8047,"[11, 0, 0, 3, 5, 0, 0, 0, 0, 9, 0, 0, 0, 0, 0, 0, 2, 0, 0, 2, 2, 0, 0, 1, 4, 0, 1, 0, 5, 2, 0, 0, 0, 5, 0, 0, 2, 0, 0, 0, 0, 0, 1, 1, 0, 0, 1, 0, 0, 1, 0, 0, 0, 2, 1, 3, 1, 2]","[104199, 157588, 4820, 34520, 90560, 154752, 78227, 32606, 52463, 33499, 32888, 168437, 9384, 92748, 68303, 164251, 66145, 84426, 111779, 59988, 112516, 132303, 83963, 113594, 158785]",25,"[5.0, 5.0, 5.0, 5.0, 5.0, 5.0, 5.0, 5.0, 5.0, 5.0, 5.0, 5.0, 4.0, 5.0, 5.0, 5.0, 5.0, 5.0, 5.0, 5.0, 5.0, 5.0, 5.0, 5.0, 5.0]",25
9965,"[3, 1, 0, 0, 1, 0, 0, 0, 0, 2, 0, 1, 0, 0, 0, 0, 1, 0, 0, 0, 0, 0, 1, 1, 0, 0, 0, 1, 0, 0, 0, 0, 0, 2, 0, 1, 0, 0, 0, 0, 0, 1, 0, 1, 0, 0, 1, 0, 0, 0, 0, 0, 0, 1, 1, 1, 0, 2]","[57140, 164088, 66315, 53979, 101555, 56718, 38408, 57177]",8,"[5.0, 5.0, 4.0, 5.0, 3.0, 5.0, 5.0, 5.0]",8
982,"[3, 0, 0, 3, 2, 0, 0, 0, 0, 3, 0, 0, 0, 0, 0, 0, 5, 0, 0, 0, 1, 0, 0, 0, 0, 0, 0, 0, 4, 0, 0, 0, 0, 5, 0, 2, 0, 2, 1, 0, 0, 0, 2, 3, 0, 0, 2, 0, 0, 1, 0, 0, 0, 0, 0, 2, 1, 1]","[93051, 151258, 29681, 324, 68463, 146578, 127309, 171987, 52953, 617, 108344, 89113]",12,"[3.0, 3.0, 5.0, 5.0, 5.0, 5.0, 5.0, 2.0, 4.0, 5.0, 3.0, 5.0]",12
18515,"[4, 0, 0, 1, 2, 0, 0, 0, 0, 2, 0, 0, 0, 0, 1, 0, 1, 0, 0, 1, 0, 0, 0, 0, 0, 0, 0, 2, 0, 1, 0, 0, 0, 2, 0, 1, 0, 0, 0, 0, 0, 0, 2, 0, 0, 0, 2, 0, 0, 1, 0, 0, 0, 1, 0, 0, 0, 0]","[26208, 100269, 119462, 55772, 33264, 124818]",6,"[5.0, 5.0, 5.0, 5.0, 4.0, 5.0]",6
4417,"[4, 0, 0, 2, 8, 0, 0, 3, 0, 7, 0, 0, 1, 0, 1, 0, 3, 0, 0, 0, 1, 0, 0, 2, 0, 0, 2, 0, 4, 0, 0, 0, 0, 4, 0, 0, 2, 0, 5, 0, 0, 0, 9, 8, 0, 1, 1, 1, 0, 1, 1, 0, 0, 2, 1, 3, 0, 3]","[132561, 147237, 44202, 98964, 86642, 106973, 128729, 168561, 141167, 52334, 40601, 110288, 71166, 38178, 145900, 48047, 78435, 133197, 110997, 1918, 112286, 113515, 29697, 126092]",24,"[5.0, 5.0, 5.0, 5.0, 5.0, 5.0, 5.0, 5.0, 5.0, 5.0, 5.0, 5.0, 5.0, 5.0, 5.0, 5.0, 3.0, 0.0, 5.0, 5.0, 5.0, 5.0, 5.0, 5.0]",24
7835,"[13, 0, 0, 3, 9, 0, 0, 2, 0, 15, 2, 1, 0, 0, 3, 0, 5, 0, 0, 0, 1, 3, 0, 1, 0, 0, 0, 1, 8, 1, 0, 1, 0, 5, 0, 0, 3, 1, 2, 0, 0, 6, 6, 3, 1, 0, 0, 0, 0, 1, 0, 0, 0, 1, 0, 4, 0, 1]","[21072, 97728, 166814, 58638, 174488, 33680, 37359, 147180, 109481, 111684, 90949, 31512, 36951, 127950, 141398, 11423, 34602, 63010, 82451, 30713, 55596, 4656, 123735, 132880, 130923, 82712, 118670, 165870, 89845, 39867, 30432, 66377, 139950, 152455]",34,"[2.0, 5.0, 5.0, 5.0, 3.0, 5.0, 5.0, 5.0, 5.0, 5.0, 5.0, 5.0, 5.0, 5.0, 5.0, 5.0, 5.0, 5.0, 4.0, 4.0, 5.0, 4.0, 4.0, 4.0, 5.0, 5.0, 4.0, 5.0, 5.0, 3.0, 5.0, 0.0, 5.0, 5.0]",34
7505,"[26, 0, 0, 12, 24, 1, 0, 4, 1, 27, 2, 3, 3, 2, 1, 0, 15, 1, 0, 1, 16, 2, 0, 4, 0, 0, 1, 5, 17, 3, 0, 0, 0, 21, 0, 1, 6, 5, 11, 0, 0, 0, 12, 16, 2, 0, 5, 3, 0, 3, 1, 2, 0, 11, 5, 8, 2, 4]","[45903, 50544, 105955, 142452, 140085, 20792, 176377, 55598, 86948, 143856, 34602, 50614, 48415, 52334, 16904, 34789, 144909, 157733, 51026, 138241, 177180, 101001, 82411, 153813, 166068, 34391, 141039, 69903, 139376, 47547, 151468, 1022, 139506, 107662, 165113, 154394, 35422, 133517, 178133, 150763, 4331, 65076, 122945, 135206, 68859, 32087, 135573, 131698, 88040, 102532, 36846, 130417, 145695, 35817, 12032, 127080, 64108, 113987, 55099, 13572, 140293, 144113, 166983, 130616, 97573, 65453, 71633, 99629, 139089, 144892, 118007, 137008, 148424, 165381, 17538, 125749, 15940, 148514, 154689, 124691, 124405, 58367, 16837, 13317]",84,"[5.0, 5.0, 2.0, 5.0, 5.0, 5.0, 4.0, 5.0, 2.0, 4.0, 5.0, 5.0, 3.0, 5.0, 5.0, 4.0, 4.0, 5.0, 5.0, 4.0, 5.0, 2.0, 5.0, 5.0, 4.0, 5.0, 3.0, 4.0, 5.0, 3.0, 5.0, 5.0, 5.0, 3.0, 5.0, 5.0, 2.0, 5.0, 5.0, 5.0, 5.0, 5.0, 5.0, 5.0, 5.0, 5.0, 5.0, 3.0, 4.0, 5.0, 5.0, 4.0, 5.0, 4.0, 5.0, 5.0, 5.0, 4.0, 5.0, 5.0, 5.0, 5.0, 2.0, 5.0, 5.0, 5.0, 5.0, 4.0, 5.0, 5.0, 5.0, 4.0, 5.0, 5.0, 4.0, 3.0, 0.0, 5.0, 5.0, 4.0, 5.0, 5.0, 5.0, 3.0]",84
16589,"[5, 0, 0, 1, 10, 0, 0, 0, 0, 5, 0, 0, 0, 0, 1, 0, 3, 0, 0, 0, 3, 0, 0, 2, 0, 0, 1, 2, 3, 0, 0, 0, 0, 6, 0, 0, 1, 2, 1, 0, 0, 0, 10, 2, 0, 0, 2, 0, 0, 1, 0, 0, 0, 2, 0, 1, 1, 1]","[106867, 138882, 101840, 31894, 135130, 37047, 112009, 124213, 50614, 108091, 43126, 48842, 67932, 71908, 135961, 136113, 19032, 44664, 42155, 110420, 126809, 130145]",22,"[5.0, 5.0, 5.0, 5.0, 5.0, 5.0, 5.0, 5.0, 5.0, 5.0, 5.0, 5.0, 5.0, 5.0, 5.0, 5.0, 5.0, 5.0, 5.0, 5.0, 4.0, 5.0]",22
12786,"[6, 0, 0, 2, 3, 0, 0, 0, 0, 3, 0, 0, 0, 0, 0, 0, 1, 0, 0, 0, 0, 0, 0, 0, 0, 0, 0, 0, 2, 0, 0, 0, 0, 3, 0, 0, 0, 0, 2, 0, 0, 0, 4, 4, 0, 0, 1, 0, 0, 0, 0, 0, 0, 2, 0, 0, 1, 0]","[146027, 162095, 38413, 68273, 106926, 10996, 150197, 31749, 82657]",9,"[5.0, 5.0, 5.0, 5.0, 5.0, 4.0, 5.0, 5.0, 5.0]",9
18462,"[16, 1, 0, 4, 6, 0, 0, 0, 0, 9, 0, 1, 0, 0, 0, 0, 1, 0, 0, 3, 0, 1, 0, 2, 0, 0, 1, 0, 2, 0, 0, 0, 0, 5, 0, 0, 4, 2, 3, 0, 0, 1, 3, 2, 1, 0, 5, 0, 0, 1, 0, 0, 0, 2, 1, 1, 2, 0]","[113515, 31773, 103452, 29357, 29193, 150197, 177392, 144201, 26027, 57019, 59000, 70365, 103537, 87565, 171182, 30035, 97792, 72078, 52176, 139832, 70718, 41800, 46796, 108375, 109178, 113390]",26,"[4.0, 5.0, 4.0, 4.0, 4.0, 5.0, 4.0, 5.0, 5.0, 5.0, 0.0, 4.0, 3.0, 5.0, 4.0, 5.0, 5.0, 5.0, 5.0, 5.0, 5.0, 5.0, 5.0, 5.0, 5.0, 5.0]",26
6919,"[15, 0, 0, 3, 3, 0, 0, 1, 0, 11, 0, 1, 0, 0, 1, 0, 3, 0, 0, 0, 1, 2, 0, 0, 0, 0, 0, 0, 9, 0, 0, 0, 0, 7, 0, 0, 4, 0, 1, 0, 0, 2, 5, 6, 0, 1, 3, 0, 0, 1, 1, 0, 0, 2, 1, 1, 0, 2]","[22975, 30989, 37047, 55545, 143836, 93685, 50909, 142963, 139822, 105272, 147180, 51713, 9771, 46486, 5289, 147374, 135848, 92705, 135391, 15173, 3814, 92292, 157685, 102785, 79996, 103767, 14739]",27,"[5.0, 5.0, 5.0, 5.0, 5.0, 5.0, 5.0, 5.0, 5.0, 5.0, 5.0, 5.0, 5.0, 5.0, 5.0, 5.0, 5.0, 5.0, 4.0, 5.0, 5.0, 4.0, 5.0, 5.0, 5.0, 5.0, 5.0]",27
11304,"[5, 0, 0, 1, 0, 0, 0, 0, 0, 3, 0, 0, 0, 0, 0, 0, 0, 0, 0, 0, 1, 0, 0, 0, 0, 0, 0, 0, 1, 0, 0, 0, 0, 4, 0, 0, 0, 0, 0, 0, 0, 0, 0, 0, 0, 0, 1, 0, 0, 0, 0, 0, 0, 1, 0, 1, 0, 0]","[21972, 141740, 114273, 53343, 121501, 8591, 22119]",7,"[5.0, 5.0, 5.0, 5.0, 5.0, 5.0, 5.0]",7
3660,"[59, 1, 0, 19, 21, 0, 0, 3, 0, 34, 5, 5, 0, 0, 1, 0, 15, 0, 0, 1, 6, 2, 1, 0, 0, 0, 4, 3, 23, 2, 0, 0, 0, 34, 0, 2, 19, 7, 6, 0, 0, 4, 16, 10, 2, 1, 8, 0, 0, 1, 0, 0, 0, 5, 3, 4, 5, 2]","[55237, 144920, 19316, 25551, 56466, 147180, 139822, 19054, 27780, 22809, 28947, 97450, 50899, 109557, 36254, 45794, 95497, 79996, 111292, 134669, 82067, 155866, 15573, 21609, 45573, 37204, 133989, 17900, 124630, 3754, 37715, 113856, 72081, 142251, 146190, 3886, 134610, 6976, 162407, 11403, 132332, 19625, 149768, 173293, 1554, 160427, 73132, 46511, 85160, 18034, 61354, 166473, 30331, 115225, 79753, 38427, 64761, 30493, 46639, 100250, 124930, 164561, 113588, 2569, 80485, 74837, 37047, 172451, 112778, 77703, 61776, 125637, 47715, 154117, 77264, 48236, 19081, 60822, 92103, 74633, 52698, 62842, 78817, 41013, 150358, 63522, 86841, 32886, 127475, 174738, 114402, 176368, 73264, 148545, 149079, 115458, 173827, 97598, 57708, 17186, 43741, 113431, 164203, 74688, 31827, 62068]",106,"[5.0, 3.0, 5.0, 3.0, 5.0, 5.0, 5.0, 5.0, 5.0, 5.0, 5.0, 5.0, 5.0, 5.0, 4.0, 5.0, 5.0, 5.0, 3.0, 5.0, 4.0, 5.0, 5.0, 5.0, 5.0, 5.0, 5.0, 4.0, 5.0, 5.0, 5.0, 5.0, 5.0, 5.0, 5.0, 5.0, 5.0, 5.0, 2.0, 5.0, 4.0, 5.0, 5.0, 5.0, 5.0, 5.0, 4.0, 5.0, 5.0, 5.0, 5.0, 5.0, 5.0, 5.0, 5.0, 5.0, 5.0, 5.0, 5.0, 5.0, 5.0, 5.0, 5.0, 5.0, 5.0, 5.0, 5.0, 5.0, 5.0, 5.0, 5.0, 5.0, 5.0, 5.0, 3.0, 5.0, 5.0, 5.0, 5.0, 5.0, 5.0, 5.0, 5.0, 5.0, 5.0, 5.0, 5.0, 5.0, 5.0, 5.0, 5.0, 5.0, 5.0, 5.0, 5.0, 4.0, 5.0, 5.0, 5.0, 5.0, 5.0, 5.0, 5.0, 4.0, 5.0, 5.0]",106
55,"[456, 40, 9, 174, 392, 1, 1, 89, 7, 620, 19, 54, 9, 17, 39, 0, 334, 1, 0, 22, 178, 42, 8, 240, 8, 0, 109, 50, 227, 40, 0, 20, 2, 362, 5, 23, 228, 76, 142, 0, 9, 58, 315, 372, 33, 18, 98, 41, 0, 41, 15, 27, 2, 126, 53, 276, 27, 148]","[63062, 119805, 101819, 37734, 74224, 60985, 131506, 120021, 150911, 72695, 88728, 48939, 129310, 50461, 127127, 12445, 17067, 101954, 144050, 124519, 30257, 148114, 30724, 45633, 47680, 94021, 26181, 102610, 25424, 138882, 175636, 45237, 84087, 135636, 87932, 25399, 70951, 80439, 104615, 90280, 15727, 156978, 139458, 127851, 146354, 173198, 81915, 118059, 115587, 73585, 40326, 35465, 55664, 81228, 103962, 53408, 62689, 82451, 113771, 54199, 150705, 14319, 109931, 139717, 176716, 61186, 946, 674, 145841, 127068, 162225, 4303, 41664, 92746, 94269, 79774, 107300, 60854, 83884, 114273, 21122, 97738, 27608, 11115, 19942, 143792, 119807, 101550, 116426, 144617, 161821, 61797, 64805, 20103, 3900, 114166, 30313, 144301, 21075, 121460, 38535, 73927, 146027, 84705, 19209, 161765, 82411, 142799, 13807, 113852, 155997, 80280, 97409, 128701, 127080, 10266, 173605, 68083, 54593, 167725, 86859, 10792, 176719, 103038, 39092, 31643, 84448, 267, 106728, 25656, 42280, 66895, 33664, 69302, 115136, 7374, 6191, 141712, 105020, 55266, 53091, 19655, 84405, 31067, 114861, 113885, 75325, 147642, 6812, 174442, 72241, 36445, 93847, 49134, 22318, 51110, 74536, 16435, 106666, 32231, 78415, 110324, 14214, 143196, 108784, 35013, 50532, 23490, 28955, 77363, 163526, 114447, 164213, 62889, 171861, 57164, 89627, 100797, 28476, 151918, 115963, 61782, 38678, 78932, 137978, 22471, 46212, 16616, 157280, 46978, 45716, 60223, 139082, 80357, 127375, 53233, 162791, 125083, 4475, 57054, 169365, 53316, 127144, 139310, 41762, 89321, 155416, 133141, 78598, 127656, 32818, 15347, 171900, 108806, 156529, 43244, 72105, 63485, 33950, 172561, 177091, 91748, 156390, 128215, 74603, 12912, 162588, 50810, 171971, 27122, 3740, 81517, 39145, 149558, 151126, 63883, 32057, 62501, 177831, 175811, 61055, 7210, 24889, 160603, 41173, 132966, 46975, 100988, 164450, 16635, 97379, 36155, 137494, 13009, 87634, 58847, 171692, 122471, 60285, 81032, 72424, 140206, 88412, 133325, 29374, 33143, 68946, 142281, 89811, 29322, 112952, 129908, 27460, 53692, 167469, 3524, 155752, 828, 21826, 96511, 144142, 29740, 97602, 90390, 77268, 86352, 27216, 59265, 45910, 7997, 156696, 19001, 99231, 129807, 159136, 123382, 19738, 147536, 135735, 18765, 19353, 91608, 19029, 74329, 41345, 35605, 25442, 158335, 96291, 47190, 158456, 16241, 25973, 117477, 155237, 155462, 53266, 98678, 42315, 92059, 152316, 79217, 147342, 15409, 82143, 174433, 8477, 61427, 73020, 33071, 107802, 64142, 140490, 161450, 138092, 170696, 11318, 122000, 40671, 8827, 60430, 41828, 102177, 53236, 86737, 54, 15265, 163642, 112382, 126854, 24639, 150024, 110765, 12960, 22323, 92880, 173284, 80681, 10624, 32585, 85288, 161745, 99435, 93733, 10175, 2122, 91601, 29665, 12740, 2225, 60567, 49238, 23900, 174932, 158060, 42214, 68307, 135533, 132596, 35540, 51601, 69716, 47521, 71463, 172030, 14955, 167947, 88047, 54694, 149430, 33376, 81141, 176156, 30535, 26771, 148016, 38209, 112478, 107419, 38166, 123770, 23412, 119637, 175038, 115501, 1730, 112411, 164409, 140515, 134012, 136066, 117043, 173302, 49579, 130580, 48409, 131323, 133687, 136401, 123806, 68816, 93190, 12773, 44253, 22824, 35295, 54440, 35928, 4658, 167800, 30297, 50316, 117002, 56553, 28146, 72214, 25773, 35500, 167272, 34016, 136538, 33137, 53252, 67233, 28020, 53194, 17304, 73948, 150800, 112349, 143842, 14670, 84389, 33524, 162249, 160421, 139350, 8004, 144543, 1879, 167440, 134944, 132011, 60976, 164621, 148892, 12066, 42245, 42713, 48963, 177157, 84575, 146135, 12684, 164389, 131123, 141453, 72419, 48778, 36037, 117869, 154521, 117588, 162481, 54999, 93890, 99510, 3715, 92291, 19423, 19243, 162240, 137952, 63148, 97450, 16153, 145242, 140963, 140518, 150299, 115320, 80772, 137062, 103777, 104592, 1362, 91505, 46805, 120022, 35220, 93075, 134525, 74097, 45134, 150421, 95549, 83119, 33876, 11102, 55504, 88875, 176328, 67184, 151855, 127133, 128054, 96887, 122336, 63362, 172423, 24842, 9808, 18816, 164481, 95939, 77784, 63376, 110769, 70042, 96130, 167620, 144718, 19634, 72789, 43996, 108493, 167854, 61141, 53654, 168853, 50356, 90944, 45371, 105039, 67512, 122989, 151794, 125090, 50252, 33891, 101088, 91666, 110670, 123867, 123895, 174293, 121788, 140089, 114778, 79068, 62022, 97471, 81632, 22072, 13953, 16405, 177804, 114606, 130158, 149456, 42498, 102364, 165970, 144511, 14945, 165421, 19, 103961, 71554, 114975, 151765, 155297, 52460, 57030, 169512, 93294, 807, 153020, 77574, 105760, 49041, 43241, 128900, 73363, 72341, 71355, 136852, 35345, 31073, 92782, 43264, 86580, 149654, 137543, 17086, 96440, 24771, 19165, 87117, 41902, 82773, 96481, 169765, 58686, 111190, 129510, 164617, 114941, 136976, 174803, 169098, 122109, 8308, 67743, 133676, 52553, 127419, 33721, 24327, 153239, 23090, 2645, 132905, 88606, 149164, 167830, 20873, 127634, 63669, 177381, 67861, 48788, 5956, 176056, 88232, 87547, 77657, 1403, 79070, 163939, 109419, 19556, 102935, 138820, 15826, 12353, 142972, 46172, 13641, 177003, 68343, 133828, 170836, 52530, 146382, 78233, 123916, 29581, 135973, 115645, 173368, 67106, 156915, 9438, 124417, 151220, 104165, 70039, 164882, 68988, 24548, 161421, 151674, 144866, 588, 155828, 14369, 153533, 65558, 60690, 165834, 12240, 168733, 161748, 41484, 101924, 17259, 23942, 156418, 81830, 64755, 38432, 170386, 124019, 158582, 57373, 46904, 94983, 21014, 64354, 94032, 174762, 74234, 48131, 138231, 47186, 93883, 76080, 115952, 34136, 78044, 129910, 58305, 129990, 68918, 154966, 153192, 124903, 7604, 68936, 106007, 29281, 95624, 60053, 166833, 155433, 148392, 81265, 71893, 18319, 46953, 147389, 64436, 177067, 107181, 66700, 6829, 124945, 151237, 18257, 154274, 144000, 49895, 137879, 40498, 176624, 176997, 156314, 66704, 73896, 56505, 155261, 124784, 28720, 123798, 11218, 112936, 46268, 53791, 126275, 140703, 22677, 127341, 161208, 41290, 20086, 13802, 118161, 167003, 42402, 23761, 72856, 96555, 100700, 83750, 146439, 56363, 77207, 72957, 102450, 148777, 82745, 67375, 123316, 19062, 56925, 69748, 22039, 141033, 70981, 134703, 83561, 5763, 156052, 87275, 20016, 129169, 108756, 16563, 22985, 125062, 16342, 33086, 93390, 159508, 68249, 132519, 25188, 152364, 146777, 177850, 10404, 27752, 90433, 61964, 108481, 161991, 87905, 46214, 960, 122758, 102775, 105879, 99017, 87351, 170192, 13789, 164453, 8391, 8282, 15965, 113857, 119126, 84972, 142851, 55081, 147678, 51516, 145544, 101066, 172898, 162521, 100402, 171665, 169499, 158108, 71588, 121433, 36497, 24006, 101665, 58934, 42630, 173360, 70045, 114656, 54206, 18529, 134664, 174660, 1986, 30011, 5888, 150792, 152728, 85899, 63704, 22538, 20829, 94425, 16688, 102576, 174449, 92313, 96094, 156468, 57855, 51839, 73914, 6321, 76362, 136921, 101742, 7079, 47387, 31221, 177751, 164397, 24521, 65760, 164798, 160498, 155224, 92331, 127979, 100355, 95556, 125075, 8159, 79680, 780, 154338, 177031, 62995, 76911, 35264, 141915, 134216, 141182, 164138, 128034, 153687, 146000, 76230, 80016, 3198, 84848, 95324, 157479, 134145, 144984, 29056, 68908, 37109, 52968, 59363, 91414, 4067, 169925, 94960, 115624, 51419, 15201, 13661, 91164, 82177, 130916, 50410, 163990, 160935, 83192, 41986, 172034, 113083, 134873, 154429, 168475, 69999, 139671, 42155, 161315, 101006, 99050, 47463, 127272, 77414, 105470, 37630, 96435, 127073, 177692, 97550, 61707, 62946, 82832, 43364, 145504, 80077, 4118, 71041, 161768, 114376, 147523, 174150, 48419, 9868, 14418, 91977, 132756, 84379, 69275, 148694, 92378, 52430, 83440, 101293, 1703, 87254, 16171, 57290, 96691, 73299, 124851, 9623, 159276, 126577, 142495, 165408, 105351, 166065, 140484, 574, 44379, 160983, 170802, 124141, 161200, 116084, 154164, 43212, 68745, 70838, 93053, 90773, 114299, 75864, 125756, 53052, 8661, 106247, 97761, 165818, 132738, 57609, 69618, 24363, 17827, 154402, 24483, 177592, 47093, 121272, 55924, 159895, 23808, 108717, 140611, 96208, 40240, 57450, 141007, 32720, 155419, 4533, 123703, 112689, 7531, 91918, 101505, 31753, 16722, 96245, 135472, 131749, 92243, 20607, 14036, 170091, 160457, 86775, 158936, 164216, 120007, 70493, 40544, 174137, 164826, 174871, 119705, 164022, 35226, 106473, 21517, 58956, 70926, 44912, 87105, 82642, 72142, 30390, 94552, 31529, 12989, 155410, 101652, 167664, 76159, 8751, 45351, 160287, 168471, 53949, 112995, 56313, 60781, 115489, 174393, 152295, 4317, 67292, 64629, 157224, 89344, 24304, 42418, 169909, 113181, 136575, 66635, 25344, 88536, 161617, 82203, 29555, 134449, 43154, 26014, 101956, 17505, 153678, 10991, 172475, 69767, 9478, 102767, 89642, 14794, 51609, 82856, 98553, 15147, 130769, 67709, 63749, 159369, 115912, 59859, 44660, 117176, 109534, 27219, 75343, 149806, 138004, 138664, 148484, 27647, 138348, 142013, 141780, 50419, 148294, 106262, 19282, 63628, 57827, 172774, 135881, 62776, 152157, 18789, 58967, 76707, 133160, 20525, 58643, 38751, 465, 148615, 100182, 62526, 129561, 41868, 10946, 83958, 25487, 8791, 173590, 156576, 45863, 39086, 90194, 177262, 162340, 47331, 152387, 152186, 18773, 64286, 36982, 74077, 96525, 162475, 18378, 172685, 94086, 21842, 170205, 106544, 175955, 1445, 97381, 156385, 5627, 19704, 131646, 41505, 8747, 172455, 7093, 120265, 54226, 91531, 44741, 104303, 157541, 138724, 41256, 84091, 85279, 28466, 169142, 172782, 83076, 44142, 820, 14892, 9672, 130704, 84550, 98167, 99445, 82164, 113016, 54289, 126570, 93664, 175387, 164975, 83499, 109405, 133219, 133414, 107342, 37036, 124427, 132210, 105498, 171512, 77843, 152105, 92718, 156200, 33792, 118766, 147114, 10262, 141373, 38990, 127447, 73392, 115592, 11183, 57438, 70996, 163793, 5810, 132990, 8472, 169086, 176523, 61565, 33377, 32719, 29118, 164473, 155834, 124981, 27698, 21241, 121648, 177764, 99335, 152960, 37467, 138371, 46295, 113254, 46509, 80413, 104309, 158295, 106737, 59224, 5615, 34574, 77676, 59682, 119559, 51911, 56729, 153316, 89002, 5058, 34627, 49943, 68181, 6542, 40106, 15167, 15210, 47640, 76523, 174103, 117637, 45050, 148235, 87620, 48815, 58303, 97672, 67105, 122925, 18710, 125812, 78774, 125257, 69692, 101101, 30791, 47948, 169032, 72853, 137601, 93496, 348, 89639, 151063, 53269, 143272, 10732, 22367, 143854, 80217, 61658, 155476, 123649, 38604, 78973, 19410, 75177, 141622, 155561, 92014, 132224, 61192, 147780, 103609, 92596, 137990, 28756, 98929, 66852, 61009, 15882, 128671, 27409, 41848, 114621, 149110, 137746, 161086, 22618, 91577, 139955, 165474, 64968, 4124, 135848, 65916, 22815, 46293, 132272, 73517, 113393, 77815, 116239, 37188, 9136, 176882, 131439, 94266, 19156, 15464, 56981, 156917, 61509, 155269, 110036, 174256, 131715, 73217, 109406, 84404, 92667, 9882, 119564, 25904, 17628, 74833, 67962, 23447, 175793, 147648, 58203, 177573, 119105, 162759, 123404, 20612, 77406, 177230, 3167, 59574, 149587, 113696, 134738, 149288, 19691, 136215, 140080, 72081, 52852, 59700, 3731, 83242, 52431, 128380, 9677, 66787, 108626, 13861, 115782, 31704, 131161, 116279, 118976, 21757, 15331, 177858, 132302, 60166, 12206, 104466, 1646, 144551, 27511, 160538, 141588, 10722, 132012, 34375, 175591, 50610, 119655, 70248, 130228, 24953, 43194, 166940, 145654, 107492, 32862, 16586, 153584, 131972, 90360, 127268, 114115, 12348, 58367, 43612, 67291, 29719, 23396, 132151, 55065, 137864, 6786, 61394, 43761, 44010, 126507, 96287, 40323, 84027, 142695, 168689, 52633, 7798, 173948, 59520, 19909, 130384, 130295, 130982, 40540, 133988, 77038, 39761, 72593, 88963, 86310, 5184, 16211, 66433, 101586, 135748, 157955, 22028, 115371, 2996, 132785, 16432, 143476, 11434, 170305, 55500, 33181, 108441, 13160, 141515, 46988, 102854, 81159, 127598, 149735, 127139, 120798, 113170, 92083, 138401, 30723, 111127, 135479, 46466, 5198, 50584, 93482, 28432, 19414, 125055, 98506, 116040, 20021, 31607, 12298, 59394, 120141, 171969, 24445, 166390, 64247, 130762, 57346, 158044, 27048, 134238, 33639, 174232, 141365, 63755, 166613, 17790, 89208, 73325, 102842, 89842, 38932, 20324, 128811, 75638, 27457, 95642, 155840, 125341, 80011, 132007, 81826, 166701, 136641, 14035, 24348, 17707, 104484, 41805, 12526, 142540, 61393, 20408, 40876, 135570, 54610, 66389, 35075, 60324, 35085, 91677, 19537, 134422, 9231, 152004, 156206, 46410, 54759, 38667, 80966, 41661, 125726, 101479, 41440, 137243, 51730, 129821, 59227, 140243, 20248, 105732, 62194, 28388, 286, 86824, 103160, 25028, 82519, 66478, 72090, 9612, 140720, 72431, 114226, 102812, 24045, 147615, 54228, 82059, 39102, 145475, 47008, 147180, 25700, 170965, 60893, 151737, 149761, 36230, 74368, 6170, 153004]",1679,"[5.0, 4.0, 5.0, 5.0, 3.0, 2.0, 4.0, 4.0, 4.0, 5.0, 5.0, 4.0, 4.0, 5.0, 5.0, 4.0, 4.0, 5.0, 4.0, 5.0, 5.0, 5.0, 5.0, 5.0, 5.0, 5.0, 5.0, 5.0, 5.0, 5.0, 5.0, 5.0, 5.0, 5.0, 4.0, 5.0, 5.0, 5.0, 5.0, 5.0, 5.0, 5.0, 5.0, 2.0, 5.0, 5.0, 5.0, 5.0, 5.0, 4.0, 5.0, 5.0, 5.0, 4.0, 5.0, 5.0, 5.0, 4.0, 4.0, 5.0, 5.0, 4.0, 5.0, 4.0, 5.0, 5.0, 5.0, 5.0, 5.0, 5.0, 4.0, 5.0, 5.0, 5.0, 5.0, 5.0, 5.0, 4.0, 5.0, 5.0, 5.0, 5.0, 5.0, 5.0, 5.0, 5.0, 3.0, 4.0, 5.0, 4.0, 5.0, 5.0, 5.0, 5.0, 5.0, 5.0, 5.0, 5.0, 5.0, 4.0, 5.0, 5.0, 5.0, 5.0, 5.0, 5.0, 4.0, 5.0, 5.0, 5.0, 5.0, 3.0, 5.0, 5.0, 5.0, 5.0, 4.0, 5.0, 5.0, 5.0, 5.0, 5.0, 5.0, 5.0, 5.0, 5.0, 5.0, 5.0, 5.0, 5.0, 5.0, 5.0, 5.0, 5.0, 5.0, 3.0, 5.0, 5.0, 4.0, 5.0, 5.0, 4.0, 3.0, 5.0, 5.0, 5.0, 4.0, 5.0, 5.0, 5.0, 5.0, 5.0, 5.0, 4.0, 4.0, 4.0, 5.0, 5.0, 5.0, 5.0, 5.0, 4.0, 5.0, 4.0, 5.0, 3.0, 4.0, 0.0, 4.0, 4.0, 4.0, 5.0, 5.0, 5.0, 4.0, 5.0, 5.0, 5.0, 3.0, 5.0, 5.0, 4.0, 5.0, 3.0, 5.0, 4.0, 5.0, 5.0, 5.0, 4.0, 2.0, 5.0, 5.0, 4.0, 5.0, 5.0, 5.0, 5.0, 5.0, 5.0, 4.0, 4.0, 5.0, 4.0, 3.0, 4.0, 5.0, 5.0, 3.0, 5.0, 5.0, 4.0, 5.0, 4.0, 5.0, 4.0, 5.0, 4.0, 5.0, 5.0, 5.0, 3.0, 5.0, 5.0, 5.0, 4.0, 5.0, 5.0, 5.0, 5.0, 5.0, 3.0, 4.0, 5.0, 5.0, 4.0, 4.0, 4.0, 4.0, 5.0, 4.0, 4.0, 4.0, 5.0, 5.0, 3.0, 5.0, 5.0, 5.0, 5.0, 5.0, 5.0, 5.0, 4.0, 5.0, 5.0, 4.0, 4.0, 5.0, 5.0, 5.0, 5.0, 5.0, 4.0, 5.0, 5.0, 5.0, 5.0, 5.0, 3.0, 4.0, 5.0, 5.0, 5.0, 5.0, 5.0, 5.0, 4.0, 5.0, 5.0, 5.0, 4.0, 4.0, 4.0, 5.0, 5.0, 4.0, 5.0, 5.0, 5.0, 5.0, 4.0, 4.0, 4.0, 5.0, 5.0, 4.0, 4.0, 4.0, 5.0, 4.0, 5.0, 5.0, 5.0, 5.0, 4.0, 5.0, 5.0, 5.0, 5.0, 5.0, 5.0, 5.0, 5.0, 4.0, 5.0, 4.0, 5.0, 5.0, 5.0, 5.0, 5.0, 5.0, 5.0, 4.0, 5.0, 5.0, 5.0, 4.0, 5.0, 4.0, 5.0, 4.0, 5.0, 5.0, 4.0, 4.0, 5.0, 5.0, 5.0, 5.0, 5.0, 4.0, 4.0, 5.0, 5.0, 5.0, 5.0, 5.0, 5.0, 4.0, 5.0, 5.0, 4.0, 5.0, 5.0, 5.0, 5.0, 5.0, 5.0, 4.0, 4.0, 4.0, 4.0, 5.0, 4.0, 4.0, 5.0, 5.0, 4.0, 5.0, 5.0, 4.0, 4.0, 5.0, 5.0, 5.0, 4.0, 4.0, 5.0, 5.0, 5.0, 5.0, 3.0, 4.0, 5.0, 4.0, 5.0, 5.0, 3.0, 5.0, 4.0, 5.0, 5.0, 5.0, 4.0, 5.0, 5.0, 5.0, 5.0, 5.0, 5.0, 5.0, 0.0, 5.0, 4.0, 5.0, 5.0, 5.0, 5.0, 5.0, 5.0, 5.0, 5.0, 5.0, 5.0, 4.0, 3.0, 5.0, 4.0, 5.0, 5.0, 5.0, 4.0, 5.0, 5.0, 5.0, 5.0, 4.0, 5.0, 5.0, 5.0, 5.0, 5.0, 4.0, 4.0, 4.0, 5.0, 4.0, 5.0, 5.0, 3.0, 5.0, 5.0, 5.0, 5.0, 5.0, 4.0, 4.0, 5.0, 4.0, 5.0, 5.0, 5.0, 5.0, 5.0, 5.0, 4.0, 5.0, 5.0, 5.0, 5.0, 5.0, 5.0, 5.0, 5.0, 5.0, 5.0, 5.0, 4.0, 5.0, 4.0, 5.0, 5.0, 5.0, 4.0, 5.0, 5.0, 5.0, 5.0, 5.0, 5.0, 5.0, 5.0, 5.0, 5.0, 5.0, 5.0, 5.0, 5.0, 5.0, 5.0, 5.0, 4.0, 5.0, 5.0, 5.0, 5.0, 5.0, 5.0, 5.0, 5.0, 4.0, 5.0, 5.0, 4.0, 5.0, 5.0, 5.0, 5.0, 5.0, 4.0, 4.0, 5.0, 4.0, 5.0, 5.0, 5.0, 5.0, 5.0, 5.0, 5.0, 5.0, 5.0, 5.0, 5.0, 5.0, 5.0, 4.0, 5.0, 5.0, 4.0, 5.0, 4.0, 5.0, 4.0, 5.0, 5.0, 4.0, 4.0, 5.0, 4.0, 5.0, 5.0, 5.0, 2.0, 5.0, 5.0, 5.0, 4.0, 5.0, 5.0, 4.0, 5.0, 4.0, 5.0, 5.0, 5.0, 5.0, 5.0, 5.0, 5.0, 5.0, 5.0, 5.0, 5.0, 5.0, 5.0, 5.0, 4.0, 5.0, 5.0, 5.0, 5.0, 5.0, 5.0, 5.0, 4.0, 3.0, 5.0, 5.0, 5.0, 5.0, 4.0, 5.0, 4.0, 4.0, 4.0, 5.0, 4.0, 5.0, 4.0, 5.0, 5.0, 4.0, 5.0, 5.0, 4.0, 5.0, 3.0, 4.0, 5.0, 5.0, 5.0, 5.0, 3.0, 5.0, 5.0, 4.0, 5.0, 5.0, 5.0, 5.0, 5.0, 4.0, 5.0, 4.0, 5.0, 5.0, 5.0, 3.0, 5.0, 5.0, 5.0, 5.0, 5.0, 4.0, 5.0, 5.0, 4.0, 5.0, 4.0, 5.0, 4.0, 2.0, 5.0, 5.0, 5.0, 5.0, 4.0, 5.0, 5.0, 5.0, 5.0, 5.0, 4.0, 4.0, 5.0, 4.0, 4.0, 5.0, 4.0, 5.0, 5.0, 5.0, 5.0, 5.0, 4.0, 4.0, 4.0, 5.0, 5.0, 5.0, 4.0, 5.0, 5.0, 5.0, 5.0, 4.0, 3.0, 5.0, 5.0, 5.0, 4.0, 4.0, 4.0, 4.0, 3.0, 4.0, 5.0, 4.0, 5.0, 5.0, 4.0, 5.0, 4.0, 5.0, 4.0, 5.0, 5.0, 4.0, 5.0, 5.0, 5.0, 5.0, 5.0, 5.0, 4.0, 5.0, 5.0, 4.0, 4.0, 5.0, 5.0, 3.0, 5.0, 5.0, 4.0, 4.0, 5.0, 5.0, 5.0, 5.0, 5.0, 5.0, 4.0, 5.0, 5.0, 4.0, 4.0, 5.0, 5.0, 4.0, 5.0, 5.0, 5.0, 5.0, 5.0, 5.0, 5.0, 5.0, 5.0, 4.0, 5.0, 4.0, 5.0, 5.0, 5.0, 5.0, 5.0, 5.0, 5.0, 5.0, 5.0, 4.0, 5.0, 5.0, 5.0, 5.0, 0.0, 5.0, 5.0, 5.0, 4.0, 5.0, 4.0, 5.0, 4.0, 5.0, 5.0, 4.0, 4.0, 5.0, 5.0, 5.0, 4.0, 4.0, 4.0, 5.0, 5.0, 4.0, 5.0, 4.0, 5.0, 5.0, 4.0, 5.0, 5.0, 5.0, 5.0, 5.0, 5.0, 5.0, 5.0, 5.0, 5.0, 4.0, 5.0, 5.0, 4.0, 4.0, 5.0, 5.0, 5.0, 4.0, 4.0, 4.0, 5.0, 5.0, 5.0, 4.0, 5.0, 5.0, 5.0, 5.0, 5.0, 5.0, 5.0, 5.0, 4.0, 5.0, 4.0, 5.0, 5.0, 5.0, 4.0, 3.0, 5.0, 5.0, 5.0, 5.0, 5.0, 5.0, 5.0, 5.0, 5.0, 5.0, 5.0, 5.0, 5.0, 4.0, 5.0, 5.0, 5.0, 5.0, 5.0, 4.0, 5.0, 5.0, 5.0, 5.0, 5.0, 5.0, 5.0, 5.0, 4.0, 5.0, 4.0, 5.0, 5.0, 4.0, 4.0, 5.0, 4.0, 3.0, 5.0, 4.0, 5.0, 3.0, 3.0, 5.0, 5.0, 5.0, 4.0, 5.0, 4.0, 3.0, 4.0, 0.0, 4.0, 4.0, 4.0, 5.0, 5.0, 4.0, 5.0, 5.0, 3.0, 5.0, 5.0, 3.0, 4.0, 5.0, 4.0, 5.0, 5.0, 0.0, 5.0, 5.0, 5.0, 5.0, 5.0, 4.0, 5.0, 4.0, 5.0, 5.0, 4.0, 5.0, 4.0, 5.0, 5.0, 5.0, 5.0, 5.0, 4.0, 4.0, 0.0, 4.0, 5.0, 4.0, 5.0, 5.0, 4.0, 3.0, 4.0, 4.0, 4.0, 4.0, 4.0, 5.0, 4.0, 5.0, 5.0, 5.0, 5.0, 5.0, 4.0, 4.0, 5.0, 5.0, 5.0, 5.0, 5.0, 5.0, 5.0, 5.0, 4.0, 5.0, 5.0, 5.0, 4.0, 5.0, 4.0, 5.0, 4.0, 4.0, 0.0, 4.0, 5.0, 5.0, 4.0, 5.0, 5.0, 5.0, 5.0, 4.0, 5.0, 4.0, 5.0, 5.0, 4.0, 5.0, 5.0, 5.0, 4.0, 5.0, 5.0, 5.0, 5.0, 5.0, 4.0, 4.0, 5.0, 4.0, 4.0, 5.0, 5.0, 4.0, 5.0, 5.0, 4.0, 5.0, 5.0, 4.0, 5.0, 5.0, 3.0, 5.0, 3.0, 5.0, 5.0, 5.0, 5.0, 3.0, 0.0, 3.0, 4.0, 5.0, 5.0, 3.0, 5.0, 5.0, 5.0, 5.0, 5.0, 5.0, 5.0, 5.0, 5.0, 5.0, 4.0, 4.0, 5.0, 5.0, 5.0, 5.0, 5.0, 5.0, 4.0, 5.0, 3.0, 5.0, 5.0, 5.0, 4.0, 5.0, 4.0, 5.0, 5.0, 4.0, 4.0, 5.0, 5.0, 5.0, 5.0, 5.0, 5.0, 5.0, 5.0, 5.0, 4.0, 3.0, 5.0, 5.0, 5.0, 4.0, 5.0, 4.0, 5.0, 4.0, 5.0, 5.0, 5.0, 4.0, 4.0, 4.0, 5.0, 5.0, 5.0, 5.0, 5.0, 4.0, 5.0, 5.0, 4.0, 5.0, 5.0, 5.0, 5.0, 5.0, 4.0, 5.0, 4.0, 4.0, 5.0, 5.0, 5.0, 5.0, 4.0, 5.0, 5.0, 4.0, 5.0, 5.0, 5.0, 4.0, 4.0, 5.0, 4.0, 5.0, 5.0, 5.0, 5.0, 4.0, 5.0, 5.0, 4.0, 5.0, 4.0, 5.0, 5.0, 5.0, 5.0, 5.0, 5.0, 5.0, 5.0, 5.0, 4.0, 5.0, 3.0, 4.0, 4.0, 5.0, 3.0, 5.0, 5.0, 4.0, 5.0, 5.0, 5.0, 4.0, 5.0, 5.0, 5.0, 5.0, 5.0, 5.0, 5.0, 5.0, 5.0, 5.0, 5.0, 4.0, 5.0, 5.0, 5.0, 5.0, 4.0, 5.0, 5.0, 5.0, 5.0, 5.0, 5.0, 5.0, 5.0, 3.0, 4.0, 5.0, 5.0, 5.0, 5.0, 4.0, 4.0, 5.0, 5.0, 4.0, 5.0, 5.0, 5.0, 5.0, 5.0, 5.0, 5.0, 5.0, 4.0, 5.0, 5.0, 4.0, 5.0, 5.0, 5.0, 5.0, 4.0, 5.0, 5.0, 5.0, 5.0, 5.0, 5.0, 5.0, 0.0, 5.0, 5.0, 5.0, 5.0, 5.0, 4.0, 5.0, 5.0, 5.0, 5.0, 5.0, 5.0, 5.0, 5.0, 5.0, 5.0, 5.0, 5.0, 5.0, 5.0, 5.0, 4.0, 4.0, 4.0, 4.0, 5.0, 5.0, 5.0, 4.0, 4.0, 5.0, 5.0, 5.0, 5.0, 5.0, 4.0, 5.0, 3.0, 5.0, 5.0, 4.0, 4.0, 5.0, 5.0, 5.0, 4.0, 5.0, 4.0, 4.0, 5.0, 5.0, 5.0, 5.0, 4.0, 4.0, 5.0, 5.0, 4.0, 5.0, 5.0, 5.0, 5.0, 5.0, 4.0, 5.0, 5.0, 5.0, 5.0, 5.0, 5.0, 4.0, 5.0, 5.0, 5.0, 5.0, 5.0, 5.0, 5.0, 5.0, 5.0, 5.0, 5.0, 5.0, 5.0, 5.0, 5.0, 5.0, 5.0, 4.0, 5.0, 5.0, 5.0, 5.0, 3.0, 5.0, 5.0, 4.0, 5.0, 4.0, 5.0, 5.0, 5.0, 5.0, 5.0, 5.0, 5.0, 5.0, 4.0, 5.0, 5.0, 4.0, 4.0, 5.0, 5.0, 5.0, 5.0, 5.0, 5.0, 5.0, 5.0, 5.0, 4.0, 5.0, 5.0, 5.0, 5.0, 5.0, 3.0, 5.0, 5.0, 5.0, 5.0, 5.0, 4.0, 5.0, 5.0, 5.0, 5.0, 5.0, 5.0, 5.0, 4.0, 4.0, 4.0, 5.0, 4.0, 4.0, 5.0, 5.0, 5.0, 5.0, 5.0, 4.0, 5.0, 5.0, 4.0, 5.0, 4.0, 4.0, 5.0, 5.0, 4.0, 5.0, 5.0, 5.0, 5.0, 5.0, 4.0, 4.0, 5.0, 5.0, 5.0, 5.0, 5.0, 5.0, 5.0, 4.0, 4.0, 5.0, 5.0, 4.0, 5.0, 5.0, 5.0, 5.0, 5.0, 5.0, 5.0, 4.0, 5.0, 5.0, 5.0, 5.0, 5.0, 5.0, 5.0, 5.0, 5.0, 5.0, 4.0, 5.0, 5.0, 5.0, 5.0, 5.0, 5.0, 5.0, 5.0, 5.0, 5.0, 5.0, 5.0, 5.0, 5.0, 5.0, 5.0, 5.0, 5.0, 5.0, 5.0, 5.0, 5.0, 5.0, 5.0, 5.0, 5.0, 5.0, 5.0, 5.0, 4.0, 4.0, 5.0, 5.0, 5.0, 5.0, 3.0, 5.0, 5.0, 5.0, 5.0, 5.0, 5.0, 5.0, 5.0, 4.0, 5.0, 5.0, 4.0, 5.0, 5.0, 5.0, 5.0, 4.0, 3.0, 4.0, 4.0, 4.0, 4.0, 4.0, 5.0, 5.0, 5.0, 4.0, 4.0, 4.0, 5.0, 5.0, 5.0, 5.0, 4.0, 5.0, 5.0, 5.0, 4.0, 5.0, 5.0, 5.0, 5.0, 5.0, 5.0, 5.0, 4.0, 5.0, 5.0, 4.0, 5.0, 5.0, 5.0, 4.0, 4.0, 5.0, 5.0, 5.0, 5.0, 5.0, 5.0, 5.0, 5.0, 5.0, 5.0, 5.0, 5.0, 4.0, 5.0, 4.0, 5.0, 4.0, 5.0, 5.0, 5.0, 5.0, 5.0, 5.0, 4.0, 5.0, 5.0, 5.0, 5.0, 5.0, 5.0, 4.0, 5.0, 2.0, 5.0, 5.0, 5.0, 4.0, 4.0, 5.0, 5.0, 4.0, 5.0, 5.0, 4.0, 5.0, 5.0, 5.0, 5.0, 5.0, 5.0, 5.0, 4.0, 4.0, 4.0, 3.0, 5.0, 5.0, 4.0, 4.0, 5.0, 5.0, 5.0, 4.0, 5.0, 5.0, 5.0, 5.0, 5.0, 4.0, 4.0, 4.0, 5.0, 4.0, 4.0, 5.0, 5.0, 5.0, 5.0, 5.0, 5.0, 5.0, 5.0, 5.0, 4.0, 5.0, 5.0, 5.0, 5.0, 5.0, 5.0, 4.0, 5.0, 5.0, 4.0, 4.0, 5.0, 5.0, 5.0, 4.0, 4.0, 4.0, 5.0, 5.0, 5.0, 5.0, 4.0, 5.0, 5.0, 4.0, 5.0, 5.0, 4.0, 3.0, 4.0, 5.0, 5.0, 5.0, 5.0, 5.0, 5.0, 5.0, 5.0, 5.0, 4.0, 5.0, 5.0, 5.0, 5.0, 4.0, 5.0, 5.0, 5.0, 5.0, 5.0, 4.0, 5.0, 5.0, 5.0, 5.0, 5.0, 5.0, 5.0, 5.0, 5.0, 5.0, 5.0, 5.0, 5.0, 5.0, 5.0, 5.0, 5.0, 4.0, 5.0, 5.0, 0.0, 5.0, 5.0, 5.0, 5.0, 5.0, 5.0, 4.0, 5.0, 4.0, 4.0, 5.0, 5.0, 4.0, 4.0, 5.0, 4.0, 5.0, 5.0, 5.0, 5.0, 5.0, 5.0, 5.0, 4.0, 5.0, 4.0, 0.0, 5.0, 5.0, 4.0, 5.0, 5.0, 4.0, 5.0, 5.0, 4.0, 5.0, 5.0, 5.0, 5.0, 5.0, 5.0, 5.0, 5.0, 5.0, 5.0, 5.0, 5.0, 5.0]",1679
15958,"[3, 0, 0, 4, 1, 0, 0, 0, 0, 1, 0, 0, 0, 0, 0, 0, 1, 0, 0, 0, 0, 1, 0, 0, 0, 0, 0, 1, 0, 0, 0, 0, 0, 2, 0, 0, 0, 0, 0, 0, 0, 0, 1, 1, 0, 0, 1, 1, 0, 0, 0, 0, 0, 0, 0, 2, 0, 0]","[119554, 130540, 130865, 56425, 118627, 87512]",6,"[3.0, 4.0, 4.0, 5.0, 5.0, 5.0]",6
2804,"[62, 0, 1, 19, 19, 0, 0, 5, 0, 42, 10, 3, 0, 0, 3, 0, 29, 0, 0, 1, 4, 4, 2, 4, 0, 0, 1, 6, 29, 6, 0, 0, 0, 46, 0, 0, 12, 3, 8, 1, 0, 5, 14, 21, 3, 0, 8, 1, 0, 1, 0, 0, 0, 11, 2, 3, 5, 7]","[128215, 101449, 42390, 67899, 112892, 141644, 158465, 112800, 21781, 151813, 15526, 135661, 43103, 71309, 122383, 161345, 83357, 70571, 44619, 23188, 69440, 56425, 127582, 53317, 42132, 126189, 45074, 68842, 1074, 171799, 54713, 145383, 79080, 79062, 166074, 148917, 173738, 86108, 18694, 74932, 33052, 102302, 96535, 125761, 157224, 174510, 143970, 115321, 16371, 119805, 158941, 97156, 149332, 97134, 80037, 164732, 163132, 18593, 41308, 11237, 64833, 41159, 171043, 141999, 153973, 169151, 61980, 75032, 174146, 120136, 48405, 130477, 89854, 129794, 11740, 16945, 166444, 82241, 141812, 40168, 155069, 46522, 154011, 113800, 46447, 110950, 171828, 17728, 119628, 30786, 177837, 160806, 59571, 124424, 89478, 148461, 59299, 97072, 100449, 74307, 13097, 167354, 164017, 155685, 66983, 124291, 128014, 92232, 161759, 141281, 83177, 55945, 91401, 76524, 166409, 31427, 57832, 68024]",118,"[5.0, 4.0, 5.0, 5.0, 5.0, 5.0, 4.0, 4.0, 5.0, 5.0, 5.0, 3.0, 5.0, 4.0, 5.0, 4.0, 5.0, 5.0, 4.0, 3.0, 4.0, 4.0, 5.0, 5.0, 4.0, 4.0, 4.0, 4.0, 4.0, 5.0, 5.0, 5.0, 4.0, 4.0, 5.0, 3.0, 4.0, 4.0, 3.0, 5.0, 4.0, 5.0, 5.0, 4.0, 5.0, 3.0, 5.0, 4.0, 5.0, 4.0, 5.0, 4.0, 5.0, 5.0, 4.0, 5.0, 4.0, 5.0, 4.0, 5.0, 4.0, 5.0, 5.0, 5.0, 4.0, 4.0, 0.0, 5.0, 4.0, 3.0, 4.0, 4.0, 5.0, 5.0, 5.0, 5.0, 5.0, 5.0, 5.0, 4.0, 5.0, 4.0, 5.0, 4.0, 5.0, 5.0, 4.0, 5.0, 5.0, 5.0, 5.0, 4.0, 5.0, 5.0, 5.0, 4.0, 5.0, 5.0, 5.0, 4.0, 5.0, 4.0, 5.0, 4.0, 5.0, 4.0, 5.0, 4.0, 4.0, 5.0, 5.0, 5.0, 5.0, 5.0, 5.0, 5.0, 5.0, 4.0]",118
8242,"[17, 0, 0, 8, 9, 0, 0, 0, 0, 12, 0, 2, 0, 0, 0, 0, 2, 0, 0, 0, 1, 2, 0, 0, 0, 0, 0, 0, 8, 1, 0, 0, 0, 12, 0, 1, 6, 0, 1, 0, 0, 0, 3, 1, 0, 0, 10, 0, 0, 0, 0, 1, 0, 0, 0, 2, 5, 4]","[61530, 149210, 114402, 123123, 31149, 38427, 23970, 75762, 166817, 5037, 31777, 82121, 116944, 77826, 41684, 95918, 129921, 120855, 31954, 88165, 76335, 26641, 42480, 85439, 125996, 90299, 101887, 160747, 97711, 98451, 37047, 139149, 72857]",33,"[5.0, 5.0, 5.0, 5.0, 5.0, 5.0, 5.0, 0.0, 5.0, 5.0, 5.0, 5.0, 5.0, 5.0, 0.0, 5.0, 5.0, 5.0, 5.0, 5.0, 5.0, 5.0, 5.0, 5.0, 5.0, 5.0, 5.0, 5.0, 5.0, 5.0, 5.0, 5.0, 5.0]",33
1781,"[64, 0, 1, 10, 20, 0, 0, 1, 1, 35, 5, 4, 0, 0, 2, 0, 17, 0, 0, 3, 9, 5, 3, 4, 1, 0, 4, 3, 26, 10, 0, 0, 0, 38, 0, 1, 13, 5, 7, 1, 1, 5, 10, 24, 3, 2, 7, 0, 0, 2, 0, 0, 1, 5, 4, 11, 4, 12]","[90536, 30432, 108995, 16869, 23005, 101904, 99787, 90709, 137649, 41081, 73956, 142928, 77519, 78609, 64941, 166393, 79316, 66084, 23053, 112102, 31259, 10200, 84330, 13778, 177543, 40542, 164203, 11102, 144353, 20819, 105135, 8793, 10518, 25913, 73585, 156739, 70918, 18604, 38419, 154689, 140095, 71873, 100238, 109709, 97369, 130025, 59019, 45478, 685, 148713, 86843, 76457, 139822, 70066, 37009, 12317, 82078, 92761, 172432, 6061, 170097, 135431, 76181, 35381, 66593, 17793, 38511, 35402, 134610, 145048, 99338, 105696, 127080, 158465, 9463, 47229, 135961, 78570, 45833, 68512, 80945, 19297, 55253, 177109, 117899, 79977, 118008, 96908, 43329, 67679, 78593, 60909, 147036, 108005, 61239, 32114, 63825, 163671, 19812, 142799, 31881, 63457, 53194, 66315, 173080, 148226, 123678, 126003, 15059, 33143, 15173, 139339, 129174, 25176, 150197, 155232, 60606, 3459, 1652, 94718, 69399, 78689, 94618, 93452, 22809, 90496, 8499]",127,"[5.0, 5.0, 5.0, 4.0, 5.0, 5.0, 5.0, 5.0, 5.0, 3.0, 5.0, 5.0, 5.0, 5.0, 4.0, 4.0, 5.0, 3.0, 5.0, 5.0, 4.0, 4.0, 5.0, 5.0, 4.0, 4.0, 5.0, 3.0, 3.0, 5.0, 4.0, 4.0, 4.0, 4.0, 5.0, 4.0, 5.0, 4.0, 5.0, 5.0, 3.0, 4.0, 5.0, 5.0, 5.0, 3.0, 5.0, 4.0, 5.0, 5.0, 5.0, 4.0, 4.0, 4.0, 5.0, 5.0, 5.0, 5.0, 5.0, 5.0, 5.0, 5.0, 4.0, 5.0, 5.0, 5.0, 4.0, 5.0, 4.0, 5.0, 5.0, 5.0, 5.0, 3.0, 5.0, 5.0, 5.0, 5.0, 5.0, 5.0, 5.0, 5.0, 5.0, 5.0, 4.0, 5.0, 3.0, 3.0, 5.0, 5.0, 4.0, 4.0, 5.0, 5.0, 4.0, 5.0, 0.0, 4.0, 5.0, 5.0, 5.0, 4.0, 3.0, 0.0, 5.0, 4.0, 4.0, 4.0, 3.0, 5.0, 5.0, 3.0, 5.0, 5.0, 5.0, 5.0, 5.0, 5.0, 4.0, 3.0, 3.0, 5.0, 4.0, 4.0, 5.0, 5.0, 5.0]",127
24584,"[4, 0, 0, 2, 1, 0, 0, 0, 0, 3, 0, 0, 0, 0, 0, 0, 0, 0, 0, 2, 0, 0, 0, 0, 0, 0, 0, 0, 0, 1, 0, 0, 0, 1, 0, 0, 0, 0, 0, 0, 1, 1, 0, 1, 0, 0, 2, 0, 0, 0, 0, 1, 0, 0, 0, 0, 0, 0]","[124230, 87159, 94216, 98353, 120865, 165343]",6,"[3.0, 5.0, 4.0, 5.0, 5.0, 5.0]",6
1657,"[8, 0, 0, 4, 2, 0, 0, 1, 0, 7, 0, 0, 0, 0, 0, 0, 2, 0, 0, 0, 2, 0, 0, 0, 0, 0, 1, 0, 4, 0, 0, 0, 0, 3, 0, 0, 2, 1, 1, 0, 0, 0, 4, 4, 0, 0, 5, 0, 0, 0, 0, 0, 0, 2, 0, 1, 0, 1]","[55924, 106769, 159714, 1124, 176345, 168616, 74495, 147288, 630, 138677, 173270, 35964, 97459, 89096, 33733]",15,"[5.0, 5.0, 5.0, 5.0, 5.0, 5.0, 5.0, 5.0, 5.0, 5.0, 5.0, 5.0, 5.0, 5.0, 5.0]",15
14426,"[18, 1, 0, 6, 9, 0, 0, 1, 0, 14, 0, 1, 0, 0, 0, 0, 10, 0, 0, 1, 3, 1, 0, 1, 0, 0, 4, 0, 9, 1, 0, 0, 0, 13, 0, 0, 7, 3, 4, 0, 0, 0, 6, 6, 0, 0, 4, 0, 0, 1, 0, 2, 0, 1, 0, 8, 4, 4]","[53558, 142774, 79693, 87729, 144703, 117899, 34931, 102210, 73956, 45824, 107295, 52334, 160350, 119351, 176758, 86430, 94834, 125345, 13904, 96689, 93333, 63584, 99390, 167036, 27593, 39017, 63483, 122394, 116360, 23221, 15410, 47642, 112656, 143062, 28550, 134808, 91768, 135170]",38,"[4.0, 4.0, 5.0, 5.0, 4.0, 5.0, 5.0, 4.0, 4.0, 2.0, 4.0, 1.0, 5.0, 4.0, 5.0, 5.0, 3.0, 3.0, 5.0, 5.0, 5.0, 4.0, 5.0, 5.0, 5.0, 5.0, 5.0, 5.0, 5.0, 5.0, 5.0, 5.0, 5.0, 4.0, 5.0, 5.0, 4.0, 5.0]",38
10912,"[5, 0, 0, 4, 3, 0, 0, 1, 0, 4, 0, 0, 0, 0, 0, 0, 1, 0, 0, 0, 0, 0, 0, 2, 0, 0, 0, 0, 2, 1, 0, 0, 0, 4, 0, 0, 2, 0, 1, 0, 0, 0, 4, 0, 0, 0, 3, 2, 0, 0, 0, 0, 0, 1, 0, 3, 2, 0]","[62401, 118012, 16977, 25425, 27367, 19449, 160750, 113144, 108770, 28768, 19297, 87424, 13778, 147374, 135961, 154916]",16,"[5.0, 5.0, 5.0, 0.0, 5.0, 5.0, 5.0, 5.0, 5.0, 5.0, 5.0, 5.0, 5.0, 5.0, 5.0, 5.0]",16
9151,"[21, 2, 0, 12, 13, 0, 0, 0, 2, 16, 3, 3, 0, 1, 2, 0, 7, 0, 0, 5, 3, 2, 0, 1, 1, 0, 1, 1, 10, 3, 0, 0, 0, 14, 2, 0, 7, 2, 2, 0, 0, 5, 5, 6, 1, 0, 6, 0, 0, 1, 1, 0, 0, 3, 2, 7, 4, 4]","[51687, 135035, 121789, 174066, 71738, 14943, 160272, 115748, 22399, 109557, 108032, 161389, 134610, 125274, 99509, 148226, 117899, 173688, 10735, 139655, 73956, 170732, 84699, 47680, 142641, 176868, 45460, 45478, 33240, 97466, 23245, 106485, 164837, 163578, 51263, 34287, 27698, 49489, 168180, 37359, 12722, 148266, 106788, 103681, 68803, 71616, 5952, 86085]",48,"[4.0, 5.0, 5.0, 5.0, 5.0, 5.0, 4.0, 5.0, 5.0, 5.0, 5.0, 5.0, 5.0, 5.0, 5.0, 3.0, 5.0, 5.0, 5.0, 5.0, 5.0, 5.0, 5.0, 4.0, 5.0, 5.0, 5.0, 5.0, 5.0, 5.0, 5.0, 5.0, 5.0, 5.0, 5.0, 5.0, 5.0, 5.0, 5.0, 4.0, 5.0, 5.0, 4.0, 5.0, 5.0, 5.0, 5.0, 5.0]",48
19447,"[2, 0, 0, 0, 0, 0, 0, 1, 0, 2, 0, 1, 0, 0, 1, 0, 0, 0, 0, 0, 0, 0, 1, 0, 0, 0, 1, 0, 1, 0, 0, 0, 0, 2, 0, 0, 0, 1, 0, 0, 0, 0, 0, 2, 0, 1, 0, 0, 0, 0, 0, 0, 0, 0, 1, 3, 0, 0]","[41427, 174552, 117899, 135961, 29746, 31840]",6,"[5.0, 5.0, 5.0, 5.0, 5.0, 5.0]",6
15624,"[17, 0, 0, 3, 4, 0, 0, 0, 1, 12, 2, 2, 0, 0, 0, 0, 5, 0, 0, 1, 1, 1, 0, 1, 0, 0, 0, 2, 5, 0, 0, 1, 0, 10, 0, 0, 5, 1, 1, 0, 0, 2, 3, 4, 0, 0, 4, 0, 0, 0, 1, 0, 0, 2, 0, 2, 0, 2]","[89113, 175182, 56204, 118107, 29681, 104134, 147180, 52334, 55772, 46194, 16435, 61480, 128192, 100133, 132466, 46522, 130739, 32114, 82291, 86722, 32886, 171328, 94815, 89924, 19812]",25,"[5.0, 5.0, 5.0, 5.0, 5.0, 3.0, 5.0, 5.0, 5.0, 2.0, 5.0, 5.0, 5.0, 5.0, 5.0, 5.0, 4.0, 5.0, 5.0, 5.0, 4.0, 5.0, 5.0, 5.0, 5.0]",25
19726,"[8, 0, 0, 2, 2, 0, 0, 0, 0, 1, 0, 0, 0, 0, 0, 0, 0, 0, 0, 0, 0, 1, 0, 1, 0, 0, 1, 0, 4, 1, 0, 0, 0, 3, 0, 0, 2, 1, 0, 0, 0, 0, 1, 0, 0, 0, 1, 0, 0, 0, 0, 0, 0, 0, 0, 0, 1, 1]","[131131, 146222, 110391, 125637, 110062, 127080, 170569, 53353, 79996, 135961, 145439, 147374, 125296, 141842]",14,"[5.0, 5.0, 4.0, 5.0, 5.0, 3.0, 5.0, 5.0, 5.0, 5.0, 5.0, 5.0, 5.0, 5.0]",14
3794,"[11, 0, 0, 2, 4, 0, 0, 1, 0, 4, 0, 0, 0, 0, 0, 0, 0, 0, 0, 1, 0, 0, 0, 0, 0, 0, 0, 1, 5, 0, 0, 0, 0, 5, 0, 0, 3, 2, 2, 0, 0, 0, 3, 1, 0, 0, 2, 0, 0, 0, 0, 0, 0, 2, 0, 0, 1, 3]","[27903, 166822, 71589, 169371, 56388, 146522, 31796, 21005, 65321, 133731, 77616, 45374, 162377, 44878, 1645, 154111]",16,"[5.0, 5.0, 5.0, 5.0, 5.0, 5.0, 5.0, 5.0, 5.0, 5.0, 5.0, 5.0, 5.0, 5.0, 5.0, 5.0]",16
13943,"[8, 0, 0, 3, 6, 0, 0, 1, 0, 8, 0, 1, 0, 0, 0, 0, 4, 0, 0, 0, 5, 0, 0, 3, 0, 0, 1, 0, 2, 0, 0, 0, 1, 1, 0, 0, 3, 0, 4, 0, 0, 1, 4, 3, 0, 0, 2, 0, 0, 1, 0, 0, 0, 3, 2, 3, 1, 3]","[13203, 105805, 148562, 96260, 14317, 108007, 138450, 80737, 138139, 60244, 73953, 168476, 55928, 130923, 84983, 114795, 11324, 73083, 53763]",19,"[5.0, 4.0, 5.0, 5.0, 4.0, 5.0, 5.0, 5.0, 0.0, 5.0, 4.0, 5.0, 4.0, 5.0, 5.0, 5.0, 5.0, 5.0, 5.0]",19
2199,"[8, 0, 0, 1, 1, 0, 0, 0, 0, 4, 0, 0, 0, 0, 0, 0, 0, 0, 0, 1, 1, 0, 0, 0, 0, 0, 0, 0, 3, 0, 0, 0, 0, 1, 0, 0, 0, 0, 0, 0, 0, 0, 0, 1, 0, 0, 3, 0, 0, 1, 0, 0, 0, 0, 0, 0, 1, 2]","[76927, 151451, 62714, 143922, 79953, 24634, 17452, 834, 166214]",9,"[5.0, 4.0, 5.0, 5.0, 4.0, 5.0, 4.0, 4.0, 5.0]",9
14466,"[3, 0, 0, 0, 5, 0, 0, 0, 0, 1, 0, 0, 0, 0, 0, 0, 2, 0, 0, 2, 6, 0, 0, 0, 0, 0, 2, 0, 2, 0, 0, 0, 0, 0, 0, 0, 0, 1, 1, 0, 0, 1, 2, 2, 0, 1, 0, 1, 0, 3, 0, 0, 0, 1, 0, 1, 1, 0]","[133950, 13988, 71047, 101508, 128994, 95752, 49740, 78548, 93073, 155191, 112057, 145822]",12,"[4.0, 4.0, 3.0, 4.0, 5.0, 5.0, 4.0, 0.0, 4.0, 5.0, 5.0, 0.0]",12
11289,"[6, 0, 0, 1, 2, 0, 0, 0, 0, 5, 0, 0, 0, 0, 0, 0, 1, 0, 0, 0, 1, 0, 0, 0, 0, 0, 0, 0, 0, 0, 0, 0, 0, 3, 0, 0, 0, 0, 0, 0, 0, 0, 1, 1, 0, 0, 2, 1, 0, 0, 0, 0, 0, 2, 0, 0, 0, 0]","[89209, 123721, 13730, 58774, 44318, 47538, 99231, 165099, 8530]",9,"[4.0, 5.0, 5.0, 3.0, 2.0, 5.0, 5.0, 3.0, 0.0]",9
370,"[13, 0, 0, 8, 6, 0, 0, 1, 1, 6, 0, 0, 0, 0, 0, 0, 4, 0, 0, 0, 9, 1, 1, 1, 3, 0, 1, 0, 4, 1, 0, 0, 0, 6, 0, 0, 2, 0, 1, 0, 0, 0, 2, 2, 0, 0, 4, 2, 0, 1, 0, 1, 0, 1, 0, 0, 1, 2]","[74737, 38131, 46615, 70357, 12422, 131443, 89499, 119150, 108659, 20995, 65899, 159729, 124289, 45577, 9651, 159710, 151161, 120953, 11939, 71341, 148804, 148, 143747, 36811, 77565, 119821, 111092, 125513, 73092]",29,"[4.0, 4.0, 5.0, 4.0, 5.0, 5.0, 5.0, 5.0, 5.0, 5.0, 4.0, 4.0, 5.0, 5.0, 4.0, 4.0, 5.0, 4.0, 4.0, 4.0, 4.0, 5.0, 5.0, 4.0, 5.0, 5.0, 5.0, 4.0, 5.0]",29
6347,"[9, 1, 0, 2, 0, 0, 0, 0, 0, 6, 0, 0, 0, 0, 0, 0, 1, 0, 0, 2, 0, 1, 0, 0, 0, 0, 0, 0, 5, 1, 0, 0, 0, 8, 0, 0, 3, 2, 2, 0, 0, 1, 1, 2, 0, 1, 1, 0, 0, 0, 0, 0, 0, 0, 0, 3, 4, 1]","[142963, 9651, 7234, 143836, 69818, 3300, 113515, 122782, 53353, 101550, 171950, 14969, 32484, 145411, 19865, 119297]",16,"[5.0, 5.0, 5.0, 5.0, 4.0, 4.0, 5.0, 5.0, 5.0, 4.0, 4.0, 4.0, 5.0, 5.0, 5.0, 5.0]",16
20219,"[6, 0, 0, 0, 1, 0, 0, 2, 1, 4, 0, 0, 0, 0, 0, 0, 2, 0, 0, 0, 0, 1, 0, 0, 0, 0, 0, 0, 1, 0, 0, 0, 0, 3, 0, 0, 1, 2, 2, 0, 0, 0, 0, 1, 0, 0, 0, 0, 0, 0, 0, 0, 0, 0, 0, 0, 0, 1]","[49523, 139597, 150794, 97738, 134499, 153164, 100387, 162529, 103175, 33387, 33132]",11,"[5.0, 5.0, 0.0, 5.0, 5.0, 5.0, 5.0, 5.0, 5.0, 4.0, 5.0]",11
21026,"[4, 0, 0, 1, 4, 0, 0, 0, 0, 4, 1, 0, 0, 0, 0, 0, 2, 0, 0, 0, 0, 1, 0, 1, 0, 0, 0, 2, 4, 0, 0, 0, 0, 2, 0, 0, 1, 1, 1, 0, 0, 2, 2, 3, 0, 0, 0, 1, 0, 0, 0, 0, 0, 0, 0, 0, 0, 2]","[134452, 139054, 51701, 147180, 99787, 89924, 107197, 66593, 156030, 75244, 68651, 37088]",12,"[4.0, 5.0, 5.0, 5.0, 5.0, 5.0, 5.0, 5.0, 5.0, 5.0, 5.0, 5.0]",12
20204,"[4, 0, 0, 1, 1, 0, 0, 0, 0, 5, 0, 1, 0, 0, 0, 0, 1, 0, 0, 1, 0, 0, 0, 0, 0, 0, 0, 1, 0, 0, 0, 0, 0, 3, 0, 0, 1, 0, 0, 0, 0, 0, 1, 1, 0, 0, 2, 0, 0, 0, 0, 0, 0, 1, 0, 0, 0, 0]","[33000, 159785, 64694, 86234, 110881, 55772]",6,"[5.0, 5.0, 5.0, 5.0, 0.0, 5.0]",6
7510,"[3, 0, 0, 2, 0, 0, 0, 2, 0, 2, 0, 0, 0, 0, 0, 0, 0, 0, 0, 0, 0, 0, 0, 3, 0, 0, 1, 1, 0, 0, 0, 0, 0, 2, 0, 0, 0, 1, 0, 0, 0, 0, 0, 0, 0, 0, 0, 0, 0, 0, 0, 0, 0, 0, 0, 1, 0, 1]","[150946, 155189, 4337, 40017, 83715, 129748, 106973]",7,"[5.0, 5.0, 5.0, 5.0, 5.0, 5.0, 5.0]",7
4746,"[3, 0, 0, 0, 4, 0, 0, 1, 0, 3, 0, 1, 0, 0, 0, 0, 3, 0, 0, 0, 0, 1, 0, 1, 0, 0, 0, 3, 2, 0, 0, 0, 0, 0, 0, 0, 2, 0, 0, 0, 0, 0, 3, 2, 0, 0, 0, 0, 0, 0, 0, 0, 0, 0, 0, 2, 0, 1]","[30432, 89113, 52727, 946, 101819, 169308, 87565, 121385, 97331, 18609]",10,"[4.0, 5.0, 5.0, 5.0, 5.0, 5.0, 4.0, 5.0, 5.0, 5.0]",10
5484,"[7, 0, 0, 1, 3, 0, 0, 0, 0, 4, 0, 0, 0, 0, 0, 0, 1, 0, 0, 1, 0, 0, 0, 0, 0, 0, 0, 0, 0, 0, 0, 0, 0, 2, 0, 0, 0, 1, 0, 0, 0, 0, 2, 1, 0, 0, 1, 0, 0, 0, 0, 1, 0, 0, 0, 0, 0, 0]","[143705, 156934, 35825, 153456, 28646, 27236, 31476, 174573, 44513]",9,"[5.0, 5.0, 0.0, 5.0, 0.0, 5.0, 5.0, 5.0, 0.0]",9
4361,"[29, 1, 0, 13, 14, 0, 0, 0, 1, 20, 3, 6, 0, 0, 4, 0, 14, 0, 0, 3, 2, 1, 1, 2, 2, 0, 0, 3, 9, 4, 0, 2, 0, 17, 0, 0, 11, 5, 5, 0, 0, 2, 16, 10, 1, 0, 7, 0, 0, 1, 1, 2, 0, 3, 0, 6, 3, 6]","[29348, 13010, 89274, 49377, 96335, 106520, 87426, 103033, 9325, 30629, 37047, 99787, 79996, 97671, 1866, 8749, 71135, 170097, 104130, 129978, 79036, 39936, 34331, 51694, 47581, 46151, 4827, 21213, 34731, 47952, 123035, 152460, 21738, 95773, 147484, 152911, 112077, 83937, 89113, 65620, 150304, 76090, 130399, 122933, 31827, 117899, 39773, 13476, 88751, 126463, 15254, 156352, 141876, 100414, 148729, 81441, 4369, 86120, 157508, 164305, 14565, 21154, 165568, 116819, 103396, 50909, 86491, 10252, 84968, 57687]",70,"[5.0, 5.0, 5.0, 5.0, 5.0, 5.0, 5.0, 5.0, 5.0, 5.0, 5.0, 5.0, 5.0, 3.0, 5.0, 5.0, 3.0, 5.0, 5.0, 5.0, 5.0, 5.0, 5.0, 5.0, 5.0, 5.0, 5.0, 5.0, 5.0, 4.0, 5.0, 0.0, 5.0, 0.0, 5.0, 5.0, 5.0, 5.0, 5.0, 5.0, 5.0, 5.0, 5.0, 3.0, 5.0, 5.0, 5.0, 4.0, 5.0, 5.0, 5.0, 4.0, 5.0, 5.0, 5.0, 5.0, 5.0, 5.0, 5.0, 5.0, 5.0, 5.0, 5.0, 5.0, 5.0, 0.0, 5.0, 5.0, 5.0, 5.0]",70
18957,"[2, 0, 0, 2, 2, 0, 0, 0, 0, 3, 0, 0, 0, 0, 0, 0, 1, 0, 0, 0, 0, 1, 0, 0, 0, 0, 0, 0, 3, 0, 0, 0, 0, 1, 0, 1, 1, 0, 0, 0, 0, 1, 0, 0, 0, 0, 1, 0, 0, 0, 0, 0, 0, 1, 0, 5, 0, 2]","[65921, 79832, 153638, 19297, 163625, 56123, 145765, 149774]",8,"[5.0, 5.0, 5.0, 5.0, 5.0, 5.0, 4.0, 5.0]",8
21177,"[2, 1, 0, 0, 4, 0, 0, 0, 0, 2, 5, 2, 0, 0, 0, 0, 3, 0, 0, 0, 0, 0, 1, 0, 0, 0, 0, 2, 4, 1, 0, 0, 0, 4, 0, 0, 0, 0, 0, 0, 0, 2, 1, 0, 0, 0, 1, 0, 0, 0, 0, 0, 0, 2, 0, 3, 1, 0]","[138092, 39272, 172814, 123206, 37359, 43748, 87424, 134610, 170732, 42758, 38207, 153909]",12,"[4.0, 4.0, 2.0, 4.0, 4.0, 2.0, 4.0, 4.0, 5.0, 5.0, 4.0, 3.0]",12
9790,"[6, 0, 0, 2, 1, 0, 0, 1, 0, 5, 0, 1, 0, 0, 0, 0, 1, 0, 0, 0, 0, 0, 0, 0, 0, 0, 0, 0, 2, 0, 0, 0, 0, 3, 0, 0, 0, 0, 0, 0, 0, 1, 0, 0, 0, 0, 0, 0, 0, 0, 0, 0, 0, 1, 0, 1, 0, 0]","[8003, 6569, 68409, 79794, 26295, 20491, 28469, 93195]",8,"[4.0, 5.0, 5.0, 5.0, 4.0, 4.0, 5.0, 1.0]",8
22486,"[3, 0, 0, 1, 0, 0, 0, 0, 1, 2, 0, 0, 0, 0, 0, 0, 2, 0, 0, 0, 0, 1, 0, 0, 0, 0, 0, 1, 2, 0, 0, 1, 0, 0, 0, 0, 1, 1, 1, 0, 0, 0, 1, 0, 0, 0, 1, 0, 0, 0, 0, 0, 0, 0, 0, 0, 0, 0]","[123123, 164131, 48069, 151590, 86860, 138882, 124076]",7,"[4.0, 4.0, 5.0, 5.0, 5.0, 5.0, 5.0]",7
7408,"[6, 0, 0, 3, 2, 0, 0, 0, 0, 9, 0, 1, 0, 0, 0, 0, 4, 0, 0, 0, 1, 1, 0, 0, 0, 0, 0, 1, 3, 0, 0, 0, 0, 8, 0, 0, 5, 1, 2, 0, 0, 0, 2, 5, 1, 0, 3, 0, 0, 1, 0, 0, 0, 4, 1, 5, 0, 6]","[102653, 101339, 133049, 68092, 34797, 88040, 4194, 163625, 148901, 122120, 88309, 61019, 120516, 33563, 165654, 87183, 73009, 106975, 7012]",19,"[5.0, 2.0, 5.0, 5.0, 5.0, 5.0, 5.0, 5.0, 5.0, 5.0, 5.0, 5.0, 3.0, 3.0, 4.0, 4.0, 5.0, 5.0, 5.0]",19
14121,"[6, 0, 0, 2, 2, 0, 0, 0, 1, 3, 2, 1, 0, 0, 1, 0, 2, 0, 0, 1, 0, 1, 0, 0, 0, 0, 0, 1, 2, 0, 0, 0, 0, 4, 0, 0, 1, 0, 2, 0, 0, 0, 2, 0, 0, 0, 2, 1, 0, 0, 0, 0, 0, 0, 0, 0, 0, 0]","[114402, 134610, 13476, 51841, 35196, 147507, 55237, 130554, 120053, 92697]",10,"[5.0, 5.0, 5.0, 5.0, 5.0, 5.0, 2.0, 5.0, 5.0, 5.0]",10
792,"[77, 2, 0, 39, 38, 0, 0, 4, 1, 85, 9, 10, 1, 0, 3, 0, 27, 0, 0, 12, 14, 3, 1, 14, 4, 0, 11, 3, 40, 5, 0, 1, 0, 50, 0, 5, 31, 7, 14, 1, 1, 1, 23, 20, 6, 0, 25, 3, 0, 4, 3, 1, 0, 11, 6, 23, 6, 17]","[75244, 83948, 96378, 168342, 97372, 46496, 145305, 127068, 100757, 13467, 44367, 4561, 85520, 69678, 62083, 78385, 11007, 156520, 113937, 34422, 59640, 135431, 11558, 79270, 74837, 63494, 170136, 114784, 24560, 68877, 162789, 55052, 95091, 115127, 109825, 109924, 59450, 56613, 69171, 47497, 6079, 125485, 157740, 92705, 104092, 77813, 20364, 92341, 34965, 56077, 124238, 142741, 126159, 160110, 151586, 103767, 165220, 122384, 141247, 79316, 69744, 123107, 173088, 1026, 168998, 66666, 47126, 150612, 19279, 9143, 109654, 110288, 114720, 100867, 91233, 79753, 160652, 21728, 98825, 87819, 26213, 81214, 170377, 162672, 104518, 142687, 126984, 22378, 54377, 37774, 60350, 82581, 51107, 139025, 155867, 83961, 37409, 151590, 62725, 267, 57624, 176143, 4791, 14015, 158085, 45059, 148905, 72835, 155665, 28821, 1224, 126383, 124718, 51009, 90536, 84679, 83423, 162905, 138019, 6613, 9410, 111684, 90724, 37225, 102780, 161412, 157018, 96517, 87325, 98797, 106545, 142743, 176948, 151526, 44513, 146919, 41863, 109232, 154177, 19086, 89044, 116381, 42500, 110016, 47771, 19323, 162696, 2756, 79107, 150946, 152248, 107923, 23291, 7918, 38652, 112481, 91200, 14969, 111151, 136920, 124836, 99653, 46699, 87781, 106706, 66464, 165343, 131887, 68625, 92748, 78046, 167260, 174510, 170734, 32095, 168080, 97905, 143757, 114252, 85048, 137025, 63452, 129018, 130317, 149428, 93986, 136347, 157038, 16190, 8177, 44474, 123840, 54110, 145695, 118444]",195,"[5.0, 5.0, 5.0, 5.0, 4.0, 5.0, 5.0, 5.0, 5.0, 5.0, 5.0, 5.0, 4.0, 5.0, 5.0, 5.0, 4.0, 5.0, 5.0, 5.0, 4.0, 5.0, 4.0, 4.0, 5.0, 5.0, 5.0, 5.0, 5.0, 5.0, 5.0, 5.0, 4.0, 4.0, 4.0, 4.0, 5.0, 4.0, 4.0, 4.0, 4.0, 5.0, 5.0, 5.0, 5.0, 4.0, 4.0, 4.0, 5.0, 5.0, 4.0, 4.0, 4.0, 5.0, 5.0, 5.0, 4.0, 5.0, 4.0, 4.0, 4.0, 5.0, 4.0, 4.0, 5.0, 5.0, 5.0, 5.0, 5.0, 5.0, 5.0, 4.0, 4.0, 4.0, 5.0, 5.0, 4.0, 5.0, 4.0, 5.0, 4.0, 5.0, 4.0, 5.0, 5.0, 0.0, 4.0, 5.0, 5.0, 5.0, 4.0, 5.0, 0.0, 4.0, 5.0, 5.0, 4.0, 4.0, 4.0, 4.0, 4.0, 5.0, 4.0, 5.0, 5.0, 5.0, 5.0, 4.0, 5.0, 4.0, 5.0, 5.0, 5.0, 4.0, 5.0, 5.0, 5.0, 5.0, 0.0, 5.0, 5.0, 5.0, 4.0, 5.0, 5.0, 4.0, 5.0, 4.0, 5.0, 5.0, 5.0, 5.0, 5.0, 5.0, 5.0, 5.0, 5.0, 5.0, 5.0, 5.0, 4.0, 4.0, 5.0, 5.0, 5.0, 4.0, 5.0, 5.0, 0.0, 4.0, 5.0, 4.0, 5.0, 5.0, 0.0, 5.0, 0.0, 5.0, 0.0, 4.0, 4.0, 5.0, 4.0, 5.0, 5.0, 5.0, 5.0, 5.0, 5.0, 5.0, 4.0, 5.0, 0.0, 4.0, 4.0, 5.0, 4.0, 4.0, 5.0, 4.0, 5.0, 4.0, 4.0, 5.0, 5.0, 5.0, 5.0, 5.0, 5.0, 5.0, 4.0, 5.0, 4.0, 5.0, 5.0]",195
5174,"[6, 0, 0, 4, 7, 0, 0, 0, 0, 6, 4, 0, 0, 0, 0, 0, 1, 0, 0, 0, 0, 0, 0, 0, 0, 0, 0, 2, 2, 0, 0, 0, 0, 10, 0, 0, 0, 1, 1, 0, 0, 0, 6, 4, 1, 0, 3, 0, 0, 0, 1, 0, 0, 2, 0, 2, 1, 0]","[66985, 104640, 143230, 123206, 86103, 16738, 99787, 27070, 13886, 2388, 80232, 83551, 87724, 23703, 44574, 97193, 137093, 51214, 118113, 72436, 134821, 140204]",22,"[4.0, 5.0, 5.0, 5.0, 4.0, 5.0, 5.0, 4.0, 5.0, 5.0, 4.0, 4.0, 5.0, 5.0, 5.0, 4.0, 5.0, 4.0, 4.0, 5.0, 5.0, 5.0]",22
11834,"[9, 0, 0, 6, 5, 0, 0, 2, 0, 6, 3, 0, 0, 0, 0, 0, 3, 0, 0, 3, 2, 0, 0, 1, 0, 0, 0, 2, 5, 2, 0, 0, 0, 9, 0, 1, 1, 2, 1, 0, 0, 1, 6, 7, 1, 0, 4, 0, 0, 0, 1, 0, 0, 2, 1, 3, 0, 4]","[26208, 125414, 145008, 74837, 154290, 121536, 17679, 68651, 164596, 106527, 39145, 159031, 71143, 154916, 19634, 151164, 147772, 117899, 38511, 9325, 34603]",21,"[3.0, 4.0, 5.0, 4.0, 4.0, 4.0, 5.0, 5.0, 4.0, 4.0, 5.0, 5.0, 4.0, 5.0, 5.0, 4.0, 5.0, 5.0, 5.0, 5.0, 2.0]",21
247,"[375, 24, 5, 189, 291, 1, 0, 71, 12, 526, 17, 31, 9, 4, 31, 0, 199, 1, 0, 27, 144, 48, 8, 143, 13, 0, 62, 48, 210, 70, 0, 9, 4, 330, 2, 36, 152, 80, 125, 1, 3, 22, 207, 289, 22, 11, 110, 20, 0, 29, 3, 21, 1, 90, 65, 221, 20, 156]","[106321, 131382, 14652, 36831, 20400, 74755, 84926, 3125, 132060, 61580, 25134, 9937, 149320, 23652, 82979, 11324, 47680, 130249, 102332, 154576, 136935, 28856, 107507, 66593, 172761, 65788, 38973, 140963, 34215, 19666, 53441, 32501, 78611, 134701, 60327, 54724, 12560, 149479, 161892, 12032, 90399, 80562, 169040, 108845, 104537, 77170, 120990, 39958, 1334, 63113, 169353, 13886, 95251, 88919, 115099, 72393, 175745, 138876, 89420, 105403, 111684, 10150, 8408, 133023, 106913, 50533, 118460, 83745, 88116, 147374, 6061, 128152, 166624, 102971, 61823, 78551, 71589, 71686, 40309, 102501, 4078, 177839, 82612, 53980, 134742, 21802, 103410, 13436, 79636, 67983, 178134, 149768, 89590, 27226, 127398, 61884, 173764, 80220, 68651, 157653, 54421, 158829, 160554, 8159, 17639, 166215, 32021, 24382, 10391, 128840, 171996, 170446, 172382, 26997, 57837, 112085, 130133, 2646, 156959, 29176, 128486, 149454, 164543, 110057, 177182, 12969, 60133, 161989, 60812, 166736, 36775, 35882, 106859, 170674, 111940, 8622, 37977, 27477, 63083, 168113, 124819, 27084, 134767, 130788, 73802, 115337, 19217, 51701, 29589, 66012, 22301, 38432, 117286, 53962, 105009, 114187, 68846, 6363, 60445, 21908, 42121, 67338, 142191, 114450, 128215, 168122, 6860, 84140, 174602, 75638, 126191, 153166, 115438, 68038, 73165, 31671, 82918, 128433, 126854, 45814, 165551, 6455, 33309, 13774, 153020, 31220, 157300, 130113, 32792, 141524, 72562, 130477, 128087, 36434, 14258, 95004, 39615, 148403, 98617, 67139, 9465, 52796, 108498, 65970, 137287, 45833, 47546, 95242, 176929, 147342, 80641, 33876, 11378, 32068, 86933, 166259, 59631, 154521, 122697, 9722, 93626, 4632, 153178, 148252, 8162, 63183, 9652, 4091, 103601, 167979, 41005, 15940, 127327, 136450, 25816, 116931, 141047, 121269, 62132, 60797, 123370, 114328, 163803, 39770, 10956, 141453, 2062, 112434, 54985, 6263, 165080, 24458, 52431, 59077, 108588, 48013, 50144, 105445, 29105, 95063, 137948, 123555, 2918, 50249, 2406, 85043, 174439, 19145, 76500, 171720, 11357, 170361, 133921, 98055, 33636, 66344, 8546, 113084, 18629, 131395, 1403, 131927, 157536, 14593, 177319, 51694, 162064, 116708, 8591, 4658, 16442, 54701, 160036, 69835, 5986, 81058, 151098, 136921, 10969, 100893, 102834, 28568, 142134, 26579, 69118, 166860, 37088, 107736, 101755, 112856, 3604, 147991, 146720, 118196, 34415, 69860, 139353, 148452, 124550, 108371, 38054, 107188, 48607, 87835, 29222, 79572, 147065, 150081, 115068, 160445, 125956, 12311, 82181, 75749, 119504, 164229, 88909, 120165, 54876, 137547, 62946, 156656, 140459, 161703, 68366, 153127, 53287, 8186, 90365, 67538, 54367, 151467, 83177, 95219, 8516, 149341, 6785, 139822, 147180, 156390, 76362, 127176, 78726, 15732, 52818, 91873, 71920, 6902, 142399, 40889, 80968, 141033, 40232, 41770, 9757, 20484, 129335, 98960, 113086, 95007, 64461, 174039, 99522, 103485, 61912, 171965, 121509, 151506, 6756, 74362, 27462, 29365, 79784, 165924, 55924, 94852, 74368, 118533, 170432, 75385, 29746, 51622, 173664, 176177, 68104, 1252, 648, 139060, 25483, 50899, 80316, 16060, 45438, 108834, 104109, 157740, 92497, 71892, 156752, 19470, 86705, 134180, 91176, 122254, 10789, 101363, 19320, 80985, 86426, 76943, 166206, 40571, 96055, 63356, 169616, 111522, 101484, 77800, 104896, 146599, 32262, 17055, 126467, 33661, 10452, 157210, 34082, 17778, 159392, 36398, 67623, 78783, 20154, 95654, 5973, 171432, 161354, 5211, 34645, 20006, 75843, 76060, 175560, 146550, 164943, 12263, 139947, 32733, 82901, 94715, 108507, 123485, 98447, 26375, 156589, 125539, 77285, 11574, 121636, 159147, 43495, 39579, 172530, 166815, 61742, 149947, 44857, 163625, 103777, 87100, 68743, 162230, 98380, 165238, 170802, 98464, 83365, 71865, 149008, 118764, 30050, 53052, 144754, 103924, 126689, 61131, 91254, 123336, 71743, 8264, 173818, 106926, 149928, 49337, 2804, 64690, 62787, 85251, 69709, 149326, 96750, 41427, 126983, 38096, 93294, 58779, 82177, 113525, 65558, 155433, 27150, 78899, 134576, 12205, 45084, 166709, 174210, 105879, 42008, 143631, 33851, 169164, 177692, 161953, 144115, 45465, 62308, 615, 131796, 48385, 40080, 138259, 169367, 78788, 66402, 53922, 24165, 94968, 128950, 111837, 163923, 58353, 50790, 2355, 92217, 87905, 152724, 94326, 106265, 153601, 46300, 67771, 51396, 16845, 34418, 106477, 128722, 148490, 114435, 98397, 2095, 67020, 81384, 106975, 159632, 158402, 75156, 81956, 139567, 33143, 38925, 141869, 126902, 3891, 168438, 65975, 44330, 172308, 47828, 7968, 146097, 143838, 46521, 52911, 123238, 27798, 162341, 156797, 1074, 102450, 102259, 101203, 126965, 4642, 63935, 60052, 151811, 24831, 61403, 17995, 148098, 26262, 65635, 20324, 37940, 70823, 116400, 88020, 29338, 59607, 78716, 45999, 140284, 170029, 167553, 160153, 92252, 101464, 156278, 66942, 128398, 82498, 104863, 11325, 157804, 169254, 115003, 114024, 59494, 12005, 154341, 86598, 162330, 165112, 112508, 14927, 69696, 107917, 24518, 7751, 54206, 60504, 171617, 171400, 28215, 138565, 122194, 28552, 55351, 6525, 72693, 88168, 149220, 86188, 130407, 129848, 16177, 68277, 65722, 15288, 74624, 51867, 112837, 128327, 25344, 120566, 174910, 105385, 92462, 55572, 148520, 117387, 107903, 127829, 103038, 18257, 151217, 128635, 92530, 77069, 25856, 22155, 165474, 112096, 86359, 9258, 93148, 39827, 145291, 94990, 6229, 26972, 137999, 64132, 92249, 29789, 57868, 162624, 130435, 107486, 91036, 33956, 110945, 28206, 94753, 51463, 84604, 148655, 47707, 58178, 5222, 148503, 127340, 51668, 130607, 39670, 5770, 86133, 65643, 135142, 12250, 25332, 13953, 41106, 131996, 132140, 153687, 6658, 85542, 28141, 156917, 78807, 98444, 108828, 160425, 167013, 78327, 12644, 43832, 104063, 72486, 139276, 127032, 118889, 163806, 123513, 68656, 139763, 127347, 160912, 87262, 165788, 73095, 143710, 110868, 177301, 112386, 148943, 21237, 82848, 32222, 122290, 68266, 138491, 154338, 69767, 12293, 177822, 52779, 156787, 42543, 63715, 28461, 123213, 50841, 35377, 59880, 158570, 103961, 128640, 170928, 160795, 7543, 151265, 168163, 19692, 152381, 151494, 142247, 1762, 58241, 47205, 26338, 100768, 167628, 155764, 36710, 134273, 88288, 157346, 168628, 18352, 18616, 51388, 84550, 82411, 119122, 66703, 170755, 139746, 96742, 129408, 19235, 135471, 114370, 38682, 145, 109878, 104897, 156037, 140420, 157117, 15307, 120477, 125756, 134363, 11946, 52111, 176912, 26930, 25706, 23366, 28649, 172519, 114467, 142796, 175043, 72759, 168361, 77192, 95442, 163314, 10631, 130512, 124534, 31827, 83054, 66247, 13638, 174, 70327, 73756, 36465, 87825, 106250, 135848, 82768, 47366, 146411, 48815, 91844, 155098, 69692, 139223, 138739, 55504, 135342, 50734, 21626, 78944, 10179, 120603, 109886, 15569, 153141, 1957, 13992, 173033, 172455, 170859, 80986, 61782, 43942, 32303, 96470, 45676, 69926, 119613, 168529, 99128, 166282, 168389, 73325, 112022, 78134, 24869, 51073, 65503, 123906, 116895, 176882, 127932, 146584, 90196, 129927, 117128, 104322, 171910, 123916, 38118, 82080, 121256, 164671, 28521, 25690, 171221, 141018, 66685, 62153, 85479, 150236, 169117, 41219, 124960, 122479, 49074, 26440, 164269, 161215, 37609, 139679, 161746, 121899, 132586, 145669, 106692, 119480, 135824, 173133, 174778, 30872, 100032, 118094, 94896, 15600, 65138, 56468, 59924, 140841, 108918, 89062, 28060, 101368, 126698, 108840, 61683, 145736, 133674, 107167, 59815, 37915, 104458, 115478, 177249, 5975, 142448, 42333, 164199, 134855, 33836, 78931, 38466, 98501, 45731, 64995, 103767, 151841, 154340, 23865, 118489, 16733, 86517, 97010, 158863, 56425, 155212, 122708, 78215, 68904, 125637, 114409, 49680, 112365, 21885, 93929, 90906, 65667, 91421, 99568, 26207, 3898, 58157, 141954, 33664, 7726, 66199, 38649, 67825, 35903, 68299, 22945, 123044, 172290, 7073, 84822, 170732, 11130, 129896, 80996, 84388, 121494, 62564, 161477, 51040, 138826, 172740, 38667, 138107, 115238, 169327, 40473, 74360, 48137, 148899, 165150, 167438, 22912, 96303, 19721, 38937, 149390, 177492, 66580, 86759, 54803, 141090, 176327, 100053, 117159, 23854, 110937, 79053, 148971, 54582, 133644, 64247, 140565, 42661, 16226, 51682, 78794, 111927, 93361, 20141, 40264, 119919, 1129, 54722, 88742, 171461, 157259, 43311, 117450, 36312, 36524, 57970, 54682, 65455, 34752, 14475, 84291, 142333, 141668, 40368, 154573, 99, 125233, 78183, 84870, 17196, 118025, 112360, 172279, 80108, 48105, 78909, 170629, 22187, 29494, 21881, 15672, 62247, 164477, 11480, 100602, 162880, 113485, 23857, 136653, 65526, 93387, 28633, 86657, 166425, 4720, 28853, 30109, 175516, 161527, 20237, 51600, 129289, 36124, 72156, 101812, 107172, 167191, 170540, 47282, 4096, 147007, 44354, 109996, 20021, 118895, 9674, 123720, 41227, 131019, 7801, 60818, 45846, 25643, 170864, 141898, 160999, 148458, 50394, 161744, 36729, 113987, 167662, 88185, 147229, 828, 1825, 167699, 33792, 46463, 74320, 174654, 11115, 171463, 147297, 167969, 160107, 133989, 174232, 163031, 148694, 122751, 79753, 158749, 1190, 82085, 144614, 120373, 75816, 70333, 50706, 979, 152157, 39401, 85232, 45972, 125048, 146314, 10712, 176468, 129804, 24445, 167038, 82879, 106297, 171969, 106905, 56182, 118710, 7834, 59602, 119717, 63977, 146507, 166613, 29829, 172798, 132885, 6238, 132785, 6644, 145337, 149432, 10480, 163792, 154275, 31427, 73780, 147190, 158044, 73503, 63136, 56653, 135573, 10245, 51633, 11912, 135321, 150412, 147027, 62731, 85902, 77419, 170135, 94157, 89094, 151824, 33461, 29550, 169872, 83168, 62004, 177566, 89208, 83550, 85426, 116513, 42728, 19165, 126578, 139536, 20408, 79386, 126952, 55634, 35264, 106345, 23682, 121525, 116316, 102027, 59749, 140934, 77668, 163698, 44287, 19517, 116494, 134238, 126637, 20149, 133604, 3802, 167301, 175194, 121979, 122647, 23852, 35075, 140080, 139559, 163822, 108618, 134785, 7798, 35460, 153802, 125844, 44196, 152222, 131506, 103781, 94129, 18133, 13955, 153175, 82397, 55824, 102406, 71507, 59057, 23284, 159601, 77233, 35948, 66906, 44379, 99842, 48901, 37277, 24093, 38775, 116888, 111030, 33112, 28486, 92788, 5750, 100084, 151583, 82763, 111393, 128600, 5965, 20532, 53058, 38932, 20729, 163185, 132131, 27637, 154404, 76307, 71699, 139685, 154456, 165730, 40489, 129278, 106667, 25528, 135469, 168699, 61996, 85203, 9984, 162652, 26460, 32032, 82414, 169020, 17005, 105475, 24653, 142469, 55875, 168282, 38901, 11947, 166970, 176715, 153266, 61841, 87352, 87520, 33048, 93377, 98485, 156820, 40876, 84028, 20371, 66988, 109, 147615, 18125, 164845, 148851, 56232, 82873, 96157, 144282, 110439, 110917, 115843, 19890, 67806, 82859, 117949, 21953, 144039, 172363, 169935, 43688, 132141, 116869, 68875, 103563, 48611, 32730, 148663, 136019]",1421,"[4.0, 4.0, 4.0, 5.0, 3.0, 3.0, 5.0, 5.0, 5.0, 3.0, 4.0, 3.0, 4.0, 4.0, 4.0, 5.0, 5.0, 4.0, 4.0, 5.0, 4.0, 5.0, 5.0, 5.0, 5.0, 5.0, 5.0, 4.0, 4.0, 5.0, 5.0, 4.0, 5.0, 5.0, 3.0, 5.0, 3.0, 5.0, 3.0, 5.0, 4.0, 5.0, 5.0, 5.0, 4.0, 5.0, 5.0, 5.0, 5.0, 5.0, 5.0, 4.0, 4.0, 5.0, 3.0, 5.0, 5.0, 5.0, 3.0, 4.0, 4.0, 5.0, 5.0, 3.0, 4.0, 5.0, 5.0, 4.0, 5.0, 5.0, 5.0, 5.0, 5.0, 5.0, 4.0, 5.0, 5.0, 5.0, 5.0, 5.0, 4.0, 5.0, 4.0, 5.0, 5.0, 5.0, 5.0, 4.0, 4.0, 4.0, 5.0, 5.0, 5.0, 3.0, 3.0, 5.0, 5.0, 5.0, 4.0, 5.0, 5.0, 5.0, 5.0, 4.0, 5.0, 4.0, 4.0, 5.0, 4.0, 5.0, 4.0, 4.0, 4.0, 5.0, 5.0, 4.0, 4.0, 4.0, 5.0, 5.0, 5.0, 4.0, 5.0, 5.0, 5.0, 4.0, 4.0, 5.0, 5.0, 5.0, 4.0, 4.0, 5.0, 5.0, 5.0, 5.0, 4.0, 5.0, 5.0, 4.0, 4.0, 4.0, 5.0, 5.0, 5.0, 5.0, 4.0, 4.0, 5.0, 5.0, 3.0, 5.0, 5.0, 4.0, 4.0, 5.0, 5.0, 4.0, 5.0, 4.0, 4.0, 4.0, 5.0, 5.0, 5.0, 3.0, 5.0, 5.0, 5.0, 4.0, 5.0, 5.0, 5.0, 5.0, 4.0, 5.0, 5.0, 5.0, 4.0, 4.0, 4.0, 4.0, 5.0, 5.0, 4.0, 5.0, 5.0, 4.0, 5.0, 5.0, 5.0, 5.0, 5.0, 5.0, 5.0, 5.0, 5.0, 5.0, 5.0, 5.0, 5.0, 5.0, 5.0, 5.0, 5.0, 5.0, 5.0, 5.0, 5.0, 5.0, 5.0, 5.0, 5.0, 5.0, 5.0, 4.0, 4.0, 4.0, 4.0, 5.0, 5.0, 4.0, 5.0, 5.0, 5.0, 5.0, 4.0, 4.0, 3.0, 5.0, 5.0, 5.0, 5.0, 4.0, 5.0, 4.0, 5.0, 5.0, 4.0, 5.0, 5.0, 5.0, 5.0, 4.0, 5.0, 5.0, 5.0, 4.0, 5.0, 5.0, 5.0, 5.0, 5.0, 4.0, 5.0, 5.0, 5.0, 5.0, 5.0, 5.0, 5.0, 5.0, 3.0, 5.0, 3.0, 4.0, 5.0, 4.0, 5.0, 5.0, 5.0, 5.0, 5.0, 5.0, 4.0, 5.0, 5.0, 4.0, 5.0, 4.0, 4.0, 5.0, 5.0, 4.0, 5.0, 5.0, 4.0, 5.0, 5.0, 5.0, 5.0, 5.0, 4.0, 4.0, 5.0, 5.0, 5.0, 5.0, 5.0, 5.0, 5.0, 4.0, 4.0, 4.0, 3.0, 5.0, 5.0, 5.0, 4.0, 5.0, 5.0, 5.0, 5.0, 5.0, 4.0, 5.0, 5.0, 5.0, 5.0, 5.0, 4.0, 4.0, 5.0, 5.0, 5.0, 5.0, 5.0, 5.0, 5.0, 4.0, 5.0, 4.0, 5.0, 5.0, 5.0, 5.0, 4.0, 5.0, 5.0, 5.0, 5.0, 5.0, 5.0, 5.0, 5.0, 5.0, 5.0, 3.0, 4.0, 5.0, 5.0, 5.0, 5.0, 5.0, 5.0, 5.0, 5.0, 5.0, 5.0, 5.0, 5.0, 5.0, 5.0, 5.0, 5.0, 5.0, 5.0, 5.0, 5.0, 5.0, 5.0, 5.0, 5.0, 5.0, 5.0, 5.0, 5.0, 5.0, 5.0, 5.0, 5.0, 5.0, 5.0, 5.0, 5.0, 5.0, 5.0, 5.0, 5.0, 5.0, 5.0, 5.0, 5.0, 5.0, 5.0, 5.0, 5.0, 4.0, 5.0, 5.0, 5.0, 5.0, 4.0, 4.0, 5.0, 5.0, 5.0, 5.0, 3.0, 5.0, 5.0, 5.0, 5.0, 5.0, 5.0, 5.0, 4.0, 5.0, 4.0, 5.0, 5.0, 5.0, 5.0, 5.0, 5.0, 4.0, 5.0, 5.0, 5.0, 5.0, 5.0, 4.0, 4.0, 5.0, 5.0, 5.0, 5.0, 5.0, 5.0, 5.0, 5.0, 4.0, 5.0, 4.0, 5.0, 4.0, 5.0, 5.0, 5.0, 5.0, 4.0, 5.0, 5.0, 5.0, 4.0, 5.0, 5.0, 5.0, 4.0, 5.0, 5.0, 5.0, 5.0, 5.0, 5.0, 5.0, 5.0, 5.0, 4.0, 5.0, 5.0, 5.0, 5.0, 5.0, 5.0, 5.0, 5.0, 5.0, 5.0, 5.0, 5.0, 5.0, 5.0, 5.0, 4.0, 5.0, 5.0, 5.0, 5.0, 5.0, 5.0, 4.0, 4.0, 5.0, 5.0, 5.0, 4.0, 5.0, 5.0, 5.0, 5.0, 5.0, 5.0, 5.0, 5.0, 5.0, 5.0, 0.0, 5.0, 5.0, 5.0, 5.0, 4.0, 3.0, 4.0, 3.0, 5.0, 5.0, 4.0, 5.0, 4.0, 5.0, 5.0, 5.0, 5.0, 5.0, 5.0, 4.0, 5.0, 5.0, 5.0, 5.0, 4.0, 4.0, 5.0, 5.0, 5.0, 5.0, 5.0, 5.0, 5.0, 5.0, 4.0, 5.0, 5.0, 4.0, 5.0, 4.0, 5.0, 5.0, 5.0, 4.0, 4.0, 5.0, 5.0, 5.0, 4.0, 5.0, 5.0, 4.0, 5.0, 5.0, 5.0, 5.0, 5.0, 5.0, 3.0, 4.0, 5.0, 5.0, 4.0, 4.0, 5.0, 4.0, 5.0, 5.0, 5.0, 4.0, 5.0, 5.0, 5.0, 5.0, 5.0, 4.0, 5.0, 4.0, 5.0, 4.0, 5.0, 5.0, 4.0, 5.0, 4.0, 5.0, 4.0, 5.0, 5.0, 5.0, 5.0, 5.0, 5.0, 5.0, 5.0, 5.0, 5.0, 5.0, 5.0, 4.0, 5.0, 5.0, 5.0, 4.0, 4.0, 5.0, 5.0, 4.0, 5.0, 5.0, 4.0, 5.0, 5.0, 5.0, 5.0, 5.0, 4.0, 5.0, 5.0, 4.0, 5.0, 4.0, 4.0, 5.0, 5.0, 5.0, 4.0, 5.0, 5.0, 5.0, 5.0, 5.0, 3.0, 5.0, 5.0, 5.0, 5.0, 5.0, 4.0, 5.0, 5.0, 5.0, 5.0, 5.0, 5.0, 4.0, 5.0, 5.0, 5.0, 5.0, 5.0, 5.0, 5.0, 4.0, 5.0, 5.0, 5.0, 5.0, 5.0, 5.0, 5.0, 5.0, 4.0, 5.0, 5.0, 5.0, 5.0, 5.0, 5.0, 5.0, 5.0, 5.0, 5.0, 5.0, 5.0, 5.0, 5.0, 4.0, 5.0, 5.0, 5.0, 5.0, 5.0, 5.0, 5.0, 5.0, 5.0, 5.0, 5.0, 5.0, 5.0, 4.0, 5.0, 4.0, 5.0, 5.0, 5.0, 5.0, 5.0, 5.0, 5.0, 5.0, 5.0, 5.0, 4.0, 5.0, 4.0, 5.0, 5.0, 5.0, 5.0, 4.0, 5.0, 5.0, 5.0, 5.0, 5.0, 5.0, 5.0, 5.0, 5.0, 5.0, 5.0, 5.0, 5.0, 4.0, 5.0, 4.0, 5.0, 5.0, 4.0, 5.0, 5.0, 5.0, 5.0, 5.0, 4.0, 5.0, 4.0, 5.0, 4.0, 5.0, 5.0, 5.0, 5.0, 5.0, 5.0, 4.0, 5.0, 5.0, 5.0, 5.0, 5.0, 4.0, 5.0, 5.0, 4.0, 5.0, 5.0, 5.0, 5.0, 5.0, 5.0, 5.0, 4.0, 5.0, 5.0, 4.0, 5.0, 5.0, 5.0, 5.0, 5.0, 5.0, 5.0, 5.0, 5.0, 5.0, 5.0, 5.0, 5.0, 5.0, 5.0, 4.0, 5.0, 5.0, 4.0, 5.0, 5.0, 5.0, 5.0, 5.0, 5.0, 5.0, 5.0, 5.0, 5.0, 5.0, 5.0, 5.0, 5.0, 5.0, 4.0, 5.0, 5.0, 4.0, 5.0, 5.0, 4.0, 5.0, 5.0, 3.0, 4.0, 5.0, 5.0, 5.0, 5.0, 4.0, 0.0, 5.0, 5.0, 5.0, 5.0, 5.0, 5.0, 5.0, 5.0, 5.0, 5.0, 5.0, 5.0, 5.0, 5.0, 5.0, 5.0, 5.0, 5.0, 5.0, 4.0, 5.0, 5.0, 5.0, 5.0, 5.0, 4.0, 4.0, 5.0, 5.0, 5.0, 5.0, 5.0, 5.0, 5.0, 5.0, 5.0, 5.0, 4.0, 5.0, 5.0, 5.0, 5.0, 5.0, 5.0, 5.0, 5.0, 5.0, 5.0, 5.0, 4.0, 5.0, 5.0, 5.0, 5.0, 5.0, 5.0, 4.0, 5.0, 5.0, 4.0, 5.0, 5.0, 4.0, 4.0, 5.0, 4.0, 5.0, 5.0, 5.0, 5.0, 5.0, 5.0, 4.0, 5.0, 5.0, 5.0, 5.0, 5.0, 5.0, 4.0, 5.0, 5.0, 5.0, 5.0, 5.0, 5.0, 5.0, 5.0, 4.0, 5.0, 5.0, 5.0, 5.0, 5.0, 5.0, 5.0, 5.0, 5.0, 5.0, 5.0, 4.0, 5.0, 5.0, 5.0, 4.0, 5.0, 5.0, 4.0, 5.0, 5.0, 5.0, 0.0, 5.0, 5.0, 4.0, 4.0, 5.0, 4.0, 4.0, 5.0, 5.0, 5.0, 5.0, 5.0, 5.0, 5.0, 5.0, 5.0, 5.0, 5.0, 5.0, 5.0, 5.0, 5.0, 5.0, 5.0, 5.0, 5.0, 5.0, 5.0, 5.0, 4.0, 5.0, 5.0, 5.0, 4.0, 5.0, 5.0, 4.0, 5.0, 4.0, 5.0, 4.0, 4.0, 5.0, 5.0, 5.0, 5.0, 4.0, 5.0, 5.0, 4.0, 5.0, 4.0, 5.0, 5.0, 5.0, 5.0, 0.0, 5.0, 5.0, 5.0, 5.0, 5.0, 5.0, 5.0, 5.0, 4.0, 5.0, 5.0, 5.0, 5.0, 4.0, 5.0, 5.0, 5.0, 5.0, 5.0, 5.0, 5.0, 5.0, 5.0, 5.0, 5.0, 5.0, 5.0, 4.0, 5.0, 5.0, 5.0, 5.0, 5.0, 4.0, 4.0, 5.0, 4.0, 4.0, 4.0, 5.0, 5.0, 5.0, 5.0, 5.0, 4.0, 5.0, 5.0, 5.0, 5.0, 5.0, 5.0, 5.0, 5.0, 5.0, 4.0, 5.0, 5.0, 5.0, 4.0, 5.0, 5.0, 5.0, 5.0, 5.0, 5.0, 5.0, 5.0, 5.0, 5.0, 4.0, 5.0, 5.0, 5.0, 5.0, 5.0, 5.0, 4.0, 5.0, 5.0, 5.0, 4.0, 4.0, 5.0, 5.0, 5.0, 5.0, 5.0, 5.0, 5.0, 5.0, 5.0, 5.0, 5.0, 4.0, 5.0, 5.0, 5.0, 5.0, 5.0, 5.0, 5.0, 5.0, 5.0, 5.0, 5.0, 4.0, 5.0, 4.0, 5.0, 5.0, 5.0, 4.0, 5.0, 5.0, 5.0, 5.0, 5.0, 5.0, 5.0, 5.0, 5.0, 5.0, 5.0, 5.0, 5.0, 5.0, 5.0, 4.0, 5.0, 5.0, 5.0, 4.0, 5.0, 5.0, 5.0, 5.0, 5.0, 5.0, 5.0, 5.0, 5.0, 5.0, 5.0, 5.0, 5.0, 5.0, 5.0, 5.0, 5.0, 5.0, 5.0, 5.0, 5.0, 5.0, 4.0, 5.0, 5.0, 5.0, 5.0, 5.0, 5.0, 5.0, 5.0, 5.0, 5.0, 5.0, 5.0, 5.0, 4.0, 5.0, 5.0, 5.0, 5.0, 5.0, 5.0, 5.0, 5.0, 5.0, 5.0, 4.0, 5.0, 5.0, 5.0, 4.0, 5.0, 5.0, 5.0, 5.0, 5.0, 5.0, 5.0, 5.0, 5.0, 5.0, 5.0, 4.0, 4.0, 5.0, 5.0, 4.0, 4.0, 5.0, 5.0, 5.0, 5.0, 4.0, 5.0, 5.0, 5.0, 5.0, 5.0, 5.0, 5.0, 5.0, 5.0, 5.0, 5.0, 5.0, 5.0, 5.0, 5.0, 5.0, 5.0, 5.0, 5.0, 5.0, 5.0, 5.0, 5.0, 5.0, 5.0, 4.0, 4.0, 5.0, 5.0, 5.0, 5.0, 5.0, 5.0, 5.0, 5.0, 5.0, 5.0, 5.0, 5.0, 5.0, 4.0, 5.0, 5.0, 4.0, 5.0, 5.0, 5.0, 5.0, 5.0, 5.0, 5.0, 5.0, 5.0, 4.0, 5.0, 5.0, 5.0, 5.0, 0.0, 5.0, 5.0, 5.0, 5.0, 4.0, 5.0, 5.0, 5.0, 5.0, 4.0, 5.0, 5.0, 5.0, 5.0, 5.0, 5.0, 5.0, 5.0, 5.0, 5.0, 4.0, 5.0, 5.0, 5.0, 5.0, 5.0, 5.0, 5.0, 5.0, 5.0, 5.0, 5.0, 5.0, 5.0, 5.0, 4.0, 5.0, 5.0, 5.0, 5.0, 5.0, 5.0, 5.0, 5.0, 5.0, 5.0, 5.0, 5.0, 5.0, 5.0, 4.0, 5.0, 5.0, 5.0, 5.0, 5.0, 5.0, 5.0, 5.0, 5.0, 5.0, 4.0, 5.0, 5.0, 4.0, 5.0, 5.0, 5.0, 5.0, 5.0, 5.0, 5.0, 4.0, 5.0, 5.0, 5.0, 4.0, 5.0, 5.0, 5.0, 5.0, 5.0, 5.0, 5.0, 5.0, 5.0, 5.0, 5.0, 5.0, 4.0, 5.0, 5.0, 5.0, 5.0, 5.0, 5.0, 5.0, 5.0, 5.0, 5.0, 5.0, 5.0, 5.0, 5.0, 5.0, 5.0, 5.0, 5.0, 5.0, 5.0, 5.0, 5.0, 5.0, 5.0, 5.0, 5.0, 5.0, 5.0, 5.0, 5.0, 5.0, 5.0, 5.0, 4.0, 5.0, 5.0, 5.0, 5.0, 4.0, 5.0, 5.0, 5.0, 5.0, 5.0, 5.0, 5.0, 5.0, 5.0, 5.0, 5.0, 5.0, 5.0, 5.0, 5.0, 5.0, 5.0, 5.0, 5.0, 5.0, 5.0, 5.0, 5.0, 5.0, 5.0, 5.0, 5.0, 5.0, 5.0, 5.0, 5.0]",1421
11163,"[10, 0, 0, 5, 3, 0, 0, 0, 0, 8, 0, 0, 0, 1, 0, 0, 0, 0, 0, 0, 1, 0, 0, 0, 0, 0, 0, 3, 7, 0, 0, 0, 0, 4, 0, 0, 1, 0, 1, 0, 0, 0, 2, 1, 0, 0, 2, 0, 0, 0, 0, 0, 0, 1, 0, 1, 1, 3]","[149739, 41115, 78741, 77442, 167282, 176868, 17891, 51752, 146901, 167431, 157752, 128535, 128693, 22975, 80978, 2949]",16,"[0.0, 5.0, 5.0, 5.0, 2.0, 5.0, 5.0, 5.0, 5.0, 5.0, 5.0, 5.0, 5.0, 5.0, 0.0, 5.0]",16
3394,"[12, 1, 0, 3, 5, 0, 0, 2, 0, 15, 7, 1, 0, 0, 0, 0, 2, 0, 0, 1, 2, 1, 0, 6, 0, 0, 3, 2, 6, 0, 0, 0, 0, 12, 0, 0, 7, 6, 1, 0, 0, 2, 5, 4, 1, 0, 3, 0, 0, 1, 0, 0, 0, 3, 1, 2, 1, 1]","[114480, 177662, 141569, 170341, 108289, 90536, 92292, 51701, 26022, 32710, 49137, 113656, 71011, 15775, 93778, 146854, 18001, 21342, 99787, 99098, 173101, 32845, 44551, 10143, 72152, 42155, 29589, 174775, 51669, 96443, 153456, 47791, 30448, 147344, 1334, 91374, 22265]",37,"[5.0, 5.0, 5.0, 5.0, 5.0, 5.0, 4.0, 5.0, 5.0, 5.0, 5.0, 4.0, 5.0, 5.0, 5.0, 5.0, 5.0, 4.0, 5.0, 5.0, 5.0, 5.0, 5.0, 5.0, 5.0, 5.0, 5.0, 5.0, 5.0, 5.0, 5.0, 5.0, 5.0, 5.0, 0.0, 3.0, 3.0]",37
9830,"[3, 0, 0, 6, 2, 0, 0, 0, 0, 8, 0, 0, 0, 0, 1, 0, 0, 0, 0, 0, 1, 2, 0, 2, 0, 0, 1, 0, 4, 1, 0, 1, 0, 3, 0, 1, 5, 0, 1, 0, 1, 0, 0, 6, 0, 0, 1, 1, 0, 0, 0, 0, 0, 1, 0, 4, 0, 3]","[82067, 136244, 142371, 150165, 131466, 91675, 87443, 39101, 41215, 143195, 31295, 100133, 19850, 6621, 119689, 92898]",16,"[5.0, 5.0, 5.0, 4.0, 5.0, 5.0, 5.0, 5.0, 5.0, 3.0, 5.0, 2.0, 0.0, 0.0, 4.0, 5.0]",16
3733,"[23, 0, 0, 7, 16, 0, 0, 3, 0, 14, 0, 3, 0, 0, 3, 0, 11, 0, 0, 2, 6, 3, 0, 2, 1, 0, 0, 3, 15, 3, 0, 0, 0, 11, 0, 5, 4, 1, 1, 0, 0, 1, 12, 12, 0, 0, 8, 0, 0, 0, 0, 0, 0, 7, 2, 13, 0, 6]","[41204, 81311, 54293, 27936, 177550, 117738, 82328, 170734, 90191, 139984, 135986, 157656, 112272, 130002, 58339, 150647, 150083, 128981, 104967, 136245, 1614, 160358, 34489, 150138, 84460, 176287, 174909, 6767, 159990, 28171, 76012, 16871, 157521, 98309, 56431, 11703, 105056, 32737, 142727, 63042, 62229, 174732, 71156, 148865, 67762, 46796, 91485, 143673, 90890, 127239, 163923, 5324, 41109, 109008, 156391, 87664, 117817, 166117, 77576, 94702]",60,"[5.0, 5.0, 5.0, 3.0, 5.0, 0.0, 4.0, 4.0, 4.0, 5.0, 5.0, 4.0, 2.0, 5.0, 3.0, 4.0, 5.0, 4.0, 4.0, 4.0, 4.0, 4.0, 5.0, 5.0, 3.0, 3.0, 5.0, 5.0, 4.0, 5.0, 5.0, 5.0, 4.0, 4.0, 5.0, 5.0, 5.0, 5.0, 4.0, 4.0, 4.0, 5.0, 5.0, 5.0, 4.0, 5.0, 5.0, 3.0, 5.0, 5.0, 5.0, 5.0, 5.0, 5.0, 5.0, 5.0, 5.0, 5.0, 4.0, 1.0]",60
22512,"[6, 0, 0, 2, 2, 0, 0, 0, 0, 4, 1, 1, 0, 0, 0, 0, 1, 0, 0, 0, 0, 0, 0, 0, 0, 0, 0, 1, 3, 0, 0, 0, 0, 4, 0, 1, 1, 0, 1, 0, 0, 2, 1, 2, 0, 0, 0, 0, 0, 0, 0, 0, 0, 1, 0, 0, 1, 1]","[151910, 79559, 66298, 137192, 48236, 175726, 72356]",7,"[4.0, 4.0, 4.0, 4.0, 5.0, 5.0, 5.0]",7
16222,"[6, 0, 0, 1, 3, 0, 0, 1, 0, 5, 0, 0, 0, 0, 0, 0, 4, 0, 0, 1, 2, 0, 0, 0, 0, 0, 1, 0, 3, 2, 0, 0, 0, 2, 0, 0, 0, 0, 1, 0, 0, 1, 2, 1, 0, 0, 3, 0, 0, 0, 0, 0, 0, 0, 0, 3, 1, 0]","[17781, 28004, 137395, 96335, 23926, 89947, 111127, 172330, 176345, 27380, 60537, 59564, 26793, 124230, 131426]",15,"[5.0, 5.0, 5.0, 5.0, 1.0, 5.0, 5.0, 5.0, 5.0, 5.0, 5.0, 4.0, 4.0, 5.0, 1.0]",15
1768,"[34, 0, 0, 8, 34, 0, 0, 0, 2, 31, 2, 1, 0, 0, 2, 0, 25, 0, 0, 6, 7, 0, 0, 4, 1, 0, 0, 3, 14, 1, 0, 0, 0, 23, 0, 3, 15, 6, 14, 0, 0, 4, 30, 13, 1, 1, 6, 5, 0, 5, 0, 1, 0, 8, 6, 17, 2, 15]","[7134, 100266, 44713, 111735, 173184, 159561, 125236, 107335, 122452, 162900, 131437, 90606, 151473, 116137, 162910, 14890, 66396, 90578, 33364, 51468, 28096, 174964, 10394, 119791, 81126, 13961, 137945, 35689, 68127, 157149, 136935, 19907, 35794, 172358, 21401, 171195, 54563, 48787, 69577, 124125, 84545, 67291, 19297, 21213, 50992, 68250, 119404, 109502, 683, 134452, 42532, 72092, 95442, 33426, 171868, 136274, 135923, 148160, 19812, 147374, 25715, 118437, 65578, 53907, 167844, 29762, 173296, 70436, 110941, 121513, 154349, 161816, 44684, 124783, 5901, 46758, 61725, 128970, 15873, 60480, 156545, 118418, 76348, 15171, 50924, 76463, 109086, 148114, 97415, 93616, 92013, 111046, 143345]",93,"[4.0, 5.0, 3.0, 5.0, 5.0, 4.0, 3.0, 4.0, 5.0, 5.0, 5.0, 5.0, 5.0, 5.0, 2.0, 4.0, 5.0, 4.0, 4.0, 5.0, 3.0, 5.0, 5.0, 4.0, 5.0, 5.0, 5.0, 5.0, 4.0, 4.0, 5.0, 5.0, 4.0, 5.0, 4.0, 5.0, 5.0, 4.0, 5.0, 5.0, 3.0, 5.0, 5.0, 3.0, 4.0, 5.0, 5.0, 4.0, 4.0, 5.0, 4.0, 4.0, 5.0, 3.0, 5.0, 5.0, 4.0, 5.0, 5.0, 5.0, 5.0, 3.0, 5.0, 5.0, 5.0, 5.0, 5.0, 5.0, 5.0, 5.0, 5.0, 4.0, 4.0, 5.0, 5.0, 5.0, 5.0, 5.0, 5.0, 5.0, 5.0, 5.0, 5.0, 5.0, 5.0, 4.0, 0.0, 5.0, 5.0, 3.0, 5.0, 5.0, 5.0]",93
2556,"[103, 2, 0, 33, 52, 0, 1, 5, 2, 88, 8, 6, 1, 0, 3, 0, 31, 0, 0, 9, 13, 7, 3, 5, 2, 0, 7, 10, 40, 6, 0, 0, 1, 75, 0, 3, 25, 13, 17, 0, 0, 4, 41, 38, 4, 1, 32, 2, 0, 4, 1, 2, 0, 26, 5, 22, 11, 26]","[27561, 28650, 164441, 108512, 106148, 11073, 15158, 163678, 76898, 117992, 163671, 147765, 150747, 57667, 62652, 154884, 167743, 31827, 90617, 66996, 81738, 43748, 111119, 93328, 45632, 151446, 8003, 132601, 64055, 76830, 92403, 72352, 34102, 167753, 164279, 117506, 124230, 114430, 32845, 167355, 99052, 49753, 13886, 95338, 6890, 164537, 90147, 82188, 11908, 157740, 35801, 61749, 10422, 100576, 86922, 159792, 21617, 129035, 111341, 5269, 105803, 10770, 6745, 24565, 118001, 93685, 21325, 18988, 1446, 36782, 54613, 92697, 143795, 99787, 73956, 30818, 38394, 30590, 172742, 119529, 46468, 100923, 45418, 122995, 162349, 38708, 87868, 16912, 130677, 37765, 107661, 178132, 147708, 166792, 33787, 110509, 69281, 89188, 13216, 41400, 8735, 100654, 3665, 157480, 90556, 164474, 59800, 92318, 14150, 983, 89113, 135623, 17747, 62117, 84408, 171044, 16347, 92292, 148468, 49550, 11189, 44210, 154630, 126208, 143024, 127172, 146835, 61366, 60373, 7567, 30586, 105603, 112639, 13175, 122279, 27749, 5741, 132741, 101734, 16602, 132322, 68823, 129384, 102581, 80924, 45835, 170188, 79338, 45594, 142634, 136051, 128350, 150854, 96908, 146509, 6801, 176014, 6004, 109281, 137905, 76611, 38986, 102710, 31131, 76460, 35380, 168906, 28840, 108332, 84699, 159544, 92217, 13730, 93616, 58687, 62820, 61238, 32720, 85151, 9516, 155922, 92769, 23003, 82187, 176352, 61307, 58502, 174165, 163371, 90899, 18884, 97947, 6549, 172997, 68893, 127317, 73150, 143710, 95119, 123251, 137933, 142628, 106973, 98791, 11314, 71807, 40736, 115598, 66613, 51719, 172037, 116468, 85542, 169470, 138846, 66169, 124549, 56077, 36646]",219,"[4.0, 4.0, 5.0, 3.0, 4.0, 5.0, 5.0, 5.0, 4.0, 3.0, 5.0, 5.0, 5.0, 5.0, 0.0, 5.0, 5.0, 0.0, 5.0, 5.0, 5.0, 5.0, 5.0, 5.0, 5.0, 5.0, 5.0, 4.0, 3.0, 4.0, 4.0, 5.0, 3.0, 0.0, 5.0, 5.0, 5.0, 5.0, 5.0, 5.0, 5.0, 0.0, 4.0, 5.0, 4.0, 5.0, 5.0, 5.0, 4.0, 5.0, 5.0, 5.0, 5.0, 5.0, 4.0, 5.0, 5.0, 0.0, 5.0, 5.0, 5.0, 5.0, 5.0, 5.0, 5.0, 5.0, 5.0, 5.0, 5.0, 4.0, 5.0, 5.0, 5.0, 5.0, 5.0, 5.0, 5.0, 5.0, 5.0, 5.0, 5.0, 5.0, 5.0, 5.0, 5.0, 5.0, 5.0, 5.0, 5.0, 5.0, 5.0, 5.0, 5.0, 5.0, 5.0, 5.0, 5.0, 5.0, 5.0, 5.0, 5.0, 5.0, 5.0, 5.0, 2.0, 0.0, 5.0, 4.0, 5.0, 5.0, 5.0, 5.0, 5.0, 5.0, 4.0, 5.0, 4.0, 5.0, 5.0, 4.0, 5.0, 5.0, 5.0, 0.0, 4.0, 5.0, 5.0, 5.0, 5.0, 5.0, 5.0, 5.0, 5.0, 5.0, 5.0, 5.0, 5.0, 4.0, 5.0, 5.0, 3.0, 5.0, 5.0, 5.0, 5.0, 5.0, 5.0, 5.0, 5.0, 5.0, 5.0, 5.0, 5.0, 5.0, 5.0, 5.0, 5.0, 5.0, 5.0, 5.0, 4.0, 5.0, 5.0, 5.0, 5.0, 5.0, 5.0, 5.0, 4.0, 4.0, 5.0, 5.0, 5.0, 5.0, 5.0, 4.0, 4.0, 5.0, 4.0, 3.0, 5.0, 0.0, 5.0, 5.0, 5.0, 5.0, 5.0, 5.0, 5.0, 5.0, 5.0, 5.0, 5.0, 5.0, 5.0, 5.0, 5.0, 5.0, 5.0, 4.0, 5.0, 5.0, 5.0, 5.0, 5.0, 4.0, 5.0, 5.0, 5.0, 5.0, 5.0, 5.0, 5.0, 5.0, 5.0, 5.0, 5.0, 5.0, 5.0]",219
15718,"[7, 0, 0, 1, 4, 0, 0, 1, 0, 3, 1, 0, 0, 0, 0, 0, 0, 0, 0, 1, 0, 0, 0, 1, 0, 0, 1, 2, 1, 0, 0, 0, 0, 3, 0, 0, 1, 2, 0, 0, 0, 0, 2, 2, 0, 0, 0, 0, 0, 0, 0, 1, 0, 2, 2, 1, 0, 3]","[162351, 16539, 124475, 156805, 128124, 22265, 144351, 164861, 37706, 21273, 142721]",11,"[5.0, 5.0, 5.0, 5.0, 5.0, 0.0, 5.0, 5.0, 5.0, 5.0, 5.0]",11
9671,"[0, 0, 0, 1, 3, 0, 0, 0, 0, 4, 0, 0, 0, 0, 0, 0, 1, 0, 0, 0, 1, 1, 0, 1, 0, 0, 0, 0, 1, 0, 0, 0, 0, 1, 0, 0, 1, 1, 3, 0, 0, 0, 2, 0, 0, 0, 1, 0, 0, 0, 0, 0, 0, 1, 0, 0, 0, 2]","[166441, 41295, 26928, 114172, 74052, 146578, 6486]",7,"[5.0, 5.0, 5.0, 4.0, 5.0, 5.0, 5.0]",7
4145,"[9, 0, 0, 1, 3, 0, 0, 0, 0, 5, 0, 1, 0, 0, 1, 0, 6, 0, 0, 0, 0, 0, 0, 1, 0, 0, 0, 1, 6, 0, 0, 0, 0, 6, 0, 0, 0, 1, 2, 0, 0, 1, 1, 3, 0, 0, 4, 1, 0, 2, 0, 1, 0, 2, 0, 3, 1, 1]","[112272, 75425, 107671, 52779, 68041, 11283, 89444, 74426, 54293, 30125, 90862, 32952, 130904, 20032, 1750, 79130]",16,"[5.0, 5.0, 5.0, 5.0, 3.0, 5.0, 5.0, 5.0, 5.0, 5.0, 5.0, 5.0, 5.0, 5.0, 5.0, 5.0]",16
4039,"[51, 1, 0, 21, 39, 1, 0, 8, 1, 54, 4, 7, 1, 1, 1, 0, 26, 0, 0, 3, 20, 4, 0, 13, 3, 0, 7, 6, 27, 0, 1, 0, 0, 54, 0, 6, 17, 8, 21, 1, 0, 3, 33, 28, 0, 1, 20, 6, 0, 8, 1, 2, 0, 21, 5, 24, 8, 16]","[13425, 3814, 38111, 48638, 149048, 156290, 15143, 93964, 25328, 106014, 103017, 9204, 106577, 129983, 56686, 59121, 122091, 136920, 121608, 80481, 29638, 38432, 37047, 149244, 137184, 106352, 56047, 10774, 164043, 126736, 11324, 86596, 21618, 8487, 130682, 130008, 105195, 49907, 101563, 59185, 101606, 78302, 119666, 79029, 120869, 161372, 83077, 125767, 29797, 130317, 121378, 71986, 15450, 107688, 10899, 79265, 9249, 52248, 113616, 56265, 116891, 143117, 35921, 115844, 98041, 15173, 115658, 75309, 38146, 84330, 114978, 2756, 129822, 27953, 97918, 75439, 173269, 105272, 117477, 35402, 98825, 136910, 1707, 163923, 7338, 50909, 147344, 41864, 37533, 33337, 97738, 164395, 103294, 4091, 82291, 100455, 6999, 37359, 70039, 152364, 105011, 12087, 12226, 129925, 123847, 2263, 97512, 83168, 115453, 140711, 92121, 15225, 134565, 129903, 161785, 15582, 69903, 138842, 124296, 115443, 138712, 128649, 139097, 73413, 165421, 57438, 132721, 153089, 126456, 114991, 74943, 14447, 52937, 105478, 78348, 124414, 156978, 46149, 134610, 96769, 75261, 139600, 55238, 78887, 35380, 85162, 2404, 36155, 74159, 132059, 124471, 54631, 23001, 177826, 140976, 100608, 79532, 139655, 81462, 13489, 35439, 171328, 94394, 53707, 62519, 132947, 83599, 120513, 129439]",169,"[5.0, 1.0, 5.0, 4.0, 5.0, 5.0, 5.0, 5.0, 5.0, 5.0, 5.0, 5.0, 5.0, 5.0, 5.0, 5.0, 5.0, 5.0, 5.0, 5.0, 5.0, 5.0, 5.0, 5.0, 4.0, 5.0, 5.0, 5.0, 5.0, 5.0, 5.0, 5.0, 5.0, 5.0, 5.0, 5.0, 5.0, 4.0, 5.0, 5.0, 5.0, 5.0, 5.0, 5.0, 5.0, 5.0, 5.0, 5.0, 5.0, 5.0, 5.0, 5.0, 5.0, 5.0, 5.0, 5.0, 5.0, 5.0, 5.0, 5.0, 5.0, 5.0, 5.0, 5.0, 5.0, 5.0, 5.0, 5.0, 5.0, 5.0, 5.0, 3.0, 5.0, 5.0, 5.0, 5.0, 5.0, 5.0, 5.0, 5.0, 4.0, 5.0, 5.0, 5.0, 5.0, 5.0, 5.0, 5.0, 5.0, 4.0, 5.0, 5.0, 0.0, 5.0, 5.0, 5.0, 4.0, 0.0, 5.0, 5.0, 3.0, 5.0, 5.0, 5.0, 5.0, 5.0, 5.0, 5.0, 5.0, 5.0, 5.0, 5.0, 5.0, 5.0, 5.0, 5.0, 5.0, 5.0, 5.0, 5.0, 5.0, 5.0, 5.0, 5.0, 5.0, 5.0, 5.0, 5.0, 4.0, 5.0, 5.0, 5.0, 5.0, 5.0, 5.0, 5.0, 5.0, 5.0, 0.0, 5.0, 5.0, 5.0, 4.0, 5.0, 5.0, 5.0, 4.0, 5.0, 5.0, 5.0, 5.0, 5.0, 5.0, 5.0, 5.0, 5.0, 5.0, 5.0, 4.0, 5.0, 5.0, 5.0, 4.0, 5.0, 5.0, 4.0, 5.0, 5.0, 5.0]",169
4259,"[6, 1, 0, 3, 2, 0, 0, 0, 0, 6, 2, 0, 0, 0, 0, 0, 4, 0, 0, 0, 4, 0, 1, 1, 0, 0, 0, 0, 6, 2, 0, 0, 0, 7, 0, 0, 1, 2, 0, 0, 0, 2, 1, 2, 1, 0, 3, 0, 0, 0, 0, 0, 0, 0, 1, 1, 0, 0]","[15076, 1815, 161263, 43157, 41500, 26501, 31067, 21898, 99787, 150120, 62967, 2949, 32114, 65543, 163308, 149456, 2421, 74080, 104261, 96947, 105470]",21,"[4.0, 4.0, 5.0, 5.0, 5.0, 4.0, 4.0, 5.0, 5.0, 5.0, 5.0, 5.0, 5.0, 5.0, 5.0, 5.0, 5.0, 4.0, 5.0, 5.0, 5.0]",21
452,"[315, 13, 4, 144, 197, 1, 1, 26, 11, 321, 35, 30, 1, 0, 21, 0, 180, 0, 0, 30, 77, 40, 5, 93, 21, 0, 20, 39, 192, 34, 0, 6, 1, 220, 6, 18, 89, 58, 92, 3, 0, 40, 145, 213, 18, 9, 101, 10, 0, 21, 4, 10, 1, 45, 27, 130, 33, 85]","[46588, 99787, 164474, 22975, 169611, 41061, 124568, 39511, 150851, 9677, 136628, 22650, 128209, 122995, 70066, 8524, 43844, 36367, 39145, 12198, 168941, 93514, 161402, 147854, 132217, 158361, 146787, 4967, 154502, 164719, 22260, 53448, 139776, 39906, 163187, 29746, 39832, 105272, 38394, 8911, 82128, 20289, 3300, 5013, 128152, 108522, 85031, 65543, 41882, 130914, 167090, 133560, 37968, 155253, 147645, 4757, 112913, 15993, 57166, 163625, 173688, 125184, 118274, 53753, 112779, 132563, 172446, 54715, 81045, 131016, 131663, 158277, 178102, 150138, 132445, 130416, 82067, 92748, 110854, 143789, 141554, 46366, 3154, 103832, 89451, 22159, 52698, 45380, 150292, 67088, 130556, 171868, 160081, 118617, 110750, 4091, 107028, 123858, 5057, 55293, 170814, 15792, 29860, 113982, 44873, 148855, 39559, 73622, 2377, 165533, 66950, 102520, 5836, 116443, 35411, 60434, 56301, 73325, 45662, 97305, 157997, 137637, 141780, 50009, 10183, 147560, 4155, 63493, 59137, 70767, 170672, 21729, 37089, 161029, 133134, 177047, 99621, 72251, 40305, 33882, 117112, 136514, 107588, 105696, 8744, 153127, 14076, 13906, 28111, 163186, 65367, 2471, 132740, 78916, 41899, 11579, 16096, 44251, 83236, 3424, 83532, 18001, 136784, 86859, 63173, 79122, 166423, 64730, 111161, 163712, 24877, 167369, 45950, 158450, 62300, 80700, 21017, 47928, 65505, 149471, 101606, 126224, 162916, 9160, 77102, 15728, 44396, 30517, 35307, 67899, 84646, 60309, 166501, 161573, 36255, 93182, 31472, 39911, 65417, 13390, 103415, 138811, 154034, 83653, 89447, 46833, 130480, 77616, 70022, 17509, 132989, 17321, 62040, 15940, 15173, 106258, 67056, 158496, 12609, 24743, 133198, 5622, 150142, 133121, 128131, 28340, 99430, 80874, 115225, 124863, 130972, 133379, 40366, 54440, 93442, 98306, 140914, 37248, 55659, 170375, 110610, 106629, 63921, 83907, 75804, 154205, 158354, 51220, 47560, 153212, 41169, 20150, 45712, 19022, 77286, 53711, 110420, 33384, 60720, 56255, 111485, 63634, 3900, 101505, 60004, 10136, 109820, 75699, 84787, 176602, 135346, 26898, 165437, 90589, 128047, 62363, 41637, 140363, 84493, 72166, 106910, 110212, 64527, 29558, 72975, 157141, 94179, 28717, 155513, 33834, 130146, 142270, 91684, 112228, 6687, 64037, 21473, 73040, 114523, 54491, 110324, 69580, 101241, 109692, 62313, 159606, 53149, 30757, 111428, 108202, 145912, 123425, 90526, 30817, 9652, 89202, 158632, 57988, 151590, 167252, 77223, 27745, 139264, 54524, 10388, 68623, 109573, 123690, 153088, 114002, 160507, 371, 116831, 24389, 19648, 169390, 128034, 87596, 87754, 53680, 58482, 7142, 138495, 144961, 34328, 94771, 54717, 168543, 11102, 125999, 84680, 79054, 146828, 31276, 155736, 41427, 32061, 20243, 30449, 92636, 71129, 161768, 118460, 97589, 77712, 171374, 79721, 160966, 145687, 5965, 83264, 108573, 37131, 42959, 6705, 68019, 24052, 91140, 157089, 114778, 18187, 584, 124601, 54075, 165334, 175745, 141624, 148710, 137243, 140749, 73553, 66714, 19775, 151245, 128461, 152159, 89346, 159543, 109193, 85545, 117248, 50405, 64901, 85821, 9366, 51181, 35635, 31366, 170302, 90492, 16077, 177651, 3955, 139054, 110012, 102152, 45731, 28953, 147886, 139187, 56415, 455, 30305, 8089, 8472, 51248, 31149, 173843, 3164, 8032, 1122, 89291, 174108, 149456, 176870, 119437, 27137, 34879, 90536, 65852, 83963, 49089, 95756, 161776, 10081, 66772, 121246, 172528, 173048, 135961, 70765, 95665, 171996, 127494, 84916, 143836, 73329, 140421, 121902, 110391, 31607, 36775, 21733, 86306, 154953, 67326, 68555, 82336, 131859, 45910, 73297, 44143, 52333, 121441, 85005, 23586, 27594, 41158, 103558, 170446, 3869, 34183, 173379, 143695, 48084, 9369, 11393, 87424, 25325, 17353, 172829, 88755, 93399, 3397, 23461, 159074, 80138, 104755, 155783, 65959, 112643, 54978, 62099, 120214, 158384, 3080, 165474, 117989, 171019, 100043, 129326, 117307, 156947, 158825, 163142, 137180, 15286, 64064, 19921, 147111, 73534, 4829, 51434, 50115, 136233, 21908, 41508, 3539, 143713, 66388, 85382, 147777, 69942, 30918, 136329, 113472, 95417, 32734, 24108, 115883, 121670, 60160, 73528, 52114, 141217, 126381, 117588, 139555, 144018, 95242, 107446, 146405, 69709, 109882, 33856, 50758, 45267, 10394, 122779, 54613, 15823, 168936, 140095, 155039, 106859, 57093, 134610, 93685, 91259, 82611, 75461, 22903, 145439, 66898, 101528, 65788, 93365, 152769, 40963, 69339, 138730, 142690, 161429, 173429, 52775, 169121, 113278, 98055, 151276, 19442, 93092, 93532, 28101, 127243, 95853, 146382, 118499, 71694, 101669, 21213, 106923, 41137, 154689, 52950, 152972, 33143, 47171, 62243, 82157, 176551, 132493, 63654, 3575, 19549, 11696, 142836, 106418, 142043, 113735, 101819, 99885, 138972, 119366, 101173, 107602, 127000, 156656, 5220, 131948, 156978, 177514, 93942, 33510, 55081, 44464, 76391, 111119, 134170, 147342, 132722, 45167, 40291, 28897, 95126, 156589, 105538, 29762, 115497, 164837, 59015, 148675, 156352, 84468, 158930, 39308, 153874, 176287, 41005, 95186, 134137, 173799, 131969, 32888, 55439, 114312, 97661, 46620, 42214, 117237, 139623, 125470, 60171, 167086, 40074, 20469, 5211, 131028, 137547, 80990, 92175, 92301, 96103, 35920, 21862, 7219, 108951, 77073, 164784, 24625, 110726, 145989, 109383, 76310, 65999, 153798, 150832, 44551, 98523, 124238, 97676, 25628, 128253, 41144, 113708, 138279, 52727, 143862, 90467, 47822, 69890, 39579, 126698, 157272, 71433, 173818, 141169, 166938, 173796, 144192, 143253, 19812, 51548, 107990, 453, 19342, 84750, 994, 173765, 71669, 158414, 14667, 164054, 107994, 2404, 111386, 120271, 8896, 9445, 10497, 138021, 102451, 156373, 82535, 92980, 14927, 102699, 114359, 14739, 25780, 170737, 41622, 45693, 160750, 146266, 126806, 54184, 66852, 60251, 78193, 27457, 6517, 74396, 33609, 124870, 68133, 151068, 109388, 81037, 695, 24562, 11683, 61606, 84584, 123213, 80745, 164348, 28552, 30125, 169508, 121513, 37776, 175022, 35347, 162481, 125919, 87030, 31747, 134216, 71592, 79985, 135848, 101558, 32452, 161631, 13332, 156468, 93490, 158806, 170732, 17781, 155507, 93969, 77932, 158, 43044, 170653, 82291, 102476, 71226, 176543, 90427, 53781, 100838, 81116, 56450, 97448, 14289, 163019, 24504, 26698, 167231, 163295, 46321, 136202, 19834, 132048, 106318, 56207, 101200, 143359, 51713, 177548, 108906, 173506, 127170, 124076, 153833, 175795, 133576, 24907, 26470, 27308, 172136, 90406, 176659, 90029, 89093, 119297, 95487, 68903, 128786, 31833, 35772, 8372, 57466, 157729, 126011, 111715, 40548, 173645, 173373, 117246, 12256, 174036, 17576, 143099, 127736, 114435, 59006, 135606, 150891, 78973, 147269, 144451, 134411, 70781, 101201, 145927, 54136, 158997, 144271, 100168, 131656, 38751, 55342, 124170, 117899, 96722, 86624, 80974, 72095, 49873, 6486, 35182, 174222, 91131, 76042, 20834, 173757, 21237, 103713, 127860, 106312, 170499, 25694, 152448, 129768, 122840, 58418, 160078, 130507, 108237, 162430, 90494, 143166, 106340, 15066, 6580, 79376, 29518, 106496, 45833, 73493, 167408, 53780, 85009, 36882, 158155, 57360, 36124, 146428, 115406, 133452, 127024, 84404, 100252, 26431, 14364, 27575, 68137, 49367, 95869, 5025, 9674, 112964, 20486, 44788, 158146, 18090, 32642, 141981, 134048, 111159, 96520, 56653, 177822, 98506, 138309, 156058, 33461, 64119, 10185, 133873, 136267, 99445, 171520, 177524, 74368]",968,"[5.0, 5.0, 5.0, 5.0, 3.0, 5.0, 4.0, 5.0, 4.0, 5.0, 4.0, 5.0, 5.0, 5.0, 4.0, 5.0, 4.0, 5.0, 5.0, 5.0, 5.0, 5.0, 5.0, 5.0, 5.0, 3.0, 5.0, 4.0, 5.0, 5.0, 5.0, 5.0, 5.0, 4.0, 4.0, 5.0, 4.0, 5.0, 5.0, 4.0, 5.0, 5.0, 4.0, 5.0, 5.0, 5.0, 5.0, 5.0, 5.0, 5.0, 5.0, 5.0, 5.0, 5.0, 5.0, 5.0, 5.0, 4.0, 4.0, 5.0, 5.0, 5.0, 5.0, 4.0, 5.0, 5.0, 5.0, 5.0, 5.0, 5.0, 5.0, 5.0, 5.0, 5.0, 5.0, 5.0, 5.0, 5.0, 5.0, 4.0, 5.0, 5.0, 5.0, 5.0, 5.0, 4.0, 5.0, 5.0, 5.0, 5.0, 5.0, 5.0, 5.0, 5.0, 5.0, 5.0, 5.0, 5.0, 5.0, 5.0, 5.0, 5.0, 5.0, 4.0, 4.0, 5.0, 5.0, 5.0, 5.0, 5.0, 5.0, 4.0, 5.0, 5.0, 5.0, 5.0, 5.0, 5.0, 4.0, 5.0, 5.0, 5.0, 5.0, 5.0, 5.0, 5.0, 5.0, 5.0, 5.0, 5.0, 5.0, 5.0, 5.0, 5.0, 5.0, 5.0, 5.0, 5.0, 4.0, 5.0, 5.0, 5.0, 5.0, 5.0, 5.0, 5.0, 4.0, 5.0, 5.0, 5.0, 5.0, 5.0, 4.0, 5.0, 5.0, 4.0, 5.0, 5.0, 5.0, 5.0, 5.0, 5.0, 5.0, 5.0, 5.0, 5.0, 5.0, 5.0, 4.0, 5.0, 5.0, 5.0, 5.0, 4.0, 4.0, 5.0, 4.0, 4.0, 4.0, 5.0, 5.0, 5.0, 5.0, 5.0, 5.0, 5.0, 5.0, 5.0, 4.0, 5.0, 4.0, 5.0, 4.0, 5.0, 5.0, 4.0, 4.0, 5.0, 5.0, 5.0, 5.0, 5.0, 5.0, 5.0, 4.0, 5.0, 5.0, 5.0, 5.0, 5.0, 5.0, 5.0, 5.0, 5.0, 5.0, 5.0, 5.0, 5.0, 5.0, 4.0, 5.0, 4.0, 5.0, 5.0, 5.0, 5.0, 4.0, 4.0, 5.0, 5.0, 4.0, 5.0, 5.0, 5.0, 5.0, 5.0, 5.0, 5.0, 5.0, 5.0, 5.0, 5.0, 5.0, 5.0, 5.0, 5.0, 5.0, 5.0, 5.0, 5.0, 5.0, 5.0, 5.0, 5.0, 5.0, 5.0, 5.0, 5.0, 5.0, 5.0, 5.0, 5.0, 5.0, 4.0, 5.0, 5.0, 4.0, 5.0, 5.0, 5.0, 5.0, 5.0, 5.0, 5.0, 5.0, 4.0, 5.0, 5.0, 4.0, 4.0, 5.0, 5.0, 5.0, 5.0, 5.0, 5.0, 4.0, 5.0, 5.0, 5.0, 4.0, 5.0, 5.0, 4.0, 5.0, 5.0, 5.0, 5.0, 5.0, 5.0, 5.0, 4.0, 5.0, 5.0, 5.0, 4.0, 5.0, 5.0, 4.0, 5.0, 5.0, 5.0, 5.0, 5.0, 5.0, 5.0, 5.0, 5.0, 4.0, 5.0, 5.0, 5.0, 5.0, 5.0, 5.0, 5.0, 5.0, 5.0, 4.0, 5.0, 4.0, 5.0, 5.0, 5.0, 5.0, 4.0, 5.0, 5.0, 5.0, 5.0, 5.0, 5.0, 5.0, 5.0, 5.0, 5.0, 5.0, 4.0, 5.0, 5.0, 5.0, 5.0, 5.0, 4.0, 5.0, 5.0, 5.0, 5.0, 5.0, 5.0, 5.0, 5.0, 5.0, 4.0, 5.0, 5.0, 5.0, 5.0, 5.0, 5.0, 5.0, 5.0, 5.0, 5.0, 5.0, 4.0, 5.0, 4.0, 5.0, 5.0, 5.0, 5.0, 5.0, 5.0, 5.0, 5.0, 4.0, 5.0, 5.0, 5.0, 5.0, 5.0, 5.0, 5.0, 4.0, 5.0, 5.0, 5.0, 5.0, 5.0, 5.0, 5.0, 5.0, 5.0, 4.0, 5.0, 5.0, 5.0, 5.0, 5.0, 5.0, 5.0, 5.0, 5.0, 5.0, 5.0, 4.0, 5.0, 5.0, 5.0, 5.0, 4.0, 5.0, 4.0, 5.0, 5.0, 5.0, 5.0, 5.0, 5.0, 5.0, 5.0, 5.0, 5.0, 5.0, 5.0, 5.0, 5.0, 5.0, 5.0, 5.0, 5.0, 5.0, 4.0, 4.0, 4.0, 4.0, 5.0, 5.0, 5.0, 5.0, 5.0, 4.0, 4.0, 5.0, 5.0, 5.0, 5.0, 5.0, 5.0, 5.0, 5.0, 5.0, 5.0, 5.0, 5.0, 5.0, 5.0, 4.0, 5.0, 5.0, 5.0, 4.0, 5.0, 4.0, 5.0, 4.0, 5.0, 4.0, 5.0, 4.0, 5.0, 4.0, 5.0, 4.0, 5.0, 4.0, 5.0, 5.0, 5.0, 5.0, 4.0, 5.0, 5.0, 5.0, 4.0, 4.0, 5.0, 5.0, 5.0, 5.0, 5.0, 5.0, 5.0, 5.0, 4.0, 5.0, 5.0, 4.0, 5.0, 5.0, 5.0, 4.0, 5.0, 5.0, 5.0, 4.0, 5.0, 4.0, 5.0, 5.0, 5.0, 5.0, 5.0, 5.0, 5.0, 4.0, 4.0, 5.0, 5.0, 5.0, 4.0, 5.0, 5.0, 4.0, 5.0, 4.0, 4.0, 5.0, 5.0, 5.0, 5.0, 5.0, 5.0, 5.0, 5.0, 5.0, 5.0, 4.0, 5.0, 5.0, 4.0, 5.0, 5.0, 5.0, 5.0, 5.0, 5.0, 5.0, 4.0, 5.0, 4.0, 5.0, 5.0, 5.0, 4.0, 5.0, 5.0, 5.0, 5.0, 5.0, 5.0, 5.0, 4.0, 5.0, 5.0, 5.0, 5.0, 5.0, 5.0, 5.0, 5.0, 5.0, 5.0, 5.0, 5.0, 5.0, 5.0, 5.0, 5.0, 5.0, 5.0, 5.0, 5.0, 5.0, 5.0, 5.0, 5.0, 5.0, 5.0, 5.0, 5.0, 5.0, 5.0, 5.0, 5.0, 5.0, 5.0, 5.0, 5.0, 5.0, 5.0, 5.0, 5.0, 5.0, 5.0, 5.0, 5.0, 5.0, 4.0, 5.0, 5.0, 5.0, 5.0, 5.0, 4.0, 5.0, 5.0, 5.0, 5.0, 4.0, 5.0, 5.0, 5.0, 5.0, 5.0, 5.0, 4.0, 5.0, 5.0, 5.0, 5.0, 4.0, 5.0, 5.0, 5.0, 5.0, 5.0, 5.0, 4.0, 5.0, 5.0, 5.0, 4.0, 5.0, 5.0, 4.0, 5.0, 4.0, 5.0, 5.0, 5.0, 5.0, 5.0, 5.0, 5.0, 5.0, 5.0, 5.0, 5.0, 5.0, 5.0, 5.0, 5.0, 5.0, 5.0, 5.0, 5.0, 5.0, 5.0, 5.0, 5.0, 5.0, 5.0, 5.0, 5.0, 4.0, 5.0, 5.0, 5.0, 5.0, 5.0, 5.0, 5.0, 5.0, 5.0, 5.0, 5.0, 5.0, 5.0, 5.0, 5.0, 5.0, 5.0, 5.0, 5.0, 5.0, 5.0, 4.0, 5.0, 5.0, 5.0, 0.0, 5.0, 5.0, 5.0, 5.0, 5.0, 5.0, 4.0, 5.0, 5.0, 5.0, 5.0, 5.0, 4.0, 5.0, 4.0, 4.0, 5.0, 4.0, 5.0, 5.0, 4.0, 4.0, 5.0, 5.0, 4.0, 5.0, 4.0, 5.0, 5.0, 5.0, 4.0, 5.0, 5.0, 4.0, 5.0, 5.0, 5.0, 5.0, 5.0, 5.0, 5.0, 5.0, 5.0, 5.0, 5.0, 5.0, 5.0, 5.0, 5.0, 5.0, 5.0, 5.0, 5.0, 5.0, 5.0, 5.0, 5.0, 5.0, 5.0, 5.0, 5.0, 5.0, 5.0, 5.0, 5.0, 5.0, 5.0, 4.0, 5.0, 5.0, 5.0, 4.0, 5.0, 5.0, 5.0, 4.0, 5.0, 5.0, 5.0, 5.0, 5.0, 4.0, 5.0, 5.0, 5.0, 5.0, 5.0, 4.0, 5.0, 5.0, 5.0, 5.0, 5.0, 5.0, 4.0, 5.0, 4.0, 5.0, 5.0, 5.0, 5.0, 5.0, 5.0, 5.0, 4.0, 5.0, 5.0, 5.0, 5.0, 5.0, 5.0, 5.0, 5.0, 5.0, 4.0, 4.0, 5.0, 5.0, 4.0, 5.0, 5.0, 4.0, 5.0, 5.0, 4.0, 5.0, 5.0, 5.0, 5.0, 5.0, 4.0, 5.0, 5.0, 5.0, 5.0, 4.0, 5.0, 5.0, 5.0, 5.0, 4.0, 5.0, 5.0, 5.0, 5.0, 5.0, 5.0, 5.0, 5.0, 5.0, 5.0, 5.0, 4.0, 4.0, 5.0, 5.0, 5.0, 5.0, 5.0, 4.0, 5.0, 5.0, 5.0, 5.0, 5.0, 5.0, 5.0, 5.0, 5.0, 5.0, 5.0, 5.0, 5.0, 5.0, 5.0, 5.0, 5.0, 5.0, 4.0, 5.0, 5.0, 5.0, 0.0, 5.0, 5.0, 5.0, 5.0, 4.0, 5.0, 5.0, 5.0, 5.0, 5.0, 4.0, 5.0, 5.0, 5.0, 5.0, 5.0, 5.0, 5.0, 4.0, 5.0, 4.0, 4.0, 5.0, 5.0, 5.0, 5.0, 4.0, 5.0, 5.0, 5.0, 5.0, 5.0, 5.0, 5.0, 5.0, 4.0, 4.0, 5.0, 5.0, 5.0, 5.0, 5.0, 5.0, 5.0, 5.0, 4.0, 5.0, 5.0, 5.0, 5.0, 5.0, 5.0, 5.0, 5.0, 5.0, 5.0, 5.0, 5.0, 5.0, 5.0, 5.0, 5.0, 5.0, 5.0, 5.0, 5.0, 5.0, 5.0, 5.0, 5.0, 5.0, 5.0]",968
10933,"[8, 0, 0, 3, 2, 0, 1, 0, 0, 7, 0, 0, 0, 0, 0, 0, 0, 0, 0, 2, 1, 0, 0, 1, 0, 0, 0, 2, 0, 1, 0, 0, 0, 1, 0, 1, 1, 0, 0, 1, 0, 0, 2, 0, 0, 0, 1, 0, 0, 0, 0, 0, 0, 0, 1, 0, 1, 0]","[98839, 15941, 99331, 78697, 107351, 106014, 143922, 70431, 8143, 34422]",10,"[5.0, 3.0, 5.0, 0.0, 5.0, 4.0, 0.0, 5.0, 5.0, 0.0]",10
16886,"[4, 1, 1, 6, 1, 0, 0, 0, 0, 4, 0, 2, 0, 0, 1, 0, 7, 0, 0, 0, 3, 0, 0, 2, 1, 0, 3, 0, 1, 0, 0, 0, 0, 1, 0, 0, 2, 1, 1, 0, 0, 1, 1, 1, 0, 0, 3, 0, 0, 0, 0, 0, 0, 1, 1, 2, 0, 0]","[38000, 117597, 58905, 112059, 104962, 108755, 101553, 78649, 48534, 113142, 42674, 20139, 77845, 154369]",14,"[1.0, 4.0, 0.0, 3.0, 3.0, 0.0, 4.0, 1.0, 1.0, 2.0, 3.0, 1.0, 1.0, 3.0]",14
5850,"[19, 0, 0, 7, 7, 0, 0, 1, 0, 11, 0, 0, 0, 0, 1, 0, 5, 0, 0, 1, 2, 1, 0, 1, 1, 0, 0, 1, 9, 1, 0, 0, 0, 10, 0, 1, 5, 1, 2, 0, 1, 2, 5, 4, 0, 0, 8, 0, 0, 1, 0, 0, 0, 2, 2, 3, 0, 6]","[160395, 106281, 55772, 171971, 10735, 152221, 7830, 81601, 60504, 125733, 162866, 46841, 89061, 67898, 39102, 105551, 29174, 77616, 95428, 2939, 111761, 97156, 141086, 72857, 58474, 77073, 110707, 163625, 142371, 75244, 122034]",31,"[4.0, 4.0, 3.0, 5.0, 3.0, 3.0, 5.0, 5.0, 5.0, 5.0, 5.0, 5.0, 3.0, 5.0, 2.0, 5.0, 5.0, 5.0, 5.0, 5.0, 5.0, 5.0, 5.0, 5.0, 5.0, 5.0, 5.0, 5.0, 5.0, 5.0, 5.0]",31
4987,"[13, 0, 0, 2, 5, 0, 0, 1, 0, 10, 3, 0, 0, 0, 0, 0, 2, 0, 0, 8, 2, 1, 0, 2, 3, 0, 1, 2, 4, 1, 0, 0, 0, 7, 0, 0, 1, 1, 1, 1, 0, 0, 2, 0, 0, 0, 6, 0, 0, 0, 0, 0, 0, 1, 0, 2, 1, 3]","[55521, 142043, 35473, 122289, 140076, 118666, 2280, 1022, 8859, 81237, 44473, 114286, 64311, 47715, 82187, 29638, 143166, 55772, 31414, 68512, 147654, 167543, 80882]",23,"[5.0, 5.0, 5.0, 5.0, 5.0, 5.0, 5.0, 5.0, 5.0, 5.0, 5.0, 4.0, 5.0, 4.0, 4.0, 4.0, 5.0, 5.0, 5.0, 5.0, 5.0, 5.0, 0.0]",23
11493,"[11, 0, 0, 2, 4, 0, 0, 0, 0, 10, 1, 1, 0, 0, 0, 0, 3, 0, 0, 1, 0, 0, 0, 0, 0, 0, 0, 2, 6, 1, 0, 1, 0, 11, 0, 0, 4, 0, 0, 0, 0, 1, 3, 2, 0, 0, 4, 0, 0, 0, 0, 1, 0, 3, 0, 1, 1, 0]","[95864, 8862, 168616, 52555, 107994, 128803, 101819, 53067, 156030, 130480, 99668, 103415, 13989, 114402, 124230, 95950, 56425, 26011, 15627, 161949]",20,"[3.0, 5.0, 5.0, 5.0, 5.0, 5.0, 5.0, 3.0, 5.0, 5.0, 5.0, 5.0, 5.0, 5.0, 5.0, 4.0, 5.0, 5.0, 5.0, 5.0]",20
1733,"[15, 1, 0, 5, 5, 0, 0, 0, 0, 8, 0, 0, 0, 0, 1, 0, 4, 0, 0, 1, 1, 0, 0, 0, 0, 0, 0, 1, 3, 1, 0, 0, 0, 9, 0, 0, 0, 3, 1, 0, 0, 0, 5, 6, 0, 0, 4, 0, 0, 0, 0, 1, 0, 3, 1, 4, 0, 3]","[130017, 153314, 45641, 672, 71738, 103717, 1368, 109798, 27749, 38605, 54278, 34299, 16812, 143636, 69341, 35304, 158194, 78028, 164474, 101041, 99646, 52334, 90160, 33005, 65690]",25,"[5.0, 5.0, 4.0, 5.0, 5.0, 5.0, 3.0, 5.0, 5.0, 5.0, 5.0, 5.0, 5.0, 5.0, 4.0, 3.0, 3.0, 5.0, 5.0, 5.0, 5.0, 5.0, 5.0, 2.0, 2.0]",25
15489,"[1, 0, 0, 0, 0, 0, 0, 0, 0, 3, 2, 0, 0, 0, 0, 0, 1, 0, 0, 0, 0, 0, 0, 1, 1, 0, 0, 0, 0, 0, 0, 0, 0, 4, 0, 0, 1, 1, 0, 0, 0, 1, 0, 0, 2, 0, 1, 0, 0, 0, 0, 0, 0, 0, 0, 0, 0, 0]","[105528, 76830, 16082, 42106, 52301, 52334, 86051, 158472]",8,"[2.0, 0.0, 2.0, 3.0, 5.0, 5.0, 1.0, 5.0]",8
19801,"[3, 0, 0, 2, 2, 0, 0, 1, 0, 3, 0, 0, 0, 0, 0, 0, 1, 0, 0, 0, 1, 0, 0, 1, 0, 0, 0, 1, 2, 0, 0, 0, 0, 3, 0, 0, 2, 0, 1, 0, 0, 0, 1, 0, 0, 0, 0, 0, 0, 0, 0, 0, 0, 0, 0, 0, 0, 0]","[108376, 65371, 86886, 31655, 56819, 43074]",6,"[5.0, 5.0, 5.0, 5.0, 5.0, 5.0]",6
18602,"[3, 0, 0, 3, 0, 0, 0, 1, 0, 3, 7, 0, 0, 0, 0, 0, 0, 0, 0, 0, 0, 0, 0, 1, 0, 0, 0, 2, 1, 1, 0, 0, 0, 6, 0, 1, 0, 6, 0, 0, 0, 0, 1, 1, 2, 0, 2, 0, 0, 0, 0, 1, 0, 3, 0, 0, 0, 1]","[27749, 168342, 35063, 78551, 54613, 174816, 26254, 47715, 72647, 45573, 113716, 99787, 148451]",13,"[2.0, 5.0, 4.0, 5.0, 4.0, 1.0, 2.0, 3.0, 1.0, 5.0, 5.0, 5.0, 5.0]",13
8557,"[5, 0, 0, 2, 3, 0, 0, 1, 0, 7, 0, 0, 0, 0, 1, 0, 1, 0, 0, 1, 1, 0, 0, 1, 0, 0, 0, 0, 2, 0, 0, 0, 0, 5, 0, 1, 4, 0, 0, 0, 0, 1, 1, 2, 0, 0, 2, 2, 0, 1, 1, 0, 0, 0, 2, 3, 0, 5]","[5632, 123160, 163625, 54178, 33459, 8387, 19549, 20238, 32135, 154562, 29783, 38699, 55125, 5289]",14,"[4.0, 5.0, 5.0, 4.0, 5.0, 5.0, 5.0, 5.0, 5.0, 5.0, 5.0, 5.0, 5.0, 5.0]",14
10407,"[11, 1, 0, 5, 7, 0, 0, 0, 1, 8, 3, 0, 0, 0, 0, 0, 8, 0, 0, 2, 2, 0, 0, 0, 0, 0, 0, 0, 9, 1, 0, 0, 0, 10, 0, 0, 3, 2, 2, 0, 0, 1, 7, 10, 1, 0, 5, 0, 0, 0, 0, 0, 0, 3, 0, 2, 0, 5]","[119379, 158194, 27953, 134102, 137315, 160477, 107300, 50737, 52789, 103103, 126007, 94559, 42202, 24611, 147270, 134610, 154054, 54279, 58002, 124002, 7436, 89113, 113313, 108786, 32449, 128131, 86159, 64179, 21019, 123486]",30,"[5.0, 4.0, 5.0, 3.0, 5.0, 5.0, 4.0, 5.0, 5.0, 4.0, 5.0, 5.0, 5.0, 5.0, 5.0, 5.0, 5.0, 5.0, 5.0, 5.0, 5.0, 5.0, 5.0, 5.0, 5.0, 5.0, 5.0, 4.0, 1.0, 5.0]",30
5663,"[3, 0, 0, 1, 3, 0, 0, 0, 0, 5, 0, 0, 1, 0, 0, 0, 1, 0, 0, 1, 0, 1, 0, 0, 0, 0, 0, 0, 1, 0, 0, 0, 0, 1, 0, 0, 0, 1, 2, 0, 0, 2, 1, 2, 0, 0, 2, 1, 0, 0, 0, 0, 0, 1, 0, 1, 1, 1]","[39715, 10899, 66593, 29746, 129505, 138205, 93480, 76878]",8,"[5.0, 4.0, 5.0, 5.0, 3.0, 3.0, 4.0, 0.0]",8
16997,"[1, 0, 1, 1, 2, 0, 0, 0, 0, 3, 0, 0, 0, 0, 0, 0, 2, 0, 0, 0, 2, 0, 0, 0, 0, 0, 0, 0, 0, 0, 0, 0, 0, 0, 0, 1, 0, 0, 1, 0, 0, 1, 1, 1, 0, 0, 0, 0, 0, 1, 0, 0, 0, 0, 1, 0, 0, 0]","[87723, 83307, 75493, 141324, 98960, 20483, 62902]",7,"[3.0, 5.0, 4.0, 4.0, 4.0, 0.0, 4.0]",7
16210,"[1, 0, 0, 1, 1, 0, 0, 0, 0, 0, 0, 0, 0, 0, 0, 0, 2, 0, 0, 0, 3, 1, 1, 1, 0, 0, 0, 0, 2, 0, 0, 0, 0, 1, 0, 0, 0, 0, 0, 0, 0, 2, 1, 2, 0, 0, 0, 0, 0, 0, 0, 0, 0, 0, 0, 1, 0, 1]","[21304, 17747, 66152, 71574, 72740, 90427]",6,"[5.0, 5.0, 5.0, 5.0, 5.0, 5.0]",6
4912,"[4, 0, 0, 2, 1, 0, 0, 1, 0, 2, 0, 0, 0, 0, 0, 0, 0, 0, 0, 1, 0, 0, 0, 0, 1, 0, 0, 1, 2, 0, 0, 0, 0, 3, 0, 0, 1, 0, 0, 0, 0, 0, 0, 0, 0, 0, 1, 0, 0, 0, 0, 0, 0, 1, 1, 1, 0, 0]","[56425, 98500, 87424, 65578, 65019, 65078]",6,"[5.0, 5.0, 5.0, 5.0, 5.0, 5.0]",6
20988,"[1, 0, 0, 0, 3, 0, 0, 0, 0, 4, 0, 0, 0, 0, 0, 0, 1, 0, 0, 0, 0, 0, 0, 0, 1, 0, 0, 0, 1, 0, 0, 0, 0, 1, 0, 0, 0, 0, 0, 0, 0, 0, 3, 1, 0, 0, 0, 0, 0, 0, 0, 1, 0, 0, 0, 2, 0, 0]","[144904, 54817, 158424, 40986, 37229, 79091]",6,"[4.0, 5.0, 4.0, 5.0, 5.0, 2.0]",6
9755,"[7, 0, 0, 0, 1, 0, 0, 0, 0, 5, 1, 0, 0, 0, 0, 0, 0, 0, 0, 0, 0, 0, 0, 0, 0, 0, 0, 0, 2, 0, 0, 0, 0, 2, 0, 0, 1, 0, 0, 0, 0, 0, 0, 0, 0, 0, 1, 0, 0, 0, 0, 0, 0, 0, 0, 0, 1, 0]","[59975, 6536, 94372, 116421, 58127, 100744, 113103, 64770, 135961]",9,"[3.0, 5.0, 5.0, 5.0, 4.0, 5.0, 5.0, 5.0, 5.0]",9
8727,"[5, 0, 0, 0, 1, 0, 0, 0, 0, 7, 1, 0, 0, 0, 0, 0, 0, 0, 0, 0, 0, 0, 0, 0, 0, 0, 0, 0, 0, 0, 0, 0, 0, 3, 0, 1, 1, 0, 1, 0, 0, 0, 1, 1, 0, 0, 0, 0, 0, 0, 0, 0, 0, 1, 0, 0, 1, 0]","[45824, 103556, 158903, 124818, 39832, 9779, 42044, 5502, 14370]",9,"[5.0, 5.0, 5.0, 5.0, 4.0, 3.0, 3.0, 4.0, 5.0]",9
748,"[5, 1, 0, 4, 6, 0, 0, 2, 0, 6, 0, 0, 0, 0, 0, 0, 3, 0, 0, 0, 3, 0, 0, 4, 0, 0, 1, 3, 4, 0, 0, 0, 0, 5, 0, 0, 0, 4, 1, 0, 0, 1, 6, 2, 0, 0, 1, 0, 0, 1, 0, 1, 0, 1, 0, 1, 0, 3]","[124256, 44551, 268, 58002, 122945, 11852, 43154, 150292, 114919, 158424, 114752, 163824, 96094, 78507, 108592, 68058, 54333, 127080, 16493, 176271, 55596, 6756]",22,"[5.0, 5.0, 5.0, 5.0, 5.0, 5.0, 5.0, 5.0, 5.0, 5.0, 4.0, 5.0, 5.0, 5.0, 5.0, 0.0, 5.0, 5.0, 5.0, 5.0, 5.0, 5.0]",22
5429,"[13, 0, 0, 6, 3, 0, 0, 0, 0, 6, 0, 0, 0, 0, 0, 0, 1, 0, 0, 0, 0, 1, 0, 0, 0, 0, 0, 2, 5, 0, 0, 0, 0, 7, 0, 0, 4, 0, 1, 0, 0, 0, 0, 0, 0, 0, 4, 0, 0, 1, 0, 0, 0, 2, 1, 1, 3, 3]","[12115, 150484, 29880, 78609, 172317, 6495, 158666, 152023, 153165, 10995, 56425, 10996, 115658, 90536, 2614]",15,"[4.0, 5.0, 5.0, 5.0, 3.0, 5.0, 4.0, 5.0, 4.0, 5.0, 5.0, 5.0, 5.0, 5.0, 4.0]",15
557,"[79, 3, 0, 23, 47, 0, 0, 5, 5, 51, 8, 7, 1, 0, 4, 0, 30, 0, 0, 4, 12, 8, 2, 9, 2, 0, 6, 7, 34, 9, 1, 0, 0, 57, 0, 3, 6, 7, 16, 0, 2, 4, 38, 26, 1, 1, 13, 4, 0, 9, 3, 4, 0, 15, 4, 13, 3, 13]","[45662, 67898, 21273, 2042, 125637, 120968, 127080, 47680, 79095, 89113, 112978, 155665, 79316, 124991, 74986, 143777, 19019, 164590, 18895, 114808, 54613, 153142, 149777, 155501, 19623, 73542, 10614, 27665, 63809, 2873, 46129, 37047, 42487, 127869, 152319, 155918, 73956, 134610, 11727, 163671, 106973, 78662, 100291, 45946, 22545, 148713, 79235, 136895, 140485, 7741, 146662, 154036, 26572, 32439, 46452, 147036, 15307, 75955, 170732, 169655, 54792, 5298, 15180, 93428, 176310, 91967, 114348, 68485, 87730, 69020, 126975, 117899, 65388, 166892, 62985, 104744, 5119, 13355, 11115, 147374, 19634, 139822, 164203, 154689, 151590, 80236, 164321, 100654, 6004, 101819, 93685, 141991, 154002, 54622, 35157, 166441, 35118, 25774, 567, 65984, 53540, 123334, 85123, 166250, 171987, 98549, 59684, 52071, 23319, 37071, 30586, 10394, 51028, 92292, 154054, 89924, 82291, 87424, 92748, 73843, 32310, 54149, 75138, 132187, 73259, 35404, 41364, 97240, 77160, 99762, 50892, 40930, 52779, 145535, 5077, 117400, 3008, 142377, 170237, 119462, 107772, 13543, 110096, 10317, 130233, 101422, 54978, 156855, 82053, 12097, 147208, 25290, 135961, 11102, 130507, 49181, 81517, 32792, 2612, 140095, 6061, 58942, 146308, 75464, 34883, 22402, 39795, 160431, 121741, 161284, 114889, 22792, 118796, 194, 141528, 161941, 133888, 97226, 66660, 84705, 139046, 129438, 84347, 21213]",184,"[5.0, 5.0, 4.0, 4.0, 4.0, 5.0, 4.0, 5.0, 4.0, 5.0, 5.0, 5.0, 4.0, 4.0, 5.0, 4.0, 4.0, 4.0, 4.0, 3.0, 2.0, 3.0, 5.0, 4.0, 5.0, 5.0, 5.0, 4.0, 2.0, 5.0, 5.0, 2.0, 5.0, 4.0, 5.0, 5.0, 5.0, 4.0, 5.0, 4.0, 4.0, 4.0, 5.0, 4.0, 4.0, 5.0, 3.0, 3.0, 4.0, 5.0, 5.0, 4.0, 5.0, 5.0, 4.0, 4.0, 5.0, 5.0, 4.0, 5.0, 5.0, 4.0, 4.0, 4.0, 4.0, 2.0, 5.0, 5.0, 3.0, 5.0, 5.0, 5.0, 3.0, 3.0, 5.0, 5.0, 5.0, 4.0, 5.0, 5.0, 4.0, 3.0, 5.0, 4.0, 4.0, 5.0, 5.0, 5.0, 3.0, 4.0, 4.0, 3.0, 4.0, 5.0, 4.0, 5.0, 4.0, 4.0, 5.0, 5.0, 5.0, 4.0, 5.0, 5.0, 4.0, 5.0, 3.0, 4.0, 4.0, 4.0, 4.0, 5.0, 4.0, 5.0, 5.0, 5.0, 4.0, 4.0, 5.0, 3.0, 5.0, 5.0, 3.0, 5.0, 5.0, 4.0, 4.0, 4.0, 3.0, 5.0, 4.0, 4.0, 5.0, 5.0, 3.0, 5.0, 3.0, 2.0, 4.0, 5.0, 5.0, 5.0, 5.0, 5.0, 5.0, 4.0, 4.0, 4.0, 5.0, 3.0, 5.0, 5.0, 4.0, 4.0, 4.0, 3.0, 4.0, 4.0, 4.0, 5.0, 4.0, 5.0, 4.0, 5.0, 4.0, 5.0, 5.0, 5.0, 5.0, 4.0, 5.0, 5.0, 5.0, 4.0, 4.0, 4.0, 3.0, 5.0, 5.0, 4.0, 4.0, 5.0, 5.0, 4.0]",184
498,"[198, 8, 6, 149, 167, 0, 4, 17, 1, 293, 17, 22, 6, 2, 14, 1, 122, 1, 0, 17, 55, 30, 9, 56, 11, 0, 27, 27, 98, 34, 0, 6, 1, 219, 0, 33, 119, 42, 64, 2, 3, 19, 132, 107, 15, 6, 91, 10, 0, 16, 1, 29, 0, 46, 37, 154, 15, 117]","[21915, 87636, 148452, 169923, 175168, 77999, 150468, 173512, 25209, 121493, 107670, 110282, 21675, 147501, 135173, 116297, 72975, 49986, 24634, 45883, 152159, 103655, 156425, 79051, 74667, 89184, 112210, 154661, 125523, 175984, 16569, 5237, 37842, 3300, 87798, 41730, 70661, 110896, 47436, 141069, 39432, 134610, 127080, 31601, 108397, 138992, 71496, 75338, 28497, 176788, 9215, 21876, 55114, 153907, 147700, 76703, 86227, 158351, 13242, 35164, 95692, 108525, 20668, 31607, 41757, 2597, 62377, 165334, 169265, 30136, 15723, 13383, 70483, 89589, 177478, 64810, 66463, 78698, 39364, 84317, 29589, 34326, 82451, 117810, 61969, 70724, 152966, 122936, 121523, 177401, 168222, 9132, 27736, 71059, 71963, 52911, 11214, 69454, 122165, 85942, 77750, 81854, 78461, 171925, 7328, 8636, 10161, 99318, 45316, 157479, 61904, 47522, 113774, 79265, 55033, 102782, 12938, 617, 38492, 27880, 62909, 91149, 153018, 66815, 10626, 61523, 115667, 34080, 43360, 166187, 168522, 145947, 159024, 22428, 100076, 30977, 8036, 128196, 67526, 102847, 44071, 82467, 9423, 19299, 114425, 55557, 56158, 39983, 75031, 15081, 115505, 11558, 140444, 151794, 105093, 126854, 46068, 2203, 56542, 82837, 52697, 129563, 90253, 140108, 79545, 153475, 175022, 117931, 36404, 31279, 47280, 144695, 47033, 130703, 129017, 11256, 40743, 133839, 119254, 83862, 103990, 114506, 166629, 177020, 112541, 7886, 57050, 22245, 76077, 99451, 161764, 35219, 101632, 5433, 20058, 128830, 174480, 175626, 138179, 143618, 174315, 52074, 64399, 177169, 94586, 72945, 92550, 85198, 86358, 172993, 32873, 45803, 54948, 46870, 894, 21381, 36740, 66421, 141348, 148403, 284, 119467, 47358, 41100, 143266, 117675, 109571, 37492, 51452, 37128, 177154, 24840, 94513, 121542, 58044, 33183, 118444, 109421, 2084, 76800, 96524, 123977, 133783, 107777, 3625, 126130, 35051, 91436, 67639, 38567, 176851, 117477, 31237, 75061, 167419, 60254, 50135, 58486, 71344, 78357, 127650, 55650, 60492, 27083, 175667, 92937, 96061, 47039, 137617, 96860, 122697, 75291, 109696, 126571, 141200, 18902, 25290, 147409, 110229, 150946, 129449, 158175, 45442, 73043, 10436, 60900, 68500, 39817, 2340, 149691, 74268, 126578, 72209, 107616, 146158, 22304, 89107, 83206, 21739, 137272, 92364, 34038, 172507, 641, 106309, 70102, 66933, 145435, 95165, 69202, 104644, 87704, 15850, 167039, 36048, 13973, 135372, 114394, 85251, 167350, 10451, 98640, 138767, 106835, 31821, 93625, 36362, 20729, 134702, 145518, 183, 61625, 10021, 138530, 130341, 14132, 164568, 126187, 160828, 162301, 152507, 54027, 169925, 39143, 80007, 95642, 126360, 139990, 134835, 101268, 149501, 87319, 95755, 26626, 151715, 155637, 23434, 33940, 137242, 163306, 148472, 20753, 95842, 105428, 119674, 165347, 93170, 141758, 61656, 154828, 173083, 144180, 57976, 165996, 21306, 103568, 51011, 30094, 78973, 33312, 14404, 161529, 76784, 165424, 56376, 25946, 73725, 56836, 167500, 81641, 53210, 122922, 157318, 155545, 170361, 55953, 37409, 53064, 133640, 89352, 106923, 83977, 45475, 165790, 112900, 176663, 151650, 63269, 42724, 50868, 163770, 5077, 112235, 82307, 60176, 105176, 47402, 94357, 156565, 106203, 57452, 32289, 95756, 165642, 152249, 145423, 47440, 64671, 106752, 2311, 37650, 88553, 137224, 61059, 73910, 56357, 63239, 45572, 4813, 18564, 163883, 134218, 116636, 2302, 172198, 66494, 172290, 13571, 11044, 153395, 52223, 72780, 145767, 74890, 94613, 56380, 72931, 165977, 131274, 156827, 98289, 38322, 7513, 58397, 124069, 135350, 139287, 102322, 54647, 64606, 133728, 46575, 34422, 141431, 97612, 92524, 7078, 14807, 72334, 107480, 159484, 85138, 145439, 64668, 151718, 73461, 96966, 154740, 123923, 157273, 99245, 80413, 11546, 102698, 171452, 63755, 69880, 33284, 41033, 139746, 83357, 146945, 114445, 45511, 7010, 38764, 76454, 59675, 24458, 75972, 95408, 131046, 126467, 168509, 172622, 169735, 176823, 142426, 38084, 26222, 141804, 110997, 37204, 93852, 19482, 27579, 100002, 24246, 85961, 41769, 83320, 102241, 53374, 125214, 114891, 127216, 47866, 171204, 156390, 60370, 29338, 37440, 102105, 82067, 142199, 95839, 53436, 69834, 173794, 3459, 8447, 28688, 35048, 62857, 113396, 57436, 36985, 59129, 111351, 16813, 173482, 171415, 122600, 63700, 91550, 75482, 130365, 47724, 65987, 90360, 84557, 32977, 51745, 70675, 151627, 163303, 132242, 6832, 68997, 34121, 69611, 175183, 34731, 104731, 143191, 116851, 157210, 105416, 33661, 56813, 147642, 157685, 22537, 43722, 99629, 31845, 149783, 103302, 105050, 56771, 2139, 125560, 165341, 87141, 85970, 129658, 570, 133769, 52947, 140899, 175099, 83011, 26736, 29762, 174663, 95709, 85345, 35853, 95653, 130446, 135276, 151421, 53817, 125284, 36285, 172188, 27650, 80955, 146065, 74685, 98501, 38663, 159785, 35022, 11706, 148421, 42555, 86740, 170753, 89891, 147534, 101812, 168889, 137785, 73381, 145112, 14475, 159869, 163217, 137050, 162195, 178031, 160557, 22924, 104109, 23012, 50864, 79357, 138294, 144855, 20420, 77079, 162356, 9809, 169616, 13789, 87565, 97853, 60568, 163602, 83470, 131512, 16060, 96633, 2970, 63209, 91860, 40083, 1755, 91763, 176089, 168128, 68886, 124981, 121156, 21326, 8165, 67687, 96742, 20890, 159242, 125598, 96733, 131515, 123811, 41488, 119384, 24428, 159119, 166174, 76790, 75793, 20220, 71882, 43769, 153758, 125773, 76632, 163792, 65521, 123182, 111910, 154490, 174497, 57468, 123981, 72657, 89826, 16497, 53845, 11912, 140054, 27296, 84725, 87448, 88234, 17228, 65599, 140216, 135665, 163771, 31751, 85442, 32786, 99832, 117503, 51447, 27441, 53725, 164557, 174210, 82093, 77794, 118298, 35616, 98208, 31008, 23863, 134273, 85785, 97140, 65921, 9601, 35403, 143195, 121494, 56052, 60828, 158899, 64819, 9064, 18604, 115418, 125648, 8588, 93079, 3206, 56451, 870, 84928, 12651, 4043, 14789, 129711, 9462, 170734, 8922, 114570, 86830, 130701, 103316, 44232, 42841, 54148, 10058, 138685, 120608, 8252, 105988, 100318, 165637, 168461, 46546, 123972, 7760, 82073, 25332, 104444, 110879, 40030, 31840, 5176, 42184, 112983, 103737, 111912, 104299, 167938, 59652, 145338, 44764, 174099, 73953, 84927, 45895, 104368, 174260, 69965, 4829, 82624, 6538, 22342, 137796, 93534, 85718, 166441, 57646, 111797, 160494, 113716, 160218, 82940, 170758, 131037, 78551, 162610, 166980, 17508, 15417, 6791, 127512, 109771, 81112, 161692, 80859, 78261, 102163, 32175, 2639, 8459, 133735, 125585, 13034, 110203, 26731, 29583, 174611, 128342, 27179, 75530, 3690, 122810, 97040, 14002, 73814, 61335, 103787, 126983, 113476, 45237, 57548, 128596, 9779, 89385, 62363, 85131, 103410, 63312, 43034, 135045, 162995, 3372, 983, 167642, 164043, 117369, 114908, 130556]",888,"[5.0, 5.0, 5.0, 4.0, 5.0, 4.0, 4.0, 5.0, 5.0, 5.0, 5.0, 5.0, 5.0, 5.0, 5.0, 5.0, 5.0, 5.0, 5.0, 3.0, 4.0, 5.0, 4.0, 5.0, 4.0, 5.0, 4.0, 5.0, 5.0, 5.0, 5.0, 5.0, 5.0, 5.0, 5.0, 4.0, 5.0, 5.0, 5.0, 3.0, 5.0, 5.0, 5.0, 4.0, 3.0, 4.0, 5.0, 4.0, 4.0, 4.0, 5.0, 4.0, 4.0, 4.0, 5.0, 5.0, 5.0, 5.0, 5.0, 5.0, 5.0, 4.0, 5.0, 5.0, 4.0, 4.0, 4.0, 4.0, 4.0, 4.0, 4.0, 5.0, 5.0, 5.0, 5.0, 5.0, 5.0, 5.0, 4.0, 5.0, 5.0, 5.0, 5.0, 4.0, 5.0, 4.0, 4.0, 5.0, 4.0, 4.0, 5.0, 5.0, 5.0, 5.0, 5.0, 5.0, 5.0, 5.0, 5.0, 4.0, 5.0, 5.0, 5.0, 4.0, 4.0, 5.0, 4.0, 5.0, 5.0, 5.0, 4.0, 5.0, 5.0, 5.0, 4.0, 5.0, 3.0, 4.0, 5.0, 5.0, 4.0, 5.0, 5.0, 5.0, 4.0, 5.0, 4.0, 4.0, 4.0, 4.0, 4.0, 4.0, 5.0, 4.0, 4.0, 4.0, 5.0, 4.0, 4.0, 4.0, 5.0, 4.0, 4.0, 5.0, 5.0, 5.0, 4.0, 4.0, 4.0, 5.0, 5.0, 5.0, 4.0, 5.0, 3.0, 4.0, 5.0, 4.0, 5.0, 5.0, 4.0, 5.0, 4.0, 5.0, 5.0, 4.0, 5.0, 4.0, 5.0, 4.0, 5.0, 5.0, 5.0, 5.0, 5.0, 5.0, 5.0, 5.0, 5.0, 5.0, 5.0, 5.0, 5.0, 5.0, 5.0, 4.0, 4.0, 5.0, 5.0, 3.0, 4.0, 5.0, 5.0, 5.0, 5.0, 4.0, 0.0, 4.0, 5.0, 4.0, 5.0, 5.0, 5.0, 4.0, 5.0, 5.0, 5.0, 4.0, 5.0, 5.0, 4.0, 4.0, 4.0, 4.0, 5.0, 5.0, 5.0, 5.0, 5.0, 5.0, 5.0, 4.0, 5.0, 5.0, 5.0, 5.0, 4.0, 4.0, 4.0, 4.0, 5.0, 5.0, 5.0, 5.0, 5.0, 4.0, 4.0, 4.0, 3.0, 5.0, 5.0, 5.0, 5.0, 5.0, 5.0, 5.0, 5.0, 5.0, 5.0, 5.0, 5.0, 5.0, 5.0, 4.0, 4.0, 5.0, 4.0, 5.0, 4.0, 5.0, 5.0, 5.0, 5.0, 5.0, 5.0, 0.0, 5.0, 5.0, 4.0, 5.0, 5.0, 5.0, 5.0, 5.0, 4.0, 4.0, 4.0, 4.0, 5.0, 5.0, 5.0, 5.0, 5.0, 5.0, 5.0, 5.0, 5.0, 5.0, 5.0, 4.0, 4.0, 4.0, 5.0, 5.0, 5.0, 4.0, 5.0, 4.0, 5.0, 4.0, 4.0, 4.0, 4.0, 4.0, 4.0, 5.0, 4.0, 5.0, 4.0, 5.0, 3.0, 3.0, 4.0, 4.0, 4.0, 4.0, 5.0, 5.0, 0.0, 4.0, 0.0, 4.0, 5.0, 5.0, 4.0, 4.0, 4.0, 4.0, 5.0, 5.0, 4.0, 5.0, 5.0, 4.0, 4.0, 4.0, 5.0, 4.0, 4.0, 4.0, 4.0, 5.0, 5.0, 5.0, 5.0, 4.0, 5.0, 5.0, 5.0, 5.0, 4.0, 4.0, 4.0, 5.0, 5.0, 5.0, 5.0, 5.0, 4.0, 5.0, 5.0, 5.0, 5.0, 5.0, 5.0, 5.0, 5.0, 5.0, 5.0, 4.0, 4.0, 5.0, 5.0, 4.0, 5.0, 4.0, 5.0, 5.0, 4.0, 4.0, 5.0, 5.0, 4.0, 3.0, 4.0, 4.0, 5.0, 5.0, 4.0, 5.0, 5.0, 4.0, 5.0, 4.0, 5.0, 4.0, 5.0, 5.0, 3.0, 3.0, 4.0, 4.0, 4.0, 4.0, 4.0, 4.0, 4.0, 4.0, 5.0, 5.0, 5.0, 5.0, 5.0, 5.0, 5.0, 5.0, 4.0, 4.0, 4.0, 5.0, 5.0, 5.0, 4.0, 5.0, 5.0, 4.0, 4.0, 5.0, 4.0, 5.0, 5.0, 5.0, 5.0, 4.0, 5.0, 4.0, 5.0, 5.0, 4.0, 4.0, 4.0, 4.0, 4.0, 4.0, 5.0, 5.0, 5.0, 5.0, 4.0, 4.0, 5.0, 5.0, 5.0, 5.0, 4.0, 5.0, 5.0, 5.0, 4.0, 5.0, 5.0, 4.0, 5.0, 5.0, 5.0, 5.0, 5.0, 5.0, 5.0, 5.0, 5.0, 5.0, 4.0, 4.0, 5.0, 5.0, 5.0, 5.0, 5.0, 3.0, 5.0, 5.0, 5.0, 4.0, 4.0, 4.0, 4.0, 5.0, 4.0, 5.0, 4.0, 5.0, 4.0, 5.0, 5.0, 5.0, 4.0, 5.0, 4.0, 4.0, 5.0, 5.0, 5.0, 5.0, 4.0, 4.0, 4.0, 5.0, 5.0, 5.0, 5.0, 4.0, 5.0, 5.0, 5.0, 5.0, 4.0, 5.0, 5.0, 0.0, 5.0, 4.0, 5.0, 5.0, 5.0, 4.0, 5.0, 5.0, 5.0, 5.0, 5.0, 5.0, 5.0, 5.0, 5.0, 4.0, 4.0, 5.0, 5.0, 5.0, 4.0, 4.0, 4.0, 5.0, 4.0, 5.0, 5.0, 4.0, 5.0, 5.0, 5.0, 5.0, 4.0, 5.0, 5.0, 5.0, 5.0, 5.0, 5.0, 5.0, 5.0, 4.0, 5.0, 5.0, 4.0, 5.0, 5.0, 5.0, 5.0, 5.0, 5.0, 5.0, 4.0, 4.0, 3.0, 5.0, 5.0, 4.0, 5.0, 4.0, 5.0, 5.0, 5.0, 5.0, 5.0, 4.0, 4.0, 4.0, 5.0, 5.0, 4.0, 5.0, 5.0, 5.0, 5.0, 4.0, 5.0, 3.0, 4.0, 4.0, 5.0, 5.0, 5.0, 3.0, 5.0, 5.0, 5.0, 4.0, 5.0, 4.0, 5.0, 5.0, 5.0, 4.0, 5.0, 5.0, 4.0, 4.0, 5.0, 5.0, 5.0, 4.0, 5.0, 4.0, 4.0, 5.0, 5.0, 5.0, 5.0, 4.0, 4.0, 5.0, 5.0, 5.0, 4.0, 5.0, 4.0, 4.0, 0.0, 5.0, 5.0, 4.0, 5.0, 0.0, 5.0, 5.0, 4.0, 5.0, 4.0, 5.0, 5.0, 5.0, 5.0, 0.0, 0.0, 5.0, 4.0, 5.0, 4.0, 0.0, 4.0, 5.0, 5.0, 5.0, 3.0, 5.0, 5.0, 5.0, 5.0, 0.0, 4.0, 0.0, 5.0, 5.0, 5.0, 3.0, 5.0, 5.0, 5.0, 5.0, 5.0, 5.0, 5.0, 5.0, 5.0, 5.0, 5.0, 3.0, 5.0, 3.0, 4.0, 4.0, 5.0, 5.0, 5.0, 4.0, 5.0, 5.0, 4.0, 5.0, 5.0, 5.0, 5.0, 5.0, 5.0, 5.0, 4.0, 5.0, 5.0, 5.0, 4.0, 4.0, 5.0, 5.0, 5.0, 5.0, 3.0, 5.0, 5.0, 4.0, 4.0, 5.0, 4.0, 5.0, 4.0, 4.0, 5.0, 5.0, 4.0, 5.0, 5.0, 4.0, 5.0, 5.0, 5.0, 4.0, 5.0, 5.0, 5.0, 5.0, 5.0, 5.0, 5.0, 5.0, 4.0, 5.0, 5.0, 4.0, 5.0, 3.0, 4.0, 5.0, 4.0, 5.0, 5.0, 4.0, 4.0, 5.0, 5.0, 3.0, 5.0, 5.0, 4.0, 5.0, 4.0, 4.0, 5.0, 5.0, 5.0, 5.0, 5.0, 5.0, 4.0, 4.0, 4.0, 3.0, 4.0, 5.0, 5.0, 5.0, 4.0, 4.0, 0.0, 4.0, 4.0, 5.0, 5.0, 4.0, 5.0, 4.0, 4.0, 4.0, 5.0, 5.0, 4.0, 4.0, 5.0, 5.0, 5.0, 4.0, 4.0, 5.0, 5.0, 5.0, 5.0, 5.0, 3.0, 4.0, 5.0, 0.0, 5.0, 5.0, 4.0, 5.0, 3.0, 5.0, 4.0, 5.0, 5.0, 0.0, 4.0, 5.0, 5.0, 3.0, 4.0, 4.0, 5.0, 5.0, 5.0, 4.0, 5.0, 5.0, 5.0, 5.0, 5.0, 5.0, 5.0, 5.0, 5.0, 5.0, 4.0, 5.0, 5.0, 5.0, 5.0, 5.0, 4.0, 5.0, 5.0, 5.0, 5.0, 4.0, 5.0, 3.0, 4.0, 4.0, 4.0, 5.0, 4.0, 4.0, 4.0, 5.0, 0.0, 3.0, 4.0, 0.0, 5.0, 5.0, 5.0, 4.0, 4.0, 5.0, 3.0, 5.0, 5.0, 5.0, 5.0, 5.0, 5.0, 5.0, 5.0, 5.0, 5.0, 5.0, 5.0, 4.0, 5.0, 5.0]",888
24098,"[3, 0, 0, 0, 4, 0, 0, 0, 0, 4, 0, 1, 0, 0, 1, 0, 1, 0, 0, 0, 1, 0, 0, 0, 0, 0, 0, 0, 1, 0, 0, 0, 0, 2, 0, 0, 0, 0, 0, 0, 0, 0, 0, 1, 0, 0, 1, 0, 0, 0, 0, 0, 0, 1, 0, 1, 0, 0]","[86980, 70640, 99682, 91382, 134538, 76351]",6,"[0.0, 5.0, 0.0, 4.0, 5.0, 5.0]",6
13042,"[2, 0, 0, 1, 1, 0, 0, 1, 0, 2, 2, 0, 0, 0, 0, 0, 1, 0, 0, 0, 0, 0, 0, 0, 0, 0, 0, 1, 0, 1, 0, 0, 0, 2, 0, 0, 1, 2, 1, 0, 0, 1, 0, 2, 1, 0, 0, 0, 0, 0, 0, 0, 0, 1, 0, 0, 0, 1]","[112098, 174459, 115626, 11434, 134610, 97975, 26254]",7,"[5.0, 5.0, 5.0, 5.0, 3.0, 0.0, 3.0]",7
9395,"[6, 0, 0, 2, 2, 0, 0, 1, 0, 5, 0, 0, 0, 0, 0, 0, 1, 0, 0, 0, 1, 0, 0, 0, 1, 0, 0, 0, 2, 1, 0, 0, 0, 1, 0, 0, 1, 1, 1, 0, 0, 1, 1, 1, 0, 0, 0, 0, 0, 0, 0, 0, 0, 0, 0, 1, 0, 0]","[97738, 7359, 156352, 167955, 15976, 15995, 106706, 95442, 147675, 6190, 36359]",11,"[5.0, 5.0, 5.0, 5.0, 5.0, 5.0, 5.0, 5.0, 5.0, 5.0, 5.0]",11
21826,"[4, 1, 0, 1, 2, 0, 0, 1, 0, 2, 2, 1, 0, 0, 0, 0, 1, 0, 0, 1, 0, 0, 0, 1, 0, 0, 1, 1, 2, 0, 0, 0, 0, 4, 0, 0, 1, 0, 0, 0, 0, 1, 0, 0, 0, 0, 1, 0, 0, 0, 0, 0, 0, 1, 0, 0, 1, 0]","[37359, 43748, 151243, 169878, 165199, 62889, 62022, 164664]",8,"[5.0, 3.0, 5.0, 5.0, 5.0, 5.0, 5.0, 4.0]",8
12556,"[10, 0, 0, 5, 4, 1, 0, 1, 0, 5, 1, 3, 0, 0, 0, 0, 2, 0, 0, 1, 1, 2, 0, 0, 0, 0, 2, 1, 6, 1, 0, 0, 0, 4, 0, 0, 2, 0, 3, 0, 0, 1, 2, 5, 0, 0, 2, 0, 0, 0, 0, 0, 0, 0, 0, 0, 4, 2]","[134934, 10548, 45418, 60327, 72253, 112249, 97415, 11087, 28875, 96908, 87418, 30244, 163963, 147412, 163671, 153742, 91259, 121716, 72803, 36854, 126120, 10949, 161821]",23,"[5.0, 5.0, 5.0, 5.0, 4.0, 5.0, 5.0, 4.0, 3.0, 5.0, 5.0, 5.0, 3.0, 4.0, 4.0, 5.0, 5.0, 4.0, 5.0, 2.0, 4.0, 4.0, 5.0]",23
3559,"[97, 2, 1, 32, 85, 1, 0, 9, 1, 93, 10, 11, 0, 0, 2, 0, 52, 0, 0, 9, 22, 10, 1, 8, 3, 0, 3, 16, 36, 13, 0, 1, 0, 74, 3, 12, 28, 9, 37, 0, 1, 12, 68, 48, 2, 0, 22, 7, 0, 8, 4, 3, 0, 16, 8, 25, 2, 20]","[99034, 47335, 34121, 84156, 108587, 136931, 58719, 119827, 54832, 157740, 66643, 92697, 80242, 124008, 165343, 84337, 90071, 111397, 58701, 145480, 147772, 134266, 149084, 107671, 66597, 66315, 26187, 44040, 55523, 27664, 147227, 130268, 40601, 58338, 124918, 142500, 26208, 136212, 141468, 49170, 52779, 94512, 150794, 148161, 148827, 128087, 156978, 113248, 177101, 66172, 94006, 61404, 86624, 164357, 76557, 119437, 28552, 177796, 130282, 103458, 29746, 95731, 89768, 123339, 91793, 174245, 45376, 18338, 71589, 9544, 132522, 16189, 36606, 94210, 173778, 125535, 15254, 130701, 134381, 112963, 36742, 109001, 110853, 97257, 174379, 12005, 118070, 146922, 104729, 119090, 156643, 79079, 162205, 114518, 135961, 6682, 136688, 106202, 158829, 126189, 49659, 52698, 9457, 141991, 73879, 166053, 112069, 142281, 10283, 37047, 147851, 105589, 166805, 166212, 54399, 52195, 157640, 160947, 56176, 126370, 139597, 173084, 46289, 167609, 80557, 123250, 11146, 42664, 32297, 157866, 28832, 145863, 27990, 102216, 74788, 96531, 1460, 55802, 97407, 91768, 146167, 117533, 103571, 3797, 145516, 131271, 162760, 87274, 59995, 32977, 10076, 33670, 38924, 116877, 35472, 80020, 102121, 123622, 163051, 117813, 118496, 54421, 69424, 161412, 153693, 30243, 166624, 136208, 134224, 47930, 113420, 160154, 145641, 107292, 29788, 80813, 79684, 130002, 157481, 104700, 9813, 169885, 153115, 164596, 37208, 160308, 107569, 148451, 101166, 152157, 28462, 19266, 15142, 117477, 141398, 113698, 56538, 94129, 173174, 141047, 137077, 153052, 162121, 1476, 55520, 41972, 49378, 8528, 38511, 122758, 171842, 80893, 105678, 163167, 13616, 12329, 85961, 17090, 83788, 160673, 96591, 115677, 110254, 1526, 17267, 157105, 25170, 36155, 107332, 138627, 134778, 77296, 66159, 40810, 138635, 156052, 143511, 1764, 98942, 60594, 44681, 10746, 70825, 74401, 2949, 68675, 79932, 146624, 138985, 87668, 76733, 132399, 172659, 136566, 49039, 13095, 59949, 20764, 131336, 139957, 113695, 130915, 2088, 2300, 108259, 1690, 21266, 170879, 66600, 52387, 92436, 111487, 64260, 44315, 112238, 2958, 22399, 39832, 166814, 71592, 2564, 12178, 147977, 95535, 98984, 21739, 81990, 119613, 96259, 122046, 96335]",291,"[4.0, 4.0, 5.0, 3.0, 4.0, 5.0, 5.0, 3.0, 5.0, 5.0, 5.0, 5.0, 3.0, 2.0, 4.0, 5.0, 4.0, 4.0, 5.0, 5.0, 4.0, 4.0, 5.0, 5.0, 4.0, 4.0, 4.0, 5.0, 3.0, 4.0, 5.0, 4.0, 5.0, 5.0, 0.0, 3.0, 4.0, 4.0, 3.0, 0.0, 4.0, 5.0, 0.0, 5.0, 4.0, 4.0, 5.0, 5.0, 4.0, 5.0, 0.0, 5.0, 4.0, 5.0, 4.0, 4.0, 4.0, 4.0, 4.0, 5.0, 5.0, 4.0, 5.0, 5.0, 4.0, 4.0, 4.0, 1.0, 5.0, 0.0, 3.0, 0.0, 3.0, 0.0, 5.0, 2.0, 3.0, 4.0, 3.0, 4.0, 4.0, 4.0, 4.0, 3.0, 4.0, 5.0, 5.0, 3.0, 4.0, 4.0, 4.0, 4.0, 4.0, 5.0, 5.0, 5.0, 4.0, 5.0, 3.0, 4.0, 4.0, 4.0, 4.0, 5.0, 4.0, 4.0, 0.0, 4.0, 5.0, 3.0, 5.0, 5.0, 5.0, 4.0, 5.0, 4.0, 4.0, 0.0, 3.0, 5.0, 5.0, 4.0, 5.0, 4.0, 5.0, 4.0, 3.0, 4.0, 4.0, 4.0, 5.0, 0.0, 5.0, 5.0, 4.0, 4.0, 4.0, 4.0, 4.0, 4.0, 5.0, 4.0, 4.0, 5.0, 4.0, 5.0, 5.0, 4.0, 4.0, 4.0, 4.0, 3.0, 3.0, 4.0, 4.0, 3.0, 5.0, 4.0, 5.0, 4.0, 4.0, 4.0, 4.0, 0.0, 5.0, 5.0, 5.0, 5.0, 5.0, 4.0, 5.0, 4.0, 5.0, 3.0, 4.0, 4.0, 4.0, 5.0, 3.0, 0.0, 3.0, 5.0, 4.0, 5.0, 4.0, 4.0, 5.0, 4.0, 4.0, 4.0, 5.0, 5.0, 5.0, 4.0, 4.0, 5.0, 4.0, 3.0, 4.0, 5.0, 5.0, 5.0, 4.0, 5.0, 5.0, 4.0, 4.0, 4.0, 4.0, 0.0, 4.0, 0.0, 5.0, 4.0, 3.0, 5.0, 4.0, 0.0, 4.0, 4.0, 5.0, 5.0, 5.0, 5.0, 5.0, 5.0, 4.0, 4.0, 0.0, 4.0, 0.0, 4.0, 5.0, 4.0, 4.0, 5.0, 4.0, 5.0, 5.0, 0.0, 3.0, 4.0, 4.0, 5.0, 4.0, 5.0, 4.0, 4.0, 4.0, 5.0, 4.0, 5.0, 4.0, 5.0, 0.0, 4.0, 5.0, 0.0, 4.0, 4.0, 4.0, 5.0, 4.0, 4.0, 5.0, 4.0, 5.0, 5.0, 4.0, 5.0, 5.0, 5.0, 5.0, 5.0, 4.0, 5.0, 4.0, 5.0, 5.0, 5.0, 4.0, 4.0, 5.0, 5.0, 3.0, 5.0, 5.0, 5.0, 5.0, 5.0, 5.0]",291
7552,"[12, 0, 0, 5, 3, 0, 0, 0, 0, 8, 0, 1, 0, 0, 0, 0, 0, 0, 0, 0, 1, 1, 0, 1, 0, 0, 0, 2, 5, 0, 0, 0, 0, 3, 0, 1, 3, 1, 1, 0, 0, 0, 3, 0, 0, 0, 2, 0, 0, 1, 0, 0, 0, 2, 0, 2, 1, 4]","[36189, 115225, 9779, 141807, 37047, 71325, 90536, 105732, 32977, 145305, 144859, 106144, 45833, 4366, 50636, 117468, 153514]",17,"[5.0, 5.0, 5.0, 5.0, 5.0, 5.0, 5.0, 4.0, 4.0, 5.0, 5.0, 5.0, 5.0, 5.0, 5.0, 5.0, 5.0]",17
3867,"[4, 0, 0, 2, 1, 0, 0, 0, 0, 3, 0, 0, 0, 0, 0, 0, 0, 0, 0, 0, 0, 1, 0, 0, 0, 0, 0, 1, 1, 0, 0, 0, 0, 3, 0, 0, 0, 0, 0, 0, 0, 0, 1, 1, 0, 0, 0, 0, 0, 0, 0, 0, 0, 0, 1, 2, 1, 1]","[120217, 11762, 1667, 38511, 134551, 33864, 56425]",7,"[5.0, 5.0, 5.0, 0.0, 1.0, 5.0, 5.0]",7
13451,"[1, 0, 0, 1, 0, 0, 0, 0, 0, 1, 1, 0, 0, 0, 0, 0, 0, 0, 0, 0, 0, 0, 0, 1, 0, 0, 1, 0, 1, 0, 0, 0, 0, 2, 0, 0, 0, 0, 0, 0, 0, 0, 1, 1, 0, 0, 2, 0, 0, 0, 0, 0, 0, 2, 1, 1, 0, 1]","[13476, 11324, 54293, 138627, 125646, 117899]",6,"[3.0, 2.0, 5.0, 3.0, 5.0, 5.0]",6
13091,"[6, 0, 0, 5, 8, 0, 0, 0, 0, 3, 1, 1, 0, 1, 3, 0, 7, 0, 0, 0, 2, 0, 0, 1, 0, 0, 1, 1, 0, 1, 0, 0, 0, 6, 0, 2, 4, 0, 0, 0, 0, 0, 3, 1, 0, 0, 5, 0, 0, 0, 0, 0, 0, 3, 1, 4, 1, 1]","[18317, 144949, 131037, 71929, 11478, 74786, 79927, 164357, 15424, 40993, 70336, 49528, 121111, 19267, 85472, 126476, 126810, 122061, 129928, 165154, 111632, 81520, 166286, 108573, 46263, 113685]",26,"[0.0, 5.0, 5.0, 5.0, 5.0, 5.0, 5.0, 5.0, 5.0, 5.0, 5.0, 5.0, 5.0, 5.0, 5.0, 5.0, 5.0, 4.0, 5.0, 5.0, 5.0, 5.0, 5.0, 5.0, 4.0, 5.0]",26
2532,"[9, 0, 0, 2, 0, 0, 0, 1, 0, 7, 1, 1, 0, 0, 0, 0, 3, 0, 0, 1, 0, 0, 0, 0, 0, 0, 0, 0, 1, 2, 0, 0, 0, 6, 0, 0, 1, 2, 0, 0, 0, 0, 2, 1, 0, 0, 3, 0, 0, 0, 0, 0, 0, 0, 0, 0, 0, 2]","[127852, 53023, 68223, 132786, 144348, 29916, 19676, 104946, 103574, 99787, 976, 1022, 98137, 130454, 11325]",15,"[5.0, 4.0, 5.0, 5.0, 4.0, 4.0, 5.0, 5.0, 5.0, 5.0, 5.0, 4.0, 4.0, 0.0, 5.0]",15
7727,"[2, 0, 0, 2, 2, 0, 0, 0, 0, 1, 0, 0, 0, 0, 0, 0, 1, 0, 0, 0, 0, 0, 0, 1, 0, 0, 0, 0, 0, 0, 0, 0, 0, 2, 0, 0, 1, 0, 1, 0, 0, 0, 0, 0, 1, 0, 0, 0, 0, 0, 0, 0, 0, 1, 0, 0, 1, 2]","[71925, 4526, 91535, 53350, 30638, 19248]",6,"[5.0, 2.0, 5.0, 5.0, 0.0, 5.0]",6
20006,"[2, 0, 0, 0, 1, 0, 0, 0, 0, 1, 0, 0, 0, 0, 1, 0, 1, 0, 0, 0, 0, 1, 0, 1, 0, 0, 0, 0, 2, 0, 0, 0, 0, 1, 0, 0, 0, 1, 2, 0, 0, 0, 1, 1, 1, 0, 0, 0, 0, 0, 0, 0, 0, 0, 0, 1, 0, 0]","[45573, 47131, 139054, 153465, 32114, 76160]",6,"[5.0, 5.0, 5.0, 5.0, 5.0, 5.0]",6
5430,"[14, 0, 0, 3, 5, 0, 0, 0, 0, 9, 2, 2, 0, 0, 1, 0, 1, 0, 0, 2, 1, 0, 0, 1, 0, 0, 0, 2, 8, 3, 0, 0, 0, 12, 0, 0, 4, 1, 0, 0, 0, 2, 5, 3, 0, 0, 3, 0, 0, 1, 0, 1, 0, 2, 0, 3, 2, 2]","[52334, 90709, 171865, 131131, 99787, 117899, 156398, 31092, 121509, 134289, 4827, 63943, 147768, 173080, 57192, 43412, 14944, 2614, 147654, 83393, 155665, 47715, 45478, 56425, 113420, 46490, 42117, 127080, 88732, 101819, 5193, 109984]",32,"[5.0, 5.0, 5.0, 5.0, 3.0, 4.0, 4.0, 5.0, 5.0, 5.0, 5.0, 3.0, 4.0, 5.0, 0.0, 5.0, 4.0, 5.0, 5.0, 5.0, 5.0, 5.0, 5.0, 5.0, 4.0, 5.0, 5.0, 5.0, 5.0, 5.0, 5.0, 5.0]",32
